date,sku_id,channel,inventory_onhand,units_sold,lost_sales,arrivals_today,promo_flag,holiday_flag
2023-01-01,SKU_001,store,475,25,0,0,0,1
2023-01-02,SKU_001,store,455,20,0,0,0,0
2023-01-03,SKU_001,store,430,25,0,0,0,0
2023-01-04,SKU_001,store,408,22,0,0,0,0
2023-01-05,SKU_001,store,388,20,0,0,0,0
2023-01-06,SKU_001,store,343,45,0,0,0,0
2023-01-07,SKU_001,store,316,27,0,0,1,0
2023-01-08,SKU_001,store,298,18,0,0,0,0
2023-01-09,SKU_001,store,280,18,0,0,0,0
2023-01-10,SKU_001,store,243,37,0,0,0,0
2023-01-11,SKU_001,store,216,27,0,0,1,0
2023-01-12,SKU_001,store,172,44,0,0,0,0
2023-01-13,SKU_001,store,141,31,0,0,0,0
2023-01-14,SKU_001,store,106,35,0,0,0,0
2023-01-15,SKU_001,store,80,26,0,0,0,0
2023-01-16,SKU_001,store,40,40,0,0,0,0
2023-01-17,SKU_001,store,23,17,0,0,0,0
2023-01-18,SKU_001,store,0,23,19,0,0,0
2023-01-19,SKU_001,store,0,0,23,0,0,0
2023-01-20,SKU_001,store,0,0,35,0,0,0
2023-01-21,SKU_001,store,0,0,33,0,0,0
2023-01-22,SKU_001,store,0,0,39,0,0,0
2023-01-23,SKU_001,store,0,0,21,0,0,0
2023-01-24,SKU_001,store,0,0,46,0,0,0
2023-01-25,SKU_001,store,0,0,45,0,0,0
2023-01-26,SKU_001,store,0,0,23,0,0,0
2023-01-27,SKU_001,store,0,0,31,0,0,0
2023-01-28,SKU_001,store,0,0,27,0,0,0
2023-01-29,SKU_001,store,0,0,29,0,0,0
2023-01-30,SKU_001,store,0,0,16,0,1,0
2023-01-31,SKU_001,store,0,0,11,0,0,0
2023-02-01,SKU_001,store,0,0,36,0,0,0
2023-02-02,SKU_001,store,0,0,18,0,1,0
2023-02-03,SKU_001,store,0,0,30,0,0,0
2023-02-04,SKU_001,store,0,0,30,0,0,0
2023-02-05,SKU_001,store,0,0,38,0,0,0
2023-02-06,SKU_001,store,101,0,31,101,0,0
2023-02-07,SKU_001,store,74,27,0,0,1,0
2023-02-08,SKU_001,store,33,41,0,0,0,0
2023-02-09,SKU_001,store,8,25,0,0,0,0
2023-02-10,SKU_001,store,0,8,14,0,0,0
2023-02-11,SKU_001,store,0,0,29,0,0,0
2023-02-12,SKU_001,store,0,0,11,0,1,0
2023-02-13,SKU_001,store,0,0,28,0,0,0
2023-02-14,SKU_001,store,0,0,32,0,0,0
2023-02-15,SKU_001,store,0,0,24,0,0,0
2023-02-16,SKU_001,store,0,0,29,0,0,0
2023-02-17,SKU_001,store,0,0,16,0,0,0
2023-02-18,SKU_001,store,0,0,34,0,0,0
2023-02-19,SKU_001,store,0,0,12,0,0,0
2023-02-20,SKU_001,store,274,0,13,274,0,0
2023-02-21,SKU_001,store,261,13,0,0,0,0
2023-02-22,SKU_001,store,235,26,0,0,0,0
2023-02-23,SKU_001,store,221,14,0,0,0,0
2023-02-24,SKU_001,store,180,41,0,0,0,0
2023-02-25,SKU_001,store,151,29,0,0,0,0
2023-02-26,SKU_001,store,113,38,0,0,1,0
2023-02-27,SKU_001,store,86,27,0,0,0,0
2023-02-28,SKU_001,store,46,40,0,0,1,0
2023-03-01,SKU_001,store,14,32,0,0,0,0
2023-03-02,SKU_001,store,0,14,12,0,0,0
2023-03-03,SKU_001,store,0,0,25,0,0,0
2023-03-04,SKU_001,store,0,0,14,0,0,0
2023-03-05,SKU_001,store,0,0,31,0,0,0
2023-03-06,SKU_001,store,0,0,20,0,0,0
2023-03-07,SKU_001,store,0,0,38,0,0,0
2023-03-08,SKU_001,store,0,0,33,0,0,0
2023-03-09,SKU_001,store,0,0,20,0,0,0
2023-03-10,SKU_001,store,0,0,15,0,1,0
2023-03-11,SKU_001,store,0,0,39,0,0,0
2023-03-12,SKU_001,store,0,0,14,0,0,0
2023-03-13,SKU_001,store,0,0,11,0,0,0
2023-03-14,SKU_001,store,0,0,35,0,1,0
2023-03-15,SKU_001,store,0,0,21,0,0,0
2023-03-16,SKU_001,store,0,0,42,0,0,0
2023-03-17,SKU_001,store,0,0,24,0,0,0
2023-03-18,SKU_001,store,0,0,27,0,0,0
2023-03-19,SKU_001,store,0,0,15,0,1,0
2023-03-20,SKU_001,store,0,0,21,0,0,0
2023-03-21,SKU_001,store,0,0,32,0,0,0
2023-03-22,SKU_001,store,127,0,29,127,0,0
2023-03-23,SKU_001,store,92,35,0,0,0,0
2023-03-24,SKU_001,store,69,23,0,0,0,0
2023-03-25,SKU_001,store,29,40,0,0,1,0
2023-03-26,SKU_001,store,4,25,0,0,0,0
2023-03-27,SKU_001,store,0,4,5,0,0,0
2023-03-28,SKU_001,store,170,0,25,170,0,0
2023-03-29,SKU_001,store,154,16,0,0,0,0
2023-03-30,SKU_001,store,114,40,0,0,0,0
2023-03-31,SKU_001,store,100,14,0,0,0,0
2023-04-01,SKU_001,store,85,15,0,0,0,0
2023-04-02,SKU_001,store,48,37,0,0,0,0
2023-04-03,SKU_001,store,0,48,3,0,0,0
2023-04-04,SKU_001,store,0,0,37,0,0,0
2023-04-05,SKU_001,store,0,0,24,0,0,0
2023-04-06,SKU_001,store,0,0,16,0,0,0
2023-04-07,SKU_001,store,0,0,22,0,0,0
2023-04-08,SKU_001,store,0,0,40,0,0,0
2023-04-09,SKU_001,store,200,0,20,200,1,0
2023-04-10,SKU_001,store,166,34,0,0,0,0
2023-04-11,SKU_001,store,146,20,0,0,1,0
2023-04-12,SKU_001,store,113,33,0,0,0,0
2023-04-13,SKU_001,store,79,34,0,0,0,0
2023-04-14,SKU_001,store,42,37,0,0,0,0
2023-04-15,SKU_001,store,0,42,0,0,0,0
2023-04-16,SKU_001,store,0,0,24,0,0,0
2023-04-17,SKU_001,store,0,0,24,0,0,0
2023-04-18,SKU_001,store,0,0,16,0,0,0
2023-04-19,SKU_001,store,0,0,53,0,0,0
2023-04-20,SKU_001,store,0,0,28,0,1,0
2023-04-21,SKU_001,store,0,0,42,0,0,0
2023-04-22,SKU_001,store,0,0,30,0,0,0
2023-04-23,SKU_001,store,0,0,39,0,0,0
2023-04-24,SKU_001,store,0,0,36,0,0,0
2023-04-25,SKU_001,store,168,0,28,168,0,0
2023-04-26,SKU_001,store,136,32,0,0,0,0
2023-04-27,SKU_001,store,102,34,0,0,0,0
2023-04-28,SKU_001,store,62,40,0,0,0,0
2023-04-29,SKU_001,store,39,23,0,0,0,0
2023-04-30,SKU_001,store,20,19,0,0,0,0
2023-05-01,SKU_001,store,0,20,6,0,0,0
2023-05-02,SKU_001,store,0,0,11,0,0,0
2023-05-03,SKU_001,store,0,0,39,0,0,0
2023-05-04,SKU_001,store,0,0,19,0,0,0
2023-05-05,SKU_001,store,0,0,13,0,0,0
2023-05-06,SKU_001,store,0,0,30,0,0,0
2023-05-07,SKU_001,store,0,0,21,0,0,0
2023-05-08,SKU_001,store,0,0,32,0,0,0
2023-05-09,SKU_001,store,0,0,16,0,1,0
2023-05-10,SKU_001,store,0,0,25,0,0,0
2023-05-11,SKU_001,store,0,0,22,0,0,0
2023-05-12,SKU_001,store,0,0,19,0,0,0
2023-05-13,SKU_001,store,0,0,33,0,0,0
2023-05-14,SKU_001,store,0,0,17,0,0,0
2023-05-15,SKU_001,store,0,0,25,0,0,0
2023-05-16,SKU_001,store,0,0,47,0,0,0
2023-05-17,SKU_001,store,0,0,18,0,0,0
2023-05-18,SKU_001,store,0,0,29,0,0,0
2023-05-19,SKU_001,store,0,0,16,0,0,0
2023-05-20,SKU_001,store,0,0,24,0,0,0
2023-05-21,SKU_001,store,0,0,27,0,0,0
2023-05-22,SKU_001,store,0,0,17,0,0,0
2023-05-23,SKU_001,store,0,0,27,0,0,0
2023-05-24,SKU_001,store,0,0,15,0,0,0
2023-05-25,SKU_001,store,0,0,24,0,0,0
2023-05-26,SKU_001,store,0,0,18,0,1,0
2023-05-27,SKU_001,store,0,0,15,0,0,0
2023-05-28,SKU_001,store,0,0,28,0,0,0
2023-05-29,SKU_001,store,0,0,21,0,1,0
2023-05-30,SKU_001,store,0,0,20,0,0,0
2023-05-31,SKU_001,store,0,0,27,0,0,0
2023-06-01,SKU_001,store,0,0,23,0,0,0
2023-06-02,SKU_001,store,0,0,31,0,0,0
2023-06-03,SKU_001,store,0,0,24,0,0,0
2023-06-04,SKU_001,store,0,0,19,0,0,0
2023-06-05,SKU_001,store,0,0,42,0,0,0
2023-06-06,SKU_001,store,0,0,38,0,0,0
2023-06-07,SKU_001,store,0,0,30,0,0,0
2023-06-08,SKU_001,store,0,0,21,0,0,0
2023-06-09,SKU_001,store,0,0,22,0,0,0
2023-06-10,SKU_001,store,0,0,21,0,0,0
2023-06-11,SKU_001,store,0,0,34,0,0,0
2023-06-12,SKU_001,store,0,0,22,0,0,0
2023-06-13,SKU_001,store,0,0,22,0,0,0
2023-06-14,SKU_001,store,0,0,24,0,1,0
2023-06-15,SKU_001,store,0,0,24,0,0,0
2023-06-16,SKU_001,store,0,0,18,0,0,0
2023-06-17,SKU_001,store,0,0,16,0,0,0
2023-06-18,SKU_001,store,0,0,16,0,1,0
2023-06-19,SKU_001,store,0,0,21,0,0,0
2023-06-20,SKU_001,store,0,0,34,0,0,0
2023-06-21,SKU_001,store,0,0,35,0,1,0
2023-06-22,SKU_001,store,0,0,32,0,0,0
2023-06-23,SKU_001,store,0,0,22,0,0,0
2023-06-24,SKU_001,store,0,0,30,0,0,0
2023-06-25,SKU_001,store,0,0,31,0,0,0
2023-06-26,SKU_001,store,0,0,32,0,0,0
2023-06-27,SKU_001,store,0,0,26,0,0,0
2023-06-28,SKU_001,store,0,0,15,0,0,0
2023-06-29,SKU_001,store,0,0,18,0,0,0
2023-06-30,SKU_001,store,0,0,13,0,0,0
2023-07-01,SKU_001,store,0,0,30,0,0,0
2023-07-02,SKU_001,store,0,0,17,0,0,0
2023-07-03,SKU_001,store,0,0,13,0,0,0
2023-07-04,SKU_001,store,0,0,23,0,0,1
2023-07-05,SKU_001,store,0,0,34,0,0,0
2023-07-06,SKU_001,store,0,0,17,0,0,0
2023-07-07,SKU_001,store,0,0,33,0,0,0
2023-07-08,SKU_001,store,0,0,22,0,0,0
2023-07-09,SKU_001,store,0,0,38,0,0,0
2023-07-10,SKU_001,store,0,0,33,0,1,0
2023-07-11,SKU_001,store,0,0,36,0,0,0
2023-07-12,SKU_001,store,0,0,32,0,0,0
2023-07-13,SKU_001,store,0,0,29,0,0,0
2023-07-14,SKU_001,store,0,0,18,0,0,0
2023-07-15,SKU_001,store,0,0,18,0,0,0
2023-07-16,SKU_001,store,0,0,33,0,0,0
2023-07-17,SKU_001,store,0,0,9,0,0,0
2023-07-18,SKU_001,store,0,0,22,0,0,0
2023-07-19,SKU_001,store,210,0,23,210,0,0
2023-07-20,SKU_001,store,170,40,0,0,0,0
2023-07-21,SKU_001,store,424,35,0,289,1,0
2023-07-22,SKU_001,store,402,22,0,0,0,0
2023-07-23,SKU_001,store,373,29,0,0,0,0
2023-07-24,SKU_001,store,360,13,0,0,0,0
2023-07-25,SKU_001,store,339,21,0,0,1,0
2023-07-26,SKU_001,store,470,30,0,161,0,0
2023-07-27,SKU_001,store,433,37,0,0,0,0
2023-07-28,SKU_001,store,415,18,0,0,1,0
2023-07-29,SKU_001,store,382,33,0,0,0,0
2023-07-30,SKU_001,store,357,25,0,0,0,0
2023-07-31,SKU_001,store,489,39,0,171,0,0
2023-08-01,SKU_001,store,446,43,0,0,0,0
2023-08-02,SKU_001,store,414,32,0,0,0,0
2023-08-03,SKU_001,store,396,18,0,0,0,0
2023-08-04,SKU_001,store,375,21,0,0,0,0
2023-08-05,SKU_001,store,343,32,0,0,0,0
2023-08-06,SKU_001,store,314,29,0,0,0,0
2023-08-07,SKU_001,store,295,19,0,0,0,0
2023-08-08,SKU_001,store,282,13,0,0,0,0
2023-08-09,SKU_001,store,257,25,0,0,0,0
2023-08-10,SKU_001,store,234,23,0,0,0,0
2023-08-11,SKU_001,store,207,27,0,0,1,0
2023-08-12,SKU_001,store,179,28,0,0,0,0
2023-08-13,SKU_001,store,453,23,0,297,0,0
2023-08-14,SKU_001,store,435,18,0,0,0,0
2023-08-15,SKU_001,store,394,41,0,0,0,0
2023-08-16,SKU_001,store,376,18,0,0,0,0
2023-08-17,SKU_001,store,347,29,0,0,0,0
2023-08-18,SKU_001,store,321,26,0,0,0,0
2023-08-19,SKU_001,store,286,35,0,0,0,0
2023-08-20,SKU_001,store,254,32,0,0,0,0
2023-08-21,SKU_001,store,229,25,0,0,0,0
2023-08-22,SKU_001,store,196,33,0,0,0,0
2023-08-23,SKU_001,store,169,27,0,0,0,0
2023-08-24,SKU_001,store,145,24,0,0,0,0
2023-08-25,SKU_001,store,105,40,0,0,0,0
2023-08-26,SKU_001,store,85,20,0,0,1,0
2023-08-27,SKU_001,store,54,31,0,0,0,0
2023-08-28,SKU_001,store,25,29,0,0,0,0
2023-08-29,SKU_001,store,6,19,0,0,0,0
2023-08-30,SKU_001,store,0,6,23,0,0,0
2023-08-31,SKU_001,store,0,0,32,0,0,0
2023-09-01,SKU_001,store,0,0,36,0,0,0
2023-09-02,SKU_001,store,0,0,21,0,1,0
2023-09-03,SKU_001,store,0,0,40,0,0,0
2023-09-04,SKU_001,store,0,0,24,0,0,0
2023-09-05,SKU_001,store,0,0,13,0,0,0
2023-09-06,SKU_001,store,0,0,36,0,0,0
2023-09-07,SKU_001,store,0,0,16,0,0,0
2023-09-08,SKU_001,store,0,0,20,0,0,0
2023-09-09,SKU_001,store,0,0,26,0,0,0
2023-09-10,SKU_001,store,0,0,28,0,0,0
2023-09-11,SKU_001,store,0,0,25,0,0,0
2023-09-12,SKU_001,store,0,0,33,0,0,0
2023-09-13,SKU_001,store,0,0,16,0,0,0
2023-09-14,SKU_001,store,0,0,28,0,0,0
2023-09-15,SKU_001,store,0,0,28,0,0,0
2023-09-16,SKU_001,store,0,0,15,0,0,0
2023-09-17,SKU_001,store,0,0,32,0,1,0
2023-09-18,SKU_001,store,0,0,19,0,0,0
2023-09-19,SKU_001,store,0,0,32,0,0,0
2023-09-20,SKU_001,store,0,0,30,0,0,0
2023-09-21,SKU_001,store,0,0,29,0,0,0
2023-09-22,SKU_001,store,0,0,22,0,0,0
2023-09-23,SKU_001,store,0,0,31,0,0,0
2023-09-24,SKU_001,store,0,0,31,0,0,0
2023-09-25,SKU_001,store,0,0,44,0,0,0
2023-09-26,SKU_001,store,0,0,22,0,0,0
2023-09-27,SKU_001,store,0,0,32,0,0,0
2023-09-28,SKU_001,store,0,0,23,0,0,0
2023-09-29,SKU_001,store,0,0,7,0,0,0
2023-09-30,SKU_001,store,0,0,38,0,0,0
2023-10-01,SKU_001,store,0,0,27,0,0,0
2023-10-02,SKU_001,store,0,0,27,0,0,0
2023-10-03,SKU_001,store,0,0,32,0,0,0
2023-10-04,SKU_001,store,193,0,25,193,0,0
2023-10-05,SKU_001,store,156,37,0,0,0,0
2023-10-06,SKU_001,store,117,39,0,0,0,0
2023-10-07,SKU_001,store,84,33,0,0,0,0
2023-10-08,SKU_001,store,67,17,0,0,0,0
2023-10-09,SKU_001,store,40,27,0,0,0,0
2023-10-10,SKU_001,store,121,32,0,113,0,0
2023-10-11,SKU_001,store,86,35,0,0,1,0
2023-10-12,SKU_001,store,56,30,0,0,0,0
2023-10-13,SKU_001,store,34,22,0,0,1,0
2023-10-14,SKU_001,store,14,20,0,0,0,0
2023-10-15,SKU_001,store,0,14,18,0,0,0
2023-10-16,SKU_001,store,0,0,26,0,0,0
2023-10-17,SKU_001,store,0,0,36,0,0,0
2023-10-18,SKU_001,store,0,0,41,0,1,0
2023-10-19,SKU_001,store,0,0,44,0,1,0
2023-10-20,SKU_001,store,0,0,30,0,0,0
2023-10-21,SKU_001,store,0,0,10,0,0,0
2023-10-22,SKU_001,store,119,0,32,119,0,0
2023-10-23,SKU_001,store,227,41,0,149,0,0
2023-10-24,SKU_001,store,207,20,0,0,0,0
2023-10-25,SKU_001,store,193,14,0,0,0,0
2023-10-26,SKU_001,store,167,26,0,0,0,0
2023-10-27,SKU_001,store,151,16,0,0,1,0
2023-10-28,SKU_001,store,134,17,0,0,1,0
2023-10-29,SKU_001,store,104,30,0,0,0,0
2023-10-30,SKU_001,store,84,20,0,0,0,0
2023-10-31,SKU_001,store,357,20,0,293,0,0
2023-11-01,SKU_001,store,340,17,0,0,0,0
2023-11-02,SKU_001,store,325,15,0,0,0,0
2023-11-03,SKU_001,store,307,18,0,0,0,0
2023-11-04,SKU_001,store,275,32,0,0,0,0
2023-11-05,SKU_001,store,236,39,0,0,0,0
2023-11-06,SKU_001,store,214,22,0,0,0,0
2023-11-07,SKU_001,store,182,32,0,0,0,0
2023-11-08,SKU_001,store,170,12,0,0,1,0
2023-11-09,SKU_001,store,149,21,0,0,1,0
2023-11-10,SKU_001,store,134,15,0,0,0,0
2023-11-11,SKU_001,store,111,23,0,0,0,0
2023-11-12,SKU_001,store,75,36,0,0,0,0
2023-11-13,SKU_001,store,33,42,0,0,0,0
2023-11-14,SKU_001,store,3,30,0,0,0,0
2023-11-15,SKU_001,store,0,3,31,0,0,0
2023-11-16,SKU_001,store,0,0,38,0,0,0
2023-11-17,SKU_001,store,0,0,29,0,0,0
2023-11-18,SKU_001,store,0,0,23,0,0,0
2023-11-19,SKU_001,store,0,0,38,0,0,0
2023-11-20,SKU_001,store,0,0,36,0,0,0
2023-11-21,SKU_001,store,0,0,19,0,0,0
2023-11-22,SKU_001,store,0,0,31,0,0,0
2023-11-23,SKU_001,store,0,0,40,0,0,1
2023-11-24,SKU_001,store,0,0,13,0,0,0
2023-11-25,SKU_001,store,0,0,22,0,0,0
2023-11-26,SKU_001,store,0,0,27,0,0,0
2023-11-27,SKU_001,store,0,0,20,0,0,0
2023-11-28,SKU_001,store,0,0,13,0,0,0
2023-11-29,SKU_001,store,0,0,35,0,1,0
2023-11-30,SKU_001,store,0,0,35,0,0,0
2023-12-01,SKU_001,store,0,0,24,0,1,0
2023-12-02,SKU_001,store,0,0,20,0,1,0
2023-12-03,SKU_001,store,0,0,18,0,0,0
2023-12-04,SKU_001,store,0,0,21,0,0,0
2023-12-05,SKU_001,store,0,0,13,0,0,0
2023-12-06,SKU_001,store,285,0,28,285,1,0
2023-12-07,SKU_001,store,256,29,0,0,0,0
2023-12-08,SKU_001,store,210,46,0,0,0,0
2023-12-09,SKU_001,store,176,34,0,0,0,0
2023-12-10,SKU_001,store,150,26,0,0,0,0
2023-12-11,SKU_001,store,134,16,0,0,0,0
2023-12-12,SKU_001,store,104,30,0,0,0,0
2023-12-13,SKU_001,store,72,32,0,0,0,0
2023-12-14,SKU_001,store,32,40,0,0,1,0
2023-12-15,SKU_001,store,8,24,0,0,0,0
2023-12-16,SKU_001,store,0,8,29,0,0,0
2023-12-17,SKU_001,store,0,0,25,0,0,0
2023-12-18,SKU_001,store,0,0,33,0,0,0
2023-12-19,SKU_001,store,0,0,27,0,0,0
2023-12-20,SKU_001,store,0,0,34,0,0,0
2023-12-21,SKU_001,store,0,0,34,0,1,0
2023-12-22,SKU_001,store,0,0,25,0,0,0
2023-12-23,SKU_001,store,0,0,11,0,1,0
2023-12-24,SKU_001,store,0,0,23,0,0,0
2023-12-25,SKU_001,store,0,0,18,0,0,1
2023-12-26,SKU_001,store,0,0,19,0,0,0
2023-12-27,SKU_001,store,0,0,34,0,0,0
2023-12-28,SKU_001,store,0,0,27,0,0,0
2023-12-29,SKU_001,store,0,0,19,0,0,0
2023-12-30,SKU_001,store,0,0,18,0,0,0
2023-12-31,SKU_001,store,0,0,15,0,0,0
2024-01-01,SKU_001,store,0,0,52,0,0,1
2024-01-02,SKU_001,store,0,0,42,0,0,0
2024-01-03,SKU_001,store,0,0,15,0,0,0
2024-01-04,SKU_001,store,0,0,23,0,0,0
2024-01-05,SKU_001,store,0,0,30,0,1,0
2024-01-06,SKU_001,store,0,0,32,0,0,0
2024-01-07,SKU_001,store,0,0,21,0,1,0
2024-01-08,SKU_001,store,0,0,19,0,1,0
2024-01-09,SKU_001,store,0,0,25,0,0,0
2024-01-10,SKU_001,store,0,0,20,0,1,0
2024-01-11,SKU_001,store,0,0,14,0,0,0
2024-01-12,SKU_001,store,0,0,27,0,0,0
2024-01-13,SKU_001,store,209,0,38,209,1,0
2024-01-14,SKU_001,store,170,39,0,0,0,0
2024-01-15,SKU_001,store,150,20,0,0,0,0
2024-01-16,SKU_001,store,138,12,0,0,0,0
2024-01-17,SKU_001,store,114,24,0,0,0,0
2024-01-18,SKU_001,store,363,19,0,268,0,0
2024-01-19,SKU_001,store,320,43,0,0,0,0
2024-01-20,SKU_001,store,275,45,0,0,0,0
2024-01-21,SKU_001,store,262,13,0,0,0,0
2024-01-22,SKU_001,store,225,37,0,0,0,0
2024-01-23,SKU_001,store,199,26,0,0,0,0
2024-01-24,SKU_001,store,168,31,0,0,0,0
2024-01-25,SKU_001,store,133,35,0,0,0,0
2024-01-26,SKU_001,store,107,26,0,0,0,0
2024-01-27,SKU_001,store,85,22,0,0,0,0
2024-01-28,SKU_001,store,64,21,0,0,0,0
2024-01-29,SKU_001,store,35,29,0,0,0,0
2024-01-30,SKU_001,store,20,15,0,0,0,0
2024-01-31,SKU_001,store,0,20,2,0,0,0
2024-02-01,SKU_001,store,0,0,38,0,0,0
2024-02-02,SKU_001,store,0,0,22,0,0,0
2024-02-03,SKU_001,store,0,0,14,0,0,0
2024-02-04,SKU_001,store,220,0,43,220,0,0
2024-02-05,SKU_001,store,178,42,0,0,0,0
2024-02-06,SKU_001,store,165,13,0,0,0,0
2024-02-07,SKU_001,store,133,32,0,0,0,0
2024-02-08,SKU_001,store,104,29,0,0,0,0
2024-02-09,SKU_001,store,86,18,0,0,0,0
2024-02-10,SKU_001,store,51,35,0,0,0,0
2024-02-11,SKU_001,store,22,29,0,0,0,0
2024-02-12,SKU_001,store,130,21,0,129,1,0
2024-02-13,SKU_001,store,90,40,0,0,0,0
2024-02-14,SKU_001,store,49,41,0,0,1,0
2024-02-15,SKU_001,store,18,31,0,0,0,0
2024-02-16,SKU_001,store,0,18,3,0,0,0
2024-02-17,SKU_001,store,160,0,22,160,0,0
2024-02-18,SKU_001,store,138,22,0,0,0,0
2024-02-19,SKU_001,store,93,45,0,0,0,0
2024-02-20,SKU_001,store,69,24,0,0,0,0
2024-02-21,SKU_001,store,47,22,0,0,0,0
2024-02-22,SKU_001,store,6,41,0,0,0,0
2024-02-23,SKU_001,store,0,6,25,0,0,0
2024-02-24,SKU_001,store,0,0,37,0,0,0
2024-02-25,SKU_001,store,0,0,31,0,0,0
2024-02-26,SKU_001,store,0,0,28,0,0,0
2024-02-27,SKU_001,store,0,0,33,0,1,0
2024-02-28,SKU_001,store,0,0,36,0,0,0
2024-02-29,SKU_001,store,0,0,43,0,1,0
2024-03-01,SKU_001,store,264,0,31,264,0,0
2024-03-02,SKU_001,store,239,25,0,0,0,0
2024-03-03,SKU_001,store,209,30,0,0,0,0
2024-03-04,SKU_001,store,187,22,0,0,0,0
2024-03-05,SKU_001,store,158,29,0,0,0,0
2024-03-06,SKU_001,store,125,33,0,0,0,0
2024-03-07,SKU_001,store,97,28,0,0,0,0
2024-03-08,SKU_001,store,76,21,0,0,0,0
2024-03-09,SKU_001,store,32,44,0,0,0,0
2024-03-10,SKU_001,store,0,32,6,0,1,0
2024-03-11,SKU_001,store,0,0,21,0,0,0
2024-03-12,SKU_001,store,0,0,36,0,1,0
2024-03-13,SKU_001,store,0,0,21,0,0,0
2024-03-14,SKU_001,store,0,0,11,0,0,0
2024-03-15,SKU_001,store,0,0,20,0,1,0
2024-03-16,SKU_001,store,0,0,24,0,1,0
2024-03-17,SKU_001,store,0,0,38,0,0,0
2024-03-18,SKU_001,store,0,0,24,0,0,0
2024-03-19,SKU_001,store,0,0,26,0,0,0
2024-03-20,SKU_001,store,0,0,29,0,0,0
2024-03-21,SKU_001,store,218,0,14,218,0,0
2024-03-22,SKU_001,store,390,29,0,201,0,0
2024-03-23,SKU_001,store,361,29,0,0,0,0
2024-03-24,SKU_001,store,547,46,0,232,0,0
2024-03-25,SKU_001,store,519,28,0,0,1,0
2024-03-26,SKU_001,store,486,33,0,0,0,0
2024-03-27,SKU_001,store,464,22,0,0,0,0
2024-03-28,SKU_001,store,432,32,0,0,0,0
2024-03-29,SKU_001,store,585,40,0,193,0,0
2024-03-30,SKU_001,store,574,11,0,0,0,0
2024-03-31,SKU_001,store,549,25,0,0,0,0
2024-04-01,SKU_001,store,530,19,0,0,1,0
2024-04-02,SKU_001,store,487,43,0,0,0,0
2024-04-03,SKU_001,store,462,25,0,0,1,0
2024-04-04,SKU_001,store,447,15,0,0,0,0
2024-04-05,SKU_001,store,431,16,0,0,0,0
2024-04-06,SKU_001,store,594,19,0,182,0,0
2024-04-07,SKU_001,store,846,20,0,272,0,0
2024-04-08,SKU_001,store,826,20,0,0,0,0
2024-04-09,SKU_001,store,803,23,0,0,0,0
2024-04-10,SKU_001,store,783,20,0,0,0,0
2024-04-11,SKU_001,store,754,29,0,0,0,0
2024-04-12,SKU_001,store,722,32,0,0,0,0
2024-04-13,SKU_001,store,690,32,0,0,0,0
2024-04-14,SKU_001,store,670,20,0,0,0,0
2024-04-15,SKU_001,store,652,18,0,0,1,0
2024-04-16,SKU_001,store,617,35,0,0,0,0
2024-04-17,SKU_001,store,584,33,0,0,1,0
2024-04-18,SKU_001,store,541,43,0,0,0,0
2024-04-19,SKU_001,store,525,16,0,0,0,0
2024-04-20,SKU_001,store,485,40,0,0,0,0
2024-04-21,SKU_001,store,473,12,0,0,1,0
2024-04-22,SKU_001,store,464,9,0,0,0,0
2024-04-23,SKU_001,store,428,36,0,0,0,0
2024-04-24,SKU_001,store,402,26,0,0,0,0
2024-04-25,SKU_001,store,386,16,0,0,0,0
2024-04-26,SKU_001,store,350,36,0,0,0,0
2024-04-27,SKU_001,store,329,21,0,0,0,0
2024-04-28,SKU_001,store,297,32,0,0,0,0
2024-04-29,SKU_001,store,263,34,0,0,0,0
2024-04-30,SKU_001,store,230,33,0,0,0,0
2024-05-01,SKU_001,store,203,27,0,0,1,0
2024-05-02,SKU_001,store,187,16,0,0,0,0
2024-05-03,SKU_001,store,159,28,0,0,0,0
2024-05-04,SKU_001,store,136,23,0,0,0,0
2024-05-05,SKU_001,store,122,14,0,0,0,0
2024-05-06,SKU_001,store,97,25,0,0,0,0
2024-05-07,SKU_001,store,55,42,0,0,0,0
2024-05-08,SKU_001,store,44,11,0,0,0,0
2024-05-09,SKU_001,store,22,22,0,0,0,0
2024-05-10,SKU_001,store,6,16,0,0,0,0
2024-05-11,SKU_001,store,0,6,37,0,0,0
2024-05-12,SKU_001,store,0,0,24,0,1,0
2024-05-13,SKU_001,store,0,0,24,0,0,0
2024-05-14,SKU_001,store,0,0,16,0,0,0
2024-05-15,SKU_001,store,0,0,39,0,0,0
2024-05-16,SKU_001,store,0,0,27,0,0,0
2024-05-17,SKU_001,store,0,0,15,0,0,0
2024-05-18,SKU_001,store,0,0,34,0,0,0
2024-05-19,SKU_001,store,0,0,41,0,0,0
2024-05-20,SKU_001,store,0,0,36,0,0,0
2024-05-21,SKU_001,store,0,0,22,0,0,0
2024-05-22,SKU_001,store,0,0,31,0,0,0
2024-05-23,SKU_001,store,0,0,23,0,0,0
2024-05-24,SKU_001,store,0,0,22,0,0,0
2024-05-25,SKU_001,store,0,0,19,0,0,0
2024-05-26,SKU_001,store,0,0,36,0,0,0
2024-05-27,SKU_001,store,120,0,31,120,0,0
2024-05-28,SKU_001,store,98,22,0,0,0,0
2024-05-29,SKU_001,store,86,12,0,0,1,0
2024-05-30,SKU_001,store,63,23,0,0,1,0
2024-05-31,SKU_001,store,41,22,0,0,0,0
2024-06-01,SKU_001,store,16,25,0,0,0,0
2024-06-02,SKU_001,store,0,16,7,0,0,0
2024-06-03,SKU_001,store,0,0,15,0,0,0
2024-06-04,SKU_001,store,0,0,26,0,0,0
2024-06-05,SKU_001,store,0,0,35,0,0,0
2024-06-06,SKU_001,store,0,0,35,0,0,0
2024-06-07,SKU_001,store,0,0,31,0,0,0
2024-06-08,SKU_001,store,0,0,13,0,0,0
2024-06-09,SKU_001,store,0,0,30,0,0,0
2024-06-10,SKU_001,store,0,0,30,0,0,0
2024-06-11,SKU_001,store,129,0,14,129,0,0
2024-06-12,SKU_001,store,103,26,0,0,1,0
2024-06-13,SKU_001,store,72,31,0,0,0,0
2024-06-14,SKU_001,store,54,18,0,0,0,0
2024-06-15,SKU_001,store,28,26,0,0,0,0
2024-06-16,SKU_001,store,0,28,4,0,0,0
2024-06-17,SKU_001,store,0,0,17,0,0,0
2024-06-18,SKU_001,store,0,0,30,0,0,0
2024-06-19,SKU_001,store,0,0,13,0,0,0
2024-06-20,SKU_001,store,0,0,33,0,0,0
2024-06-21,SKU_001,store,0,0,33,0,0,0
2024-06-22,SKU_001,store,0,0,45,0,0,0
2024-06-23,SKU_001,store,0,0,37,0,0,0
2024-06-24,SKU_001,store,0,0,41,0,0,0
2024-06-25,SKU_001,store,0,0,41,0,0,0
2024-06-26,SKU_001,store,0,0,38,0,0,0
2024-06-27,SKU_001,store,0,0,21,0,0,0
2024-06-28,SKU_001,store,0,0,40,0,0,0
2024-06-29,SKU_001,store,0,0,16,0,0,0
2024-06-30,SKU_001,store,0,0,36,0,0,0
2024-07-01,SKU_001,store,0,0,17,0,0,0
2024-07-02,SKU_001,store,0,0,24,0,0,0
2024-07-03,SKU_001,store,0,0,43,0,0,0
2024-07-04,SKU_001,store,0,0,28,0,0,1
2024-07-05,SKU_001,store,0,0,35,0,0,0
2024-07-06,SKU_001,store,0,0,21,0,0,0
2024-07-07,SKU_001,store,0,0,33,0,0,0
2024-07-08,SKU_001,store,0,0,33,0,0,0
2024-07-09,SKU_001,store,0,0,29,0,0,0
2024-07-10,SKU_001,store,0,0,37,0,0,0
2024-07-11,SKU_001,store,0,0,25,0,1,0
2024-07-12,SKU_001,store,0,0,19,0,0,0
2024-07-13,SKU_001,store,0,0,18,0,0,0
2024-07-14,SKU_001,store,0,0,45,0,0,0
2024-07-15,SKU_001,store,0,0,44,0,0,0
2024-07-16,SKU_001,store,0,0,23,0,0,0
2024-07-17,SKU_001,store,0,0,35,0,1,0
2024-07-18,SKU_001,store,0,0,42,0,0,0
2024-07-19,SKU_001,store,0,0,32,0,0,0
2024-07-20,SKU_001,store,0,0,32,0,0,0
2024-07-21,SKU_001,store,0,0,42,0,0,0
2024-07-22,SKU_001,store,0,0,18,0,0,0
2024-07-23,SKU_001,store,0,0,10,0,0,0
2024-07-24,SKU_001,store,0,0,15,0,0,0
2024-07-25,SKU_001,store,0,0,26,0,0,0
2024-07-26,SKU_001,store,0,0,21,0,0,0
2024-07-27,SKU_001,store,0,0,35,0,0,0
2024-07-28,SKU_001,store,0,0,41,0,0,0
2024-07-29,SKU_001,store,0,0,34,0,0,0
2024-07-30,SKU_001,store,0,0,46,0,0,0
2024-07-31,SKU_001,store,0,0,26,0,0,0
2024-08-01,SKU_001,store,0,0,34,0,0,0
2024-08-02,SKU_001,store,0,0,23,0,0,0
2024-08-03,SKU_001,store,286,0,17,286,0,0
2024-08-04,SKU_001,store,253,33,0,0,0,0
2024-08-05,SKU_001,store,222,31,0,0,0,0
2024-08-06,SKU_001,store,301,37,0,116,0,0
2024-08-07,SKU_001,store,268,33,0,0,0,0
2024-08-08,SKU_001,store,254,14,0,0,0,0
2024-08-09,SKU_001,store,211,43,0,0,1,0
2024-08-10,SKU_001,store,194,17,0,0,0,0
2024-08-11,SKU_001,store,173,21,0,0,0,0
2024-08-12,SKU_001,store,138,35,0,0,0,0
2024-08-13,SKU_001,store,372,20,0,254,0,0
2024-08-14,SKU_001,store,359,13,0,0,0,0
2024-08-15,SKU_001,store,333,26,0,0,0,0
2024-08-16,SKU_001,store,301,32,0,0,0,0
2024-08-17,SKU_001,store,250,51,0,0,0,0
2024-08-18,SKU_001,store,501,17,0,268,0,0
2024-08-19,SKU_001,store,479,22,0,0,0,0
2024-08-20,SKU_001,store,450,29,0,0,0,0
2024-08-21,SKU_001,store,429,21,0,0,0,0
2024-08-22,SKU_001,store,399,30,0,0,1,0
2024-08-23,SKU_001,store,364,35,0,0,0,0
2024-08-24,SKU_001,store,347,17,0,0,0,0
2024-08-25,SKU_001,store,327,20,0,0,0,0
2024-08-26,SKU_001,store,289,38,0,0,1,0
2024-08-27,SKU_001,store,271,18,0,0,0,0
2024-08-28,SKU_001,store,401,26,0,156,0,0
2024-08-29,SKU_001,store,385,16,0,0,0,0
2024-08-30,SKU_001,store,354,31,0,0,0,0
2024-08-31,SKU_001,store,315,39,0,0,0,0
2024-09-01,SKU_001,store,510,27,0,222,0,0
2024-09-02,SKU_001,store,493,17,0,0,1,0
2024-09-03,SKU_001,store,466,27,0,0,0,0
2024-09-04,SKU_001,store,442,24,0,0,0,0
2024-09-05,SKU_001,store,411,31,0,0,1,0
2024-09-06,SKU_001,store,380,31,0,0,0,0
2024-09-07,SKU_001,store,347,33,0,0,0,0
2024-09-08,SKU_001,store,320,27,0,0,1,0
2024-09-09,SKU_001,store,299,21,0,0,0,0
2024-09-10,SKU_001,store,265,34,0,0,0,0
2024-09-11,SKU_001,store,252,13,0,0,0,0
2024-09-12,SKU_001,store,236,16,0,0,0,0
2024-09-13,SKU_001,store,209,27,0,0,0,0
2024-09-14,SKU_001,store,194,15,0,0,0,0
2024-09-15,SKU_001,store,163,31,0,0,0,0
2024-09-16,SKU_001,store,142,21,0,0,0,0
2024-09-17,SKU_001,store,109,33,0,0,0,0
2024-09-18,SKU_001,store,78,31,0,0,0,0
2024-09-19,SKU_001,store,56,22,0,0,0,0
2024-09-20,SKU_001,store,44,12,0,0,1,0
2024-09-21,SKU_001,store,32,12,0,0,0,0
2024-09-22,SKU_001,store,0,32,8,0,0,0
2024-09-23,SKU_001,store,0,0,60,0,0,0
2024-09-24,SKU_001,store,0,0,27,0,0,0
2024-09-25,SKU_001,store,0,0,29,0,0,0
2024-09-26,SKU_001,store,0,0,14,0,0,0
2024-09-27,SKU_001,store,0,0,26,0,0,0
2024-09-28,SKU_001,store,0,0,40,0,0,0
2024-09-29,SKU_001,store,0,0,30,0,0,0
2024-09-30,SKU_001,store,0,0,23,0,0,0
2024-10-01,SKU_001,store,0,0,9,0,0,0
2024-10-02,SKU_001,store,0,0,48,0,1,0
2024-10-03,SKU_001,store,0,0,37,0,0,0
2024-10-04,SKU_001,store,0,0,11,0,0,0
2024-10-05,SKU_001,store,0,0,36,0,0,0
2024-10-06,SKU_001,store,0,0,23,0,0,0
2024-10-07,SKU_001,store,0,0,25,0,0,0
2024-10-08,SKU_001,store,0,0,34,0,0,0
2024-10-09,SKU_001,store,0,0,36,0,0,0
2024-10-10,SKU_001,store,0,0,33,0,0,0
2024-10-11,SKU_001,store,0,0,24,0,0,0
2024-10-12,SKU_001,store,0,0,36,0,1,0
2024-10-13,SKU_001,store,0,0,27,0,0,0
2024-10-14,SKU_001,store,0,0,32,0,0,0
2024-10-15,SKU_001,store,0,0,43,0,0,0
2024-10-16,SKU_001,store,0,0,18,0,0,0
2024-10-17,SKU_001,store,0,0,37,0,0,0
2024-10-18,SKU_001,store,0,0,19,0,0,0
2024-10-19,SKU_001,store,0,0,38,0,0,0
2024-10-20,SKU_001,store,0,0,24,0,0,0
2024-10-21,SKU_001,store,0,0,49,0,0,0
2024-10-22,SKU_001,store,0,0,22,0,0,0
2024-10-23,SKU_001,store,0,0,22,0,0,0
2024-10-24,SKU_001,store,0,0,21,0,0,0
2024-10-25,SKU_001,store,0,0,39,0,0,0
2024-10-26,SKU_001,store,0,0,29,0,0,0
2024-10-27,SKU_001,store,0,0,22,0,0,0
2024-10-28,SKU_001,store,0,0,44,0,0,0
2024-10-29,SKU_001,store,0,0,36,0,0,0
2024-10-30,SKU_001,store,0,0,36,0,0,0
2024-10-31,SKU_001,store,0,0,32,0,0,0
2024-11-01,SKU_001,store,0,0,22,0,0,0
2024-11-02,SKU_001,store,0,0,22,0,0,0
2024-11-03,SKU_001,store,0,0,30,0,1,0
2024-11-04,SKU_001,store,0,0,28,0,0,0
2024-11-05,SKU_001,store,0,0,12,0,0,0
2024-11-06,SKU_001,store,0,0,40,0,0,0
2024-11-07,SKU_001,store,0,0,15,0,0,0
2024-11-08,SKU_001,store,0,0,29,0,0,0
2024-11-09,SKU_001,store,0,0,42,0,0,0
2024-11-10,SKU_001,store,0,0,15,0,0,0
2024-11-11,SKU_001,store,0,0,34,0,0,0
2024-11-12,SKU_001,store,0,0,33,0,0,0
2024-11-13,SKU_001,store,0,0,30,0,0,0
2024-11-14,SKU_001,store,0,0,23,0,0,0
2024-11-15,SKU_001,store,0,0,25,0,0,0
2024-11-16,SKU_001,store,0,0,39,0,0,0
2024-11-17,SKU_001,store,0,0,33,0,0,0
2024-11-18,SKU_001,store,0,0,25,0,0,0
2024-11-19,SKU_001,store,0,0,38,0,0,0
2024-11-20,SKU_001,store,0,0,21,0,0,0
2024-11-21,SKU_001,store,0,0,13,0,0,0
2024-11-22,SKU_001,store,0,0,34,0,0,0
2024-11-23,SKU_001,store,0,0,29,0,0,0
2024-11-24,SKU_001,store,0,0,31,0,0,0
2024-11-25,SKU_001,store,0,0,27,0,0,0
2024-11-26,SKU_001,store,0,0,23,0,0,0
2024-11-27,SKU_001,store,0,0,27,0,0,0
2024-11-28,SKU_001,store,0,0,23,0,0,1
2024-11-29,SKU_001,store,0,0,23,0,0,0
2024-11-30,SKU_001,store,0,0,34,0,0,0
2024-12-01,SKU_001,store,0,0,24,0,0,0
2024-12-02,SKU_001,store,245,0,30,245,1,0
2024-12-03,SKU_001,store,218,27,0,0,0,0
2024-12-04,SKU_001,store,203,15,0,0,0,0
2024-12-05,SKU_001,store,174,29,0,0,1,0
2024-12-06,SKU_001,store,139,35,0,0,0,0
2024-12-07,SKU_001,store,100,39,0,0,0,0
2024-12-08,SKU_001,store,85,15,0,0,0,0
2024-12-09,SKU_001,store,64,21,0,0,0,0
2024-12-10,SKU_001,store,45,19,0,0,0,0
2024-12-11,SKU_001,store,22,23,0,0,0,0
2024-12-12,SKU_001,store,294,22,18,294,0,0
2024-12-13,SKU_001,store,276,18,0,0,0,0
2024-12-14,SKU_001,store,234,42,0,0,0,0
2024-12-15,SKU_001,store,207,27,0,0,0,0
2024-12-16,SKU_001,store,171,36,0,0,0,0
2024-12-17,SKU_001,store,147,24,0,0,0,0
2024-12-18,SKU_001,store,115,32,0,0,0,0
2024-12-19,SKU_001,store,75,40,0,0,0,0
2024-12-20,SKU_001,store,54,21,0,0,0,0
2024-12-21,SKU_001,store,31,23,0,0,0,0
2024-12-22,SKU_001,store,0,31,6,0,0,0
2024-12-23,SKU_001,store,0,0,14,0,1,0
2024-12-24,SKU_001,store,0,0,17,0,0,0
2024-12-25,SKU_001,store,0,0,28,0,0,1
2024-12-26,SKU_001,store,119,0,29,119,0,0
2024-12-27,SKU_001,store,96,23,0,0,0,0
2024-12-28,SKU_001,store,85,11,0,0,0,0
2024-12-29,SKU_001,store,45,40,0,0,0,0
2024-12-30,SKU_001,store,152,37,0,144,0,0
2024-12-31,SKU_001,store,120,32,0,0,0,0
2023-01-01,SKU_001,ecomm,470,30,0,0,0,1
2023-01-02,SKU_001,ecomm,435,35,0,0,0,0
2023-01-03,SKU_001,ecomm,410,25,0,0,0,0
2023-01-04,SKU_001,ecomm,394,16,0,0,0,0
2023-01-05,SKU_001,ecomm,366,28,0,0,0,0
2023-01-06,SKU_001,ecomm,348,18,0,0,0,0
2023-01-07,SKU_001,ecomm,320,28,0,0,0,0
2023-01-08,SKU_001,ecomm,275,45,0,0,0,0
2023-01-09,SKU_001,ecomm,248,27,0,0,0,0
2023-01-10,SKU_001,ecomm,215,33,0,0,0,0
2023-01-11,SKU_001,ecomm,190,25,0,0,0,0
2023-01-12,SKU_001,ecomm,161,29,0,0,0,0
2023-01-13,SKU_001,ecomm,143,18,0,0,0,0
2023-01-14,SKU_001,ecomm,119,24,0,0,0,0
2023-01-15,SKU_001,ecomm,94,25,0,0,0,0
2023-01-16,SKU_001,ecomm,71,23,0,0,0,0
2023-01-17,SKU_001,ecomm,50,21,0,0,0,0
2023-01-18,SKU_001,ecomm,219,39,0,208,0,0
2023-01-19,SKU_001,ecomm,200,19,0,0,0,0
2023-01-20,SKU_001,ecomm,169,31,0,0,0,0
2023-01-21,SKU_001,ecomm,154,15,0,0,0,0
2023-01-22,SKU_001,ecomm,397,22,0,265,0,0
2023-01-23,SKU_001,ecomm,377,20,0,0,0,0
2023-01-24,SKU_001,ecomm,354,23,0,0,0,0
2023-01-25,SKU_001,ecomm,340,14,0,0,0,0
2023-01-26,SKU_001,ecomm,297,43,0,0,0,0
2023-01-27,SKU_001,ecomm,268,29,0,0,0,0
2023-01-28,SKU_001,ecomm,255,13,0,0,0,0
2023-01-29,SKU_001,ecomm,217,38,0,0,0,0
2023-01-30,SKU_001,ecomm,191,26,0,0,0,0
2023-01-31,SKU_001,ecomm,301,19,0,129,0,0
2023-02-01,SKU_001,ecomm,271,30,0,0,0,0
2023-02-02,SKU_001,ecomm,241,30,0,0,0,0
2023-02-03,SKU_001,ecomm,219,22,0,0,1,0
2023-02-04,SKU_001,ecomm,191,28,0,0,0,0
2023-02-05,SKU_001,ecomm,170,21,0,0,0,0
2023-02-06,SKU_001,ecomm,146,24,0,0,0,0
2023-02-07,SKU_001,ecomm,131,15,0,0,0,0
2023-02-08,SKU_001,ecomm,95,36,0,0,0,0
2023-02-09,SKU_001,ecomm,75,20,0,0,0,0
2023-02-10,SKU_001,ecomm,47,28,0,0,0,0
2023-02-11,SKU_001,ecomm,13,34,0,0,0,0
2023-02-12,SKU_001,ecomm,0,13,26,0,0,0
2023-02-13,SKU_001,ecomm,0,0,30,0,0,0
2023-02-14,SKU_001,ecomm,0,0,12,0,0,0
2023-02-15,SKU_001,ecomm,0,0,31,0,0,0
2023-02-16,SKU_001,ecomm,218,0,33,218,0,0
2023-02-17,SKU_001,ecomm,169,49,0,0,0,0
2023-02-18,SKU_001,ecomm,137,32,0,0,0,0
2023-02-19,SKU_001,ecomm,123,14,0,0,0,0
2023-02-20,SKU_001,ecomm,95,28,0,0,0,0
2023-02-21,SKU_001,ecomm,74,21,0,0,0,0
2023-02-22,SKU_001,ecomm,41,33,0,0,0,0
2023-02-23,SKU_001,ecomm,26,15,0,0,0,0
2023-02-24,SKU_001,ecomm,0,26,13,0,0,0
2023-02-25,SKU_001,ecomm,0,0,29,0,0,0
2023-02-26,SKU_001,ecomm,0,0,17,0,0,0
2023-02-27,SKU_001,ecomm,0,0,19,0,0,0
2023-02-28,SKU_001,ecomm,0,0,16,0,0,0
2023-03-01,SKU_001,ecomm,0,0,32,0,0,0
2023-03-02,SKU_001,ecomm,0,0,34,0,0,0
2023-03-03,SKU_001,ecomm,0,0,30,0,0,0
2023-03-04,SKU_001,ecomm,0,0,25,0,0,0
2023-03-05,SKU_001,ecomm,0,0,21,0,1,0
2023-03-06,SKU_001,ecomm,0,0,26,0,0,0
2023-03-07,SKU_001,ecomm,0,0,10,0,0,0
2023-03-08,SKU_001,ecomm,0,0,36,0,0,0
2023-03-09,SKU_001,ecomm,0,0,18,0,0,0
2023-03-10,SKU_001,ecomm,0,0,13,0,0,0
2023-03-11,SKU_001,ecomm,0,0,26,0,0,0
2023-03-12,SKU_001,ecomm,0,0,27,0,0,0
2023-03-13,SKU_001,ecomm,0,0,16,0,0,0
2023-03-14,SKU_001,ecomm,0,0,29,0,0,0
2023-03-15,SKU_001,ecomm,0,0,19,0,0,0
2023-03-16,SKU_001,ecomm,0,0,28,0,0,0
2023-03-17,SKU_001,ecomm,0,0,19,0,0,0
2023-03-18,SKU_001,ecomm,0,0,14,0,0,0
2023-03-19,SKU_001,ecomm,0,0,24,0,0,0
2023-03-20,SKU_001,ecomm,0,0,36,0,0,0
2023-03-21,SKU_001,ecomm,0,0,30,0,0,0
2023-03-22,SKU_001,ecomm,0,0,21,0,0,0
2023-03-23,SKU_001,ecomm,0,0,37,0,0,0
2023-03-24,SKU_001,ecomm,0,0,10,0,0,0
2023-03-25,SKU_001,ecomm,0,0,24,0,0,0
2023-03-26,SKU_001,ecomm,0,0,29,0,0,0
2023-03-27,SKU_001,ecomm,0,0,37,0,0,0
2023-03-28,SKU_001,ecomm,0,0,20,0,0,0
2023-03-29,SKU_001,ecomm,0,0,19,0,1,0
2023-03-30,SKU_001,ecomm,0,0,24,0,0,0
2023-03-31,SKU_001,ecomm,102,0,32,102,0,0
2023-04-01,SKU_001,ecomm,74,28,0,0,1,0
2023-04-02,SKU_001,ecomm,56,18,0,0,0,0
2023-04-03,SKU_001,ecomm,21,35,0,0,0,0
2023-04-04,SKU_001,ecomm,0,21,15,0,0,0
2023-04-05,SKU_001,ecomm,0,0,13,0,0,0
2023-04-06,SKU_001,ecomm,0,0,26,0,0,0
2023-04-07,SKU_001,ecomm,0,0,23,0,0,0
2023-04-08,SKU_001,ecomm,0,0,31,0,0,0
2023-04-09,SKU_001,ecomm,0,0,24,0,0,0
2023-04-10,SKU_001,ecomm,0,0,28,0,0,0
2023-04-11,SKU_001,ecomm,0,0,25,0,0,0
2023-04-12,SKU_001,ecomm,0,0,14,0,0,0
2023-04-13,SKU_001,ecomm,0,0,26,0,0,0
2023-04-14,SKU_001,ecomm,0,0,17,0,0,0
2023-04-15,SKU_001,ecomm,0,0,31,0,0,0
2023-04-16,SKU_001,ecomm,0,0,22,0,0,0
2023-04-17,SKU_001,ecomm,0,0,28,0,0,0
2023-04-18,SKU_001,ecomm,0,0,35,0,0,0
2023-04-19,SKU_001,ecomm,0,0,28,0,0,0
2023-04-20,SKU_001,ecomm,0,0,24,0,1,0
2023-04-21,SKU_001,ecomm,0,0,15,0,0,0
2023-04-22,SKU_001,ecomm,0,0,37,0,0,0
2023-04-23,SKU_001,ecomm,0,0,30,0,0,0
2023-04-24,SKU_001,ecomm,0,0,39,0,0,0
2023-04-25,SKU_001,ecomm,0,0,25,0,0,0
2023-04-26,SKU_001,ecomm,0,0,40,0,1,0
2023-04-27,SKU_001,ecomm,0,0,39,0,0,0
2023-04-28,SKU_001,ecomm,0,0,21,0,0,0
2023-04-29,SKU_001,ecomm,0,0,35,0,0,0
2023-04-30,SKU_001,ecomm,0,0,24,0,1,0
2023-05-01,SKU_001,ecomm,0,0,12,0,0,0
2023-05-02,SKU_001,ecomm,0,0,31,0,0,0
2023-05-03,SKU_001,ecomm,0,0,19,0,0,0
2023-05-04,SKU_001,ecomm,0,0,14,0,0,0
2023-05-05,SKU_001,ecomm,0,0,19,0,0,0
2023-05-06,SKU_001,ecomm,0,0,21,0,1,0
2023-05-07,SKU_001,ecomm,0,0,20,0,0,0
2023-05-08,SKU_001,ecomm,0,0,26,0,0,0
2023-05-09,SKU_001,ecomm,156,0,38,156,1,0
2023-05-10,SKU_001,ecomm,119,37,0,0,0,0
2023-05-11,SKU_001,ecomm,95,24,0,0,0,0
2023-05-12,SKU_001,ecomm,72,23,0,0,0,0
2023-05-13,SKU_001,ecomm,51,21,0,0,0,0
2023-05-14,SKU_001,ecomm,16,35,0,0,0,0
2023-05-15,SKU_001,ecomm,2,14,0,0,0,0
2023-05-16,SKU_001,ecomm,0,2,14,0,0,0
2023-05-17,SKU_001,ecomm,0,0,34,0,0,0
2023-05-18,SKU_001,ecomm,0,0,38,0,0,0
2023-05-19,SKU_001,ecomm,0,0,41,0,0,0
2023-05-20,SKU_001,ecomm,0,0,39,0,0,0
2023-05-21,SKU_001,ecomm,0,0,38,0,0,0
2023-05-22,SKU_001,ecomm,0,0,25,0,0,0
2023-05-23,SKU_001,ecomm,115,0,24,115,0,0
2023-05-24,SKU_001,ecomm,88,27,0,0,1,0
2023-05-25,SKU_001,ecomm,57,31,0,0,0,0
2023-05-26,SKU_001,ecomm,26,31,0,0,0,0
2023-05-27,SKU_001,ecomm,0,26,1,0,0,0
2023-05-28,SKU_001,ecomm,0,0,41,0,1,0
2023-05-29,SKU_001,ecomm,0,0,34,0,0,0
2023-05-30,SKU_001,ecomm,0,0,35,0,0,0
2023-05-31,SKU_001,ecomm,0,0,21,0,0,0
2023-06-01,SKU_001,ecomm,0,0,12,0,1,0
2023-06-02,SKU_001,ecomm,0,0,20,0,0,0
2023-06-03,SKU_001,ecomm,0,0,22,0,0,0
2023-06-04,SKU_001,ecomm,0,0,38,0,0,0
2023-06-05,SKU_001,ecomm,0,0,14,0,0,0
2023-06-06,SKU_001,ecomm,0,0,42,0,0,0
2023-06-07,SKU_001,ecomm,284,0,31,284,1,0
2023-06-08,SKU_001,ecomm,267,17,0,0,0,0
2023-06-09,SKU_001,ecomm,230,37,0,0,0,0
2023-06-10,SKU_001,ecomm,193,37,0,0,0,0
2023-06-11,SKU_001,ecomm,176,17,0,0,0,0
2023-06-12,SKU_001,ecomm,144,32,0,0,0,0
2023-06-13,SKU_001,ecomm,113,31,0,0,0,0
2023-06-14,SKU_001,ecomm,61,52,0,0,0,0
2023-06-15,SKU_001,ecomm,20,41,0,0,0,0
2023-06-16,SKU_001,ecomm,0,20,4,0,0,0
2023-06-17,SKU_001,ecomm,0,0,24,0,1,0
2023-06-18,SKU_001,ecomm,0,0,11,0,1,0
2023-06-19,SKU_001,ecomm,0,0,26,0,0,0
2023-06-20,SKU_001,ecomm,0,0,31,0,1,0
2023-06-21,SKU_001,ecomm,0,0,31,0,0,0
2023-06-22,SKU_001,ecomm,0,0,14,0,0,0
2023-06-23,SKU_001,ecomm,0,0,22,0,0,0
2023-06-24,SKU_001,ecomm,0,0,34,0,0,0
2023-06-25,SKU_001,ecomm,0,0,35,0,0,0
2023-06-26,SKU_001,ecomm,0,0,24,0,0,0
2023-06-27,SKU_001,ecomm,0,0,26,0,0,0
2023-06-28,SKU_001,ecomm,0,0,18,0,0,0
2023-06-29,SKU_001,ecomm,0,0,28,0,0,0
2023-06-30,SKU_001,ecomm,0,0,32,0,0,0
2023-07-01,SKU_001,ecomm,0,0,39,0,0,0
2023-07-02,SKU_001,ecomm,0,0,39,0,0,0
2023-07-03,SKU_001,ecomm,0,0,22,0,0,0
2023-07-04,SKU_001,ecomm,0,0,32,0,0,1
2023-07-05,SKU_001,ecomm,0,0,25,0,0,0
2023-07-06,SKU_001,ecomm,0,0,22,0,0,0
2023-07-07,SKU_001,ecomm,0,0,18,0,0,0
2023-07-08,SKU_001,ecomm,0,0,19,0,0,0
2023-07-09,SKU_001,ecomm,0,0,29,0,0,0
2023-07-10,SKU_001,ecomm,0,0,20,0,0,0
2023-07-11,SKU_001,ecomm,0,0,27,0,0,0
2023-07-12,SKU_001,ecomm,0,0,36,0,0,0
2023-07-13,SKU_001,ecomm,0,0,43,0,0,0
2023-07-14,SKU_001,ecomm,0,0,24,0,1,0
2023-07-15,SKU_001,ecomm,0,0,30,0,0,0
2023-07-16,SKU_001,ecomm,166,0,35,166,0,0
2023-07-17,SKU_001,ecomm,143,23,0,0,0,0
2023-07-18,SKU_001,ecomm,131,12,0,0,0,0
2023-07-19,SKU_001,ecomm,106,25,0,0,0,0
2023-07-20,SKU_001,ecomm,329,23,0,246,0,0
2023-07-21,SKU_001,ecomm,290,39,0,0,0,0
2023-07-22,SKU_001,ecomm,251,39,0,0,0,0
2023-07-23,SKU_001,ecomm,218,33,0,0,0,0
2023-07-24,SKU_001,ecomm,177,41,0,0,0,0
2023-07-25,SKU_001,ecomm,161,16,0,0,1,0
2023-07-26,SKU_001,ecomm,137,24,0,0,0,0
2023-07-27,SKU_001,ecomm,292,29,0,184,0,0
2023-07-28,SKU_001,ecomm,279,13,0,0,0,0
2023-07-29,SKU_001,ecomm,245,34,0,0,0,0
2023-07-30,SKU_001,ecomm,211,34,0,0,0,0
2023-07-31,SKU_001,ecomm,193,18,0,0,0,0
2023-08-01,SKU_001,ecomm,175,18,0,0,0,0
2023-08-02,SKU_001,ecomm,152,23,0,0,0,0
2023-08-03,SKU_001,ecomm,118,34,0,0,1,0
2023-08-04,SKU_001,ecomm,87,31,0,0,0,0
2023-08-05,SKU_001,ecomm,68,19,0,0,0,0
2023-08-06,SKU_001,ecomm,39,29,0,0,0,0
2023-08-07,SKU_001,ecomm,24,15,0,0,0,0
2023-08-08,SKU_001,ecomm,0,24,11,0,0,0
2023-08-09,SKU_001,ecomm,0,0,26,0,0,0
2023-08-10,SKU_001,ecomm,0,0,12,0,0,0
2023-08-11,SKU_001,ecomm,0,0,28,0,0,0
2023-08-12,SKU_001,ecomm,0,0,17,0,0,0
2023-08-13,SKU_001,ecomm,0,0,28,0,0,0
2023-08-14,SKU_001,ecomm,0,0,20,0,0,0
2023-08-15,SKU_001,ecomm,0,0,39,0,1,0
2023-08-16,SKU_001,ecomm,0,0,25,0,0,0
2023-08-17,SKU_001,ecomm,0,0,17,0,0,0
2023-08-18,SKU_001,ecomm,0,0,36,0,1,0
2023-08-19,SKU_001,ecomm,0,0,17,0,0,0
2023-08-20,SKU_001,ecomm,0,0,26,0,0,0
2023-08-21,SKU_001,ecomm,229,0,32,229,0,0
2023-08-22,SKU_001,ecomm,206,23,0,0,0,0
2023-08-23,SKU_001,ecomm,179,27,0,0,0,0
2023-08-24,SKU_001,ecomm,146,33,0,0,0,0
2023-08-25,SKU_001,ecomm,124,22,0,0,0,0
2023-08-26,SKU_001,ecomm,90,34,0,0,0,0
2023-08-27,SKU_001,ecomm,41,49,0,0,0,0
2023-08-28,SKU_001,ecomm,14,27,0,0,0,0
2023-08-29,SKU_001,ecomm,1,13,0,0,0,0
2023-08-30,SKU_001,ecomm,0,1,25,0,0,0
2023-08-31,SKU_001,ecomm,0,0,30,0,0,0
2023-09-01,SKU_001,ecomm,0,0,27,0,1,0
2023-09-02,SKU_001,ecomm,0,0,28,0,0,0
2023-09-03,SKU_001,ecomm,0,0,30,0,0,0
2023-09-04,SKU_001,ecomm,0,0,22,0,1,0
2023-09-05,SKU_001,ecomm,0,0,15,0,0,0
2023-09-06,SKU_001,ecomm,0,0,28,0,0,0
2023-09-07,SKU_001,ecomm,0,0,20,0,0,0
2023-09-08,SKU_001,ecomm,0,0,20,0,0,0
2023-09-09,SKU_001,ecomm,0,0,33,0,0,0
2023-09-10,SKU_001,ecomm,0,0,26,0,1,0
2023-09-11,SKU_001,ecomm,0,0,36,0,0,0
2023-09-12,SKU_001,ecomm,0,0,36,0,0,0
2023-09-13,SKU_001,ecomm,0,0,32,0,0,0
2023-09-14,SKU_001,ecomm,0,0,31,0,0,0
2023-09-15,SKU_001,ecomm,0,0,34,0,0,0
2023-09-16,SKU_001,ecomm,0,0,33,0,0,0
2023-09-17,SKU_001,ecomm,0,0,34,0,0,0
2023-09-18,SKU_001,ecomm,0,0,42,0,0,0
2023-09-19,SKU_001,ecomm,0,0,26,0,0,0
2023-09-20,SKU_001,ecomm,0,0,24,0,0,0
2023-09-21,SKU_001,ecomm,0,0,24,0,0,0
2023-09-22,SKU_001,ecomm,0,0,23,0,1,0
2023-09-23,SKU_001,ecomm,0,0,14,0,0,0
2023-09-24,SKU_001,ecomm,0,0,17,0,0,0
2023-09-25,SKU_001,ecomm,0,0,7,0,0,0
2023-09-26,SKU_001,ecomm,0,0,44,0,0,0
2023-09-27,SKU_001,ecomm,0,0,27,0,0,0
2023-09-28,SKU_001,ecomm,0,0,21,0,0,0
2023-09-29,SKU_001,ecomm,0,0,34,0,0,0
2023-09-30,SKU_001,ecomm,0,0,35,0,0,0
2023-10-01,SKU_001,ecomm,0,0,46,0,0,0
2023-10-02,SKU_001,ecomm,0,0,32,0,0,0
2023-10-03,SKU_001,ecomm,292,0,40,292,0,0
2023-10-04,SKU_001,ecomm,265,27,0,0,0,0
2023-10-05,SKU_001,ecomm,246,19,0,0,0,0
2023-10-06,SKU_001,ecomm,220,26,0,0,0,0
2023-10-07,SKU_001,ecomm,187,33,0,0,0,0
2023-10-08,SKU_001,ecomm,142,45,0,0,0,0
2023-10-09,SKU_001,ecomm,128,14,0,0,0,0
2023-10-10,SKU_001,ecomm,92,36,0,0,1,0
2023-10-11,SKU_001,ecomm,70,22,0,0,0,0
2023-10-12,SKU_001,ecomm,37,33,0,0,0,0
2023-10-13,SKU_001,ecomm,178,37,14,178,0,0
2023-10-14,SKU_001,ecomm,172,6,0,0,0,0
2023-10-15,SKU_001,ecomm,155,17,0,0,0,0
2023-10-16,SKU_001,ecomm,142,13,0,0,1,0
2023-10-17,SKU_001,ecomm,114,28,0,0,0,0
2023-10-18,SKU_001,ecomm,93,21,0,0,0,0
2023-10-19,SKU_001,ecomm,67,26,0,0,0,0
2023-10-20,SKU_001,ecomm,37,30,0,0,0,0
2023-10-21,SKU_001,ecomm,10,27,0,0,0,0
2023-10-22,SKU_001,ecomm,0,10,15,0,0,0
2023-10-23,SKU_001,ecomm,0,0,18,0,0,0
2023-10-24,SKU_001,ecomm,0,0,25,0,0,0
2023-10-25,SKU_001,ecomm,0,0,25,0,0,0
2023-10-26,SKU_001,ecomm,0,0,25,0,0,0
2023-10-27,SKU_001,ecomm,0,0,34,0,1,0
2023-10-28,SKU_001,ecomm,0,0,36,0,0,0
2023-10-29,SKU_001,ecomm,0,0,34,0,0,0
2023-10-30,SKU_001,ecomm,0,0,36,0,0,0
2023-10-31,SKU_001,ecomm,231,0,30,231,1,0
2023-11-01,SKU_001,ecomm,196,35,0,0,0,0
2023-11-02,SKU_001,ecomm,167,29,0,0,0,0
2023-11-03,SKU_001,ecomm,124,43,0,0,0,0
2023-11-04,SKU_001,ecomm,88,36,0,0,1,0
2023-11-05,SKU_001,ecomm,270,16,0,198,0,0
2023-11-06,SKU_001,ecomm,243,27,0,0,0,0
2023-11-07,SKU_001,ecomm,198,45,0,0,0,0
2023-11-08,SKU_001,ecomm,159,39,0,0,0,0
2023-11-09,SKU_001,ecomm,137,22,0,0,0,0
2023-11-10,SKU_001,ecomm,112,25,0,0,0,0
2023-11-11,SKU_001,ecomm,85,27,0,0,0,0
2023-11-12,SKU_001,ecomm,59,26,0,0,0,0
2023-11-13,SKU_001,ecomm,30,29,0,0,1,0
2023-11-14,SKU_001,ecomm,0,30,2,0,0,0
2023-11-15,SKU_001,ecomm,0,0,34,0,1,0
2023-11-16,SKU_001,ecomm,0,0,30,0,0,0
2023-11-17,SKU_001,ecomm,0,0,12,0,0,0
2023-11-18,SKU_001,ecomm,0,0,33,0,0,0
2023-11-19,SKU_001,ecomm,0,0,42,0,0,0
2023-11-20,SKU_001,ecomm,0,0,14,0,0,0
2023-11-21,SKU_001,ecomm,0,0,36,0,0,0
2023-11-22,SKU_001,ecomm,0,0,39,0,0,0
2023-11-23,SKU_001,ecomm,0,0,20,0,0,1
2023-11-24,SKU_001,ecomm,0,0,23,0,0,0
2023-11-25,SKU_001,ecomm,0,0,22,0,0,0
2023-11-26,SKU_001,ecomm,0,0,50,0,0,0
2023-11-27,SKU_001,ecomm,0,0,33,0,0,0
2023-11-28,SKU_001,ecomm,0,0,19,0,0,0
2023-11-29,SKU_001,ecomm,0,0,24,0,0,0
2023-11-30,SKU_001,ecomm,0,0,28,0,0,0
2023-12-01,SKU_001,ecomm,0,0,44,0,0,0
2023-12-02,SKU_001,ecomm,0,0,18,0,0,0
2023-12-03,SKU_001,ecomm,0,0,37,0,0,0
2023-12-04,SKU_001,ecomm,0,0,35,0,0,0
2023-12-05,SKU_001,ecomm,0,0,14,0,0,0
2023-12-06,SKU_001,ecomm,0,0,22,0,0,0
2023-12-07,SKU_001,ecomm,0,0,14,0,0,0
2023-12-08,SKU_001,ecomm,0,0,30,0,1,0
2023-12-09,SKU_001,ecomm,0,0,23,0,1,0
2023-12-10,SKU_001,ecomm,0,0,29,0,0,0
2023-12-11,SKU_001,ecomm,276,0,22,276,0,0
2023-12-12,SKU_001,ecomm,258,18,0,0,0,0
2023-12-13,SKU_001,ecomm,222,36,0,0,0,0
2023-12-14,SKU_001,ecomm,193,29,0,0,0,0
2023-12-15,SKU_001,ecomm,176,17,0,0,0,0
2023-12-16,SKU_001,ecomm,152,24,0,0,0,0
2023-12-17,SKU_001,ecomm,118,34,0,0,1,0
2023-12-18,SKU_001,ecomm,78,40,0,0,0,0
2023-12-19,SKU_001,ecomm,43,35,0,0,0,0
2023-12-20,SKU_001,ecomm,7,36,0,0,0,0
2023-12-21,SKU_001,ecomm,0,7,10,0,0,0
2023-12-22,SKU_001,ecomm,0,0,25,0,0,0
2023-12-23,SKU_001,ecomm,0,0,33,0,0,0
2023-12-24,SKU_001,ecomm,0,0,16,0,0,0
2023-12-25,SKU_001,ecomm,0,0,36,0,0,1
2023-12-26,SKU_001,ecomm,0,0,24,0,0,0
2023-12-27,SKU_001,ecomm,0,0,24,0,0,0
2023-12-28,SKU_001,ecomm,0,0,34,0,0,0
2023-12-29,SKU_001,ecomm,0,0,36,0,0,0
2023-12-30,SKU_001,ecomm,0,0,11,0,0,0
2023-12-31,SKU_001,ecomm,0,0,21,0,0,0
2024-01-01,SKU_001,ecomm,0,0,14,0,0,1
2024-01-02,SKU_001,ecomm,0,0,20,0,0,0
2024-01-03,SKU_001,ecomm,0,0,24,0,0,0
2024-01-04,SKU_001,ecomm,0,0,33,0,0,0
2024-01-05,SKU_001,ecomm,0,0,23,0,1,0
2024-01-06,SKU_001,ecomm,0,0,35,0,0,0
2024-01-07,SKU_001,ecomm,0,0,35,0,0,0
2024-01-08,SKU_001,ecomm,0,0,24,0,0,0
2024-01-09,SKU_001,ecomm,0,0,29,0,0,0
2024-01-10,SKU_001,ecomm,257,0,38,257,0,0
2024-01-11,SKU_001,ecomm,218,39,0,0,0,0
2024-01-12,SKU_001,ecomm,173,45,0,0,0,0
2024-01-13,SKU_001,ecomm,140,33,0,0,0,0
2024-01-14,SKU_001,ecomm,118,22,0,0,0,0
2024-01-15,SKU_001,ecomm,86,32,0,0,0,0
2024-01-16,SKU_001,ecomm,66,20,0,0,0,0
2024-01-17,SKU_001,ecomm,38,28,0,0,0,0
2024-01-18,SKU_001,ecomm,5,33,0,0,0,0
2024-01-19,SKU_001,ecomm,0,5,35,0,0,0
2024-01-20,SKU_001,ecomm,0,0,33,0,0,0
2024-01-21,SKU_001,ecomm,0,0,38,0,1,0
2024-01-22,SKU_001,ecomm,0,0,25,0,0,0
2024-01-23,SKU_001,ecomm,0,0,48,0,0,0
2024-01-24,SKU_001,ecomm,0,0,44,0,0,0
2024-01-25,SKU_001,ecomm,0,0,55,0,0,0
2024-01-26,SKU_001,ecomm,0,0,35,0,0,0
2024-01-27,SKU_001,ecomm,0,0,25,0,0,0
2024-01-28,SKU_001,ecomm,0,0,27,0,0,0
2024-01-29,SKU_001,ecomm,0,0,24,0,0,0
2024-01-30,SKU_001,ecomm,0,0,24,0,0,0
2024-01-31,SKU_001,ecomm,0,0,34,0,1,0
2024-02-01,SKU_001,ecomm,216,0,21,216,0,0
2024-02-02,SKU_001,ecomm,195,21,0,0,0,0
2024-02-03,SKU_001,ecomm,148,47,0,0,0,0
2024-02-04,SKU_001,ecomm,393,24,0,269,0,0
2024-02-05,SKU_001,ecomm,362,31,0,0,0,0
2024-02-06,SKU_001,ecomm,335,27,0,0,1,0
2024-02-07,SKU_001,ecomm,305,30,0,0,0,0
2024-02-08,SKU_001,ecomm,285,20,0,0,0,0
2024-02-09,SKU_001,ecomm,250,35,0,0,1,0
2024-02-10,SKU_001,ecomm,223,27,0,0,0,0
2024-02-11,SKU_001,ecomm,209,14,0,0,0,0
2024-02-12,SKU_001,ecomm,458,29,0,278,0,0
2024-02-13,SKU_001,ecomm,705,19,0,266,0,0
2024-02-14,SKU_001,ecomm,657,48,0,0,0,0
2024-02-15,SKU_001,ecomm,623,34,0,0,0,0
2024-02-16,SKU_001,ecomm,587,36,0,0,0,0
2024-02-17,SKU_001,ecomm,566,21,0,0,0,0
2024-02-18,SKU_001,ecomm,551,15,0,0,0,0
2024-02-19,SKU_001,ecomm,528,23,0,0,0,0
2024-02-20,SKU_001,ecomm,494,34,0,0,0,0
2024-02-21,SKU_001,ecomm,651,28,0,185,0,0
2024-02-22,SKU_001,ecomm,642,9,0,0,0,0
2024-02-23,SKU_001,ecomm,596,46,0,0,0,0
2024-02-24,SKU_001,ecomm,572,24,0,0,0,0
2024-02-25,SKU_001,ecomm,797,26,0,251,0,0
2024-02-26,SKU_001,ecomm,781,16,0,0,0,0
2024-02-27,SKU_001,ecomm,743,38,0,0,0,0
2024-02-28,SKU_001,ecomm,718,25,0,0,0,0
2024-02-29,SKU_001,ecomm,704,14,0,0,0,0
2024-03-01,SKU_001,ecomm,660,44,0,0,0,0
2024-03-02,SKU_001,ecomm,634,26,0,0,0,0
2024-03-03,SKU_001,ecomm,603,31,0,0,0,0
2024-03-04,SKU_001,ecomm,575,28,0,0,1,0
2024-03-05,SKU_001,ecomm,560,15,0,0,0,0
2024-03-06,SKU_001,ecomm,545,15,0,0,0,0
2024-03-07,SKU_001,ecomm,516,29,0,0,0,0
2024-03-08,SKU_001,ecomm,493,23,0,0,0,0
2024-03-09,SKU_001,ecomm,455,38,0,0,0,0
2024-03-10,SKU_001,ecomm,432,23,0,0,0,0
2024-03-11,SKU_001,ecomm,406,26,0,0,0,0
2024-03-12,SKU_001,ecomm,386,20,0,0,0,0
2024-03-13,SKU_001,ecomm,377,9,0,0,1,0
2024-03-14,SKU_001,ecomm,351,26,0,0,0,0
2024-03-15,SKU_001,ecomm,325,26,0,0,0,0
2024-03-16,SKU_001,ecomm,310,15,0,0,0,0
2024-03-17,SKU_001,ecomm,292,18,0,0,0,0
2024-03-18,SKU_001,ecomm,270,22,0,0,0,0
2024-03-19,SKU_001,ecomm,238,32,0,0,0,0
2024-03-20,SKU_001,ecomm,411,28,0,201,0,0
2024-03-21,SKU_001,ecomm,388,23,0,0,0,0
2024-03-22,SKU_001,ecomm,364,24,0,0,0,0
2024-03-23,SKU_001,ecomm,344,20,0,0,0,0
2024-03-24,SKU_001,ecomm,322,22,0,0,0,0
2024-03-25,SKU_001,ecomm,293,29,0,0,0,0
2024-03-26,SKU_001,ecomm,265,28,0,0,0,0
2024-03-27,SKU_001,ecomm,248,17,0,0,0,0
2024-03-28,SKU_001,ecomm,219,29,0,0,0,0
2024-03-29,SKU_001,ecomm,199,20,0,0,0,0
2024-03-30,SKU_001,ecomm,176,23,0,0,0,0
2024-03-31,SKU_001,ecomm,146,30,0,0,0,0
2024-04-01,SKU_001,ecomm,112,34,0,0,1,0
2024-04-02,SKU_001,ecomm,80,32,0,0,0,0
2024-04-03,SKU_001,ecomm,59,21,0,0,0,0
2024-04-04,SKU_001,ecomm,29,30,0,0,1,0
2024-04-05,SKU_001,ecomm,14,15,0,0,0,0
2024-04-06,SKU_001,ecomm,0,14,15,0,0,0
2024-04-07,SKU_001,ecomm,0,0,25,0,0,0
2024-04-08,SKU_001,ecomm,254,0,25,254,1,0
2024-04-09,SKU_001,ecomm,230,24,0,0,0,0
2024-04-10,SKU_001,ecomm,206,24,0,0,0,0
2024-04-11,SKU_001,ecomm,177,29,0,0,0,0
2024-04-12,SKU_001,ecomm,166,11,0,0,0,0
2024-04-13,SKU_001,ecomm,128,38,0,0,0,0
2024-04-14,SKU_001,ecomm,100,28,0,0,0,0
2024-04-15,SKU_001,ecomm,72,28,0,0,1,0
2024-04-16,SKU_001,ecomm,270,42,0,240,1,0
2024-04-17,SKU_001,ecomm,239,31,0,0,0,0
2024-04-18,SKU_001,ecomm,211,28,0,0,0,0
2024-04-19,SKU_001,ecomm,192,19,0,0,0,0
2024-04-20,SKU_001,ecomm,177,15,0,0,0,0
2024-04-21,SKU_001,ecomm,137,40,0,0,0,0
2024-04-22,SKU_001,ecomm,112,25,0,0,0,0
2024-04-23,SKU_001,ecomm,89,23,0,0,0,0
2024-04-24,SKU_001,ecomm,71,18,0,0,0,0
2024-04-25,SKU_001,ecomm,42,29,0,0,0,0
2024-04-26,SKU_001,ecomm,20,22,0,0,0,0
2024-04-27,SKU_001,ecomm,0,20,7,0,0,0
2024-04-28,SKU_001,ecomm,0,0,37,0,0,0
2024-04-29,SKU_001,ecomm,0,0,24,0,0,0
2024-04-30,SKU_001,ecomm,0,0,26,0,1,0
2024-05-01,SKU_001,ecomm,0,0,29,0,0,0
2024-05-02,SKU_001,ecomm,0,0,36,0,0,0
2024-05-03,SKU_001,ecomm,0,0,20,0,0,0
2024-05-04,SKU_001,ecomm,0,0,27,0,0,0
2024-05-05,SKU_001,ecomm,0,0,17,0,0,0
2024-05-06,SKU_001,ecomm,0,0,17,0,0,0
2024-05-07,SKU_001,ecomm,168,0,30,168,0,0
2024-05-08,SKU_001,ecomm,145,23,0,0,0,0
2024-05-09,SKU_001,ecomm,340,34,0,229,0,0
2024-05-10,SKU_001,ecomm,312,28,0,0,0,0
2024-05-11,SKU_001,ecomm,279,33,0,0,0,0
2024-05-12,SKU_001,ecomm,248,31,0,0,0,0
2024-05-13,SKU_001,ecomm,221,27,0,0,0,0
2024-05-14,SKU_001,ecomm,203,18,0,0,0,0
2024-05-15,SKU_001,ecomm,182,21,0,0,0,0
2024-05-16,SKU_001,ecomm,143,39,0,0,0,0
2024-05-17,SKU_001,ecomm,128,15,0,0,1,0
2024-05-18,SKU_001,ecomm,95,33,0,0,0,0
2024-05-19,SKU_001,ecomm,78,17,0,0,0,0
2024-05-20,SKU_001,ecomm,38,40,0,0,0,0
2024-05-21,SKU_001,ecomm,2,36,0,0,0,0
2024-05-22,SKU_001,ecomm,0,2,33,0,0,0
2024-05-23,SKU_001,ecomm,0,0,41,0,0,0
2024-05-24,SKU_001,ecomm,0,0,15,0,0,0
2024-05-25,SKU_001,ecomm,0,0,33,0,0,0
2024-05-26,SKU_001,ecomm,0,0,17,0,0,0
2024-05-27,SKU_001,ecomm,0,0,40,0,0,0
2024-05-28,SKU_001,ecomm,0,0,25,0,0,0
2024-05-29,SKU_001,ecomm,0,0,16,0,0,0
2024-05-30,SKU_001,ecomm,0,0,18,0,0,0
2024-05-31,SKU_001,ecomm,0,0,23,0,1,0
2024-06-01,SKU_001,ecomm,0,0,46,0,0,0
2024-06-02,SKU_001,ecomm,232,0,16,232,0,0
2024-06-03,SKU_001,ecomm,189,43,0,0,0,0
2024-06-04,SKU_001,ecomm,166,23,0,0,0,0
2024-06-05,SKU_001,ecomm,141,25,0,0,0,0
2024-06-06,SKU_001,ecomm,107,34,0,0,0,0
2024-06-07,SKU_001,ecomm,350,33,0,276,0,0
2024-06-08,SKU_001,ecomm,320,30,0,0,0,0
2024-06-09,SKU_001,ecomm,304,16,0,0,0,0
2024-06-10,SKU_001,ecomm,277,27,0,0,0,0
2024-06-11,SKU_001,ecomm,263,14,0,0,1,0
2024-06-12,SKU_001,ecomm,237,26,0,0,0,0
2024-06-13,SKU_001,ecomm,208,29,0,0,0,0
2024-06-14,SKU_001,ecomm,338,54,0,184,0,0
2024-06-15,SKU_001,ecomm,320,18,0,0,0,0
2024-06-16,SKU_001,ecomm,305,15,0,0,0,0
2024-06-17,SKU_001,ecomm,282,23,0,0,1,0
2024-06-18,SKU_001,ecomm,258,24,0,0,1,0
2024-06-19,SKU_001,ecomm,212,46,0,0,0,0
2024-06-20,SKU_001,ecomm,184,28,0,0,0,0
2024-06-21,SKU_001,ecomm,164,20,0,0,0,0
2024-06-22,SKU_001,ecomm,151,13,0,0,0,0
2024-06-23,SKU_001,ecomm,116,35,0,0,0,0
2024-06-24,SKU_001,ecomm,80,36,0,0,0,0
2024-06-25,SKU_001,ecomm,64,16,0,0,0,0
2024-06-26,SKU_001,ecomm,29,35,0,0,1,0
2024-06-27,SKU_001,ecomm,8,21,0,0,0,0
2024-06-28,SKU_001,ecomm,0,8,21,0,0,0
2024-06-29,SKU_001,ecomm,0,0,29,0,0,0
2024-06-30,SKU_001,ecomm,0,0,36,0,0,0
2024-07-01,SKU_001,ecomm,0,0,38,0,0,0
2024-07-02,SKU_001,ecomm,0,0,19,0,0,0
2024-07-03,SKU_001,ecomm,0,0,37,0,0,0
2024-07-04,SKU_001,ecomm,0,0,39,0,0,1
2024-07-05,SKU_001,ecomm,0,0,32,0,0,0
2024-07-06,SKU_001,ecomm,0,0,51,0,1,0
2024-07-07,SKU_001,ecomm,0,0,19,0,0,0
2024-07-08,SKU_001,ecomm,0,0,40,0,0,0
2024-07-09,SKU_001,ecomm,0,0,31,0,1,0
2024-07-10,SKU_001,ecomm,0,0,30,0,0,0
2024-07-11,SKU_001,ecomm,0,0,20,0,1,0
2024-07-12,SKU_001,ecomm,0,0,22,0,1,0
2024-07-13,SKU_001,ecomm,0,0,35,0,0,0
2024-07-14,SKU_001,ecomm,0,0,19,0,0,0
2024-07-15,SKU_001,ecomm,0,0,30,0,0,0
2024-07-16,SKU_001,ecomm,0,0,25,0,0,0
2024-07-17,SKU_001,ecomm,0,0,25,0,0,0
2024-07-18,SKU_001,ecomm,0,0,32,0,0,0
2024-07-19,SKU_001,ecomm,0,0,30,0,0,0
2024-07-20,SKU_001,ecomm,0,0,25,0,0,0
2024-07-21,SKU_001,ecomm,0,0,32,0,0,0
2024-07-22,SKU_001,ecomm,0,0,22,0,0,0
2024-07-23,SKU_001,ecomm,220,0,21,220,1,0
2024-07-24,SKU_001,ecomm,199,21,0,0,0,0
2024-07-25,SKU_001,ecomm,162,37,0,0,1,0
2024-07-26,SKU_001,ecomm,141,21,0,0,0,0
2024-07-27,SKU_001,ecomm,127,14,0,0,0,0
2024-07-28,SKU_001,ecomm,101,26,0,0,0,0
2024-07-29,SKU_001,ecomm,89,12,0,0,0,0
2024-07-30,SKU_001,ecomm,62,27,0,0,0,0
2024-07-31,SKU_001,ecomm,8,54,0,0,0,0
2024-08-01,SKU_001,ecomm,0,8,8,0,0,0
2024-08-02,SKU_001,ecomm,0,0,29,0,1,0
2024-08-03,SKU_001,ecomm,0,0,30,0,0,0
2024-08-04,SKU_001,ecomm,0,0,27,0,0,0
2024-08-05,SKU_001,ecomm,0,0,45,0,0,0
2024-08-06,SKU_001,ecomm,0,0,14,0,0,0
2024-08-07,SKU_001,ecomm,0,0,24,0,0,0
2024-08-08,SKU_001,ecomm,0,0,20,0,0,0
2024-08-09,SKU_001,ecomm,0,0,24,0,0,0
2024-08-10,SKU_001,ecomm,0,0,23,0,1,0
2024-08-11,SKU_001,ecomm,0,0,26,0,1,0
2024-08-12,SKU_001,ecomm,0,0,27,0,0,0
2024-08-13,SKU_001,ecomm,0,0,15,0,0,0
2024-08-14,SKU_001,ecomm,0,0,43,0,0,0
2024-08-15,SKU_001,ecomm,0,0,22,0,0,0
2024-08-16,SKU_001,ecomm,0,0,24,0,0,0
2024-08-17,SKU_001,ecomm,0,0,17,0,0,0
2024-08-18,SKU_001,ecomm,0,0,27,0,0,0
2024-08-19,SKU_001,ecomm,0,0,14,0,0,0
2024-08-20,SKU_001,ecomm,0,0,29,0,0,0
2024-08-21,SKU_001,ecomm,0,0,24,0,0,0
2024-08-22,SKU_001,ecomm,0,0,36,0,0,0
2024-08-23,SKU_001,ecomm,0,0,27,0,0,0
2024-08-24,SKU_001,ecomm,0,0,20,0,0,0
2024-08-25,SKU_001,ecomm,0,0,29,0,0,0
2024-08-26,SKU_001,ecomm,0,0,35,0,0,0
2024-08-27,SKU_001,ecomm,0,0,22,0,0,0
2024-08-28,SKU_001,ecomm,0,0,20,0,0,0
2024-08-29,SKU_001,ecomm,276,0,24,276,0,0
2024-08-30,SKU_001,ecomm,244,32,0,0,1,0
2024-08-31,SKU_001,ecomm,203,41,0,0,1,0
2024-09-01,SKU_001,ecomm,172,31,0,0,0,0
2024-09-02,SKU_001,ecomm,151,21,0,0,0,0
2024-09-03,SKU_001,ecomm,122,29,0,0,0,0
2024-09-04,SKU_001,ecomm,91,31,0,0,0,0
2024-09-05,SKU_001,ecomm,62,29,0,0,0,0
2024-09-06,SKU_001,ecomm,40,22,0,0,0,0
2024-09-07,SKU_001,ecomm,9,31,0,0,0,0
2024-09-08,SKU_001,ecomm,0,9,11,0,0,0
2024-09-09,SKU_001,ecomm,166,0,28,166,0,0
2024-09-10,SKU_001,ecomm,148,18,0,0,1,0
2024-09-11,SKU_001,ecomm,109,39,0,0,0,0
2024-09-12,SKU_001,ecomm,81,28,0,0,0,0
2024-09-13,SKU_001,ecomm,49,32,0,0,0,0
2024-09-14,SKU_001,ecomm,15,34,0,0,0,0
2024-09-15,SKU_001,ecomm,0,15,16,0,0,0
2024-09-16,SKU_001,ecomm,0,0,21,0,0,0
2024-09-17,SKU_001,ecomm,105,0,30,105,0,0
2024-09-18,SKU_001,ecomm,86,19,0,0,0,0
2024-09-19,SKU_001,ecomm,58,28,0,0,0,0
2024-09-20,SKU_001,ecomm,16,42,0,0,0,0
2024-09-21,SKU_001,ecomm,0,16,19,0,0,0
2024-09-22,SKU_001,ecomm,0,0,32,0,0,0
2024-09-23,SKU_001,ecomm,0,0,29,0,0,0
2024-09-24,SKU_001,ecomm,0,0,14,0,0,0
2024-09-25,SKU_001,ecomm,0,0,38,0,0,0
2024-09-26,SKU_001,ecomm,0,0,27,0,0,0
2024-09-27,SKU_001,ecomm,0,0,21,0,0,0
2024-09-28,SKU_001,ecomm,0,0,36,0,0,0
2024-09-29,SKU_001,ecomm,0,0,28,0,0,0
2024-09-30,SKU_001,ecomm,0,0,39,0,0,0
2024-10-01,SKU_001,ecomm,0,0,51,0,0,0
2024-10-02,SKU_001,ecomm,0,0,24,0,0,0
2024-10-03,SKU_001,ecomm,0,0,20,0,0,0
2024-10-04,SKU_001,ecomm,0,0,32,0,0,0
2024-10-05,SKU_001,ecomm,0,0,13,0,0,0
2024-10-06,SKU_001,ecomm,0,0,19,0,0,0
2024-10-07,SKU_001,ecomm,0,0,20,0,0,0
2024-10-08,SKU_001,ecomm,0,0,12,0,0,0
2024-10-09,SKU_001,ecomm,0,0,29,0,0,0
2024-10-10,SKU_001,ecomm,0,0,33,0,0,0
2024-10-11,SKU_001,ecomm,0,0,29,0,0,0
2024-10-12,SKU_001,ecomm,0,0,24,0,0,0
2024-10-13,SKU_001,ecomm,0,0,17,0,0,0
2024-10-14,SKU_001,ecomm,0,0,15,0,0,0
2024-10-15,SKU_001,ecomm,0,0,15,0,0,0
2024-10-16,SKU_001,ecomm,0,0,26,0,0,0
2024-10-17,SKU_001,ecomm,0,0,28,0,0,0
2024-10-18,SKU_001,ecomm,0,0,17,0,0,0
2024-10-19,SKU_001,ecomm,0,0,36,0,0,0
2024-10-20,SKU_001,ecomm,0,0,27,0,0,0
2024-10-21,SKU_001,ecomm,0,0,34,0,0,0
2024-10-22,SKU_001,ecomm,0,0,45,0,1,0
2024-10-23,SKU_001,ecomm,0,0,34,0,0,0
2024-10-24,SKU_001,ecomm,0,0,32,0,0,0
2024-10-25,SKU_001,ecomm,0,0,40,0,0,0
2024-10-26,SKU_001,ecomm,0,0,27,0,0,0
2024-10-27,SKU_001,ecomm,0,0,25,0,0,0
2024-10-28,SKU_001,ecomm,0,0,15,0,0,0
2024-10-29,SKU_001,ecomm,0,0,20,0,0,0
2024-10-30,SKU_001,ecomm,0,0,25,0,0,0
2024-10-31,SKU_001,ecomm,0,0,21,0,0,0
2024-11-01,SKU_001,ecomm,0,0,20,0,0,0
2024-11-02,SKU_001,ecomm,0,0,44,0,1,0
2024-11-03,SKU_001,ecomm,0,0,22,0,0,0
2024-11-04,SKU_001,ecomm,0,0,27,0,0,0
2024-11-05,SKU_001,ecomm,0,0,23,0,0,0
2024-11-06,SKU_001,ecomm,0,0,37,0,0,0
2024-11-07,SKU_001,ecomm,0,0,21,0,0,0
2024-11-08,SKU_001,ecomm,0,0,33,0,0,0
2024-11-09,SKU_001,ecomm,0,0,37,0,0,0
2024-11-10,SKU_001,ecomm,0,0,20,0,0,0
2024-11-11,SKU_001,ecomm,0,0,16,0,0,0
2024-11-12,SKU_001,ecomm,0,0,25,0,0,0
2024-11-13,SKU_001,ecomm,0,0,20,0,1,0
2024-11-14,SKU_001,ecomm,0,0,29,0,0,0
2024-11-15,SKU_001,ecomm,0,0,13,0,0,0
2024-11-16,SKU_001,ecomm,0,0,43,0,1,0
2024-11-17,SKU_001,ecomm,0,0,29,0,0,0
2024-11-18,SKU_001,ecomm,0,0,19,0,0,0
2024-11-19,SKU_001,ecomm,0,0,17,0,0,0
2024-11-20,SKU_001,ecomm,0,0,35,0,0,0
2024-11-21,SKU_001,ecomm,0,0,33,0,0,0
2024-11-22,SKU_001,ecomm,0,0,28,0,1,0
2024-11-23,SKU_001,ecomm,0,0,28,0,0,0
2024-11-24,SKU_001,ecomm,114,0,23,114,0,0
2024-11-25,SKU_001,ecomm,98,16,0,0,0,0
2024-11-26,SKU_001,ecomm,53,45,0,0,1,0
2024-11-27,SKU_001,ecomm,20,33,0,0,0,0
2024-11-28,SKU_001,ecomm,0,20,4,0,0,1
2024-11-29,SKU_001,ecomm,0,0,25,0,0,0
2024-11-30,SKU_001,ecomm,0,0,24,0,0,0
2024-12-01,SKU_001,ecomm,0,0,10,0,0,0
2024-12-02,SKU_001,ecomm,0,0,26,0,0,0
2024-12-03,SKU_001,ecomm,0,0,17,0,0,0
2024-12-04,SKU_001,ecomm,127,0,24,127,0,0
2024-12-05,SKU_001,ecomm,103,24,0,0,1,0
2024-12-06,SKU_001,ecomm,76,27,0,0,0,0
2024-12-07,SKU_001,ecomm,41,35,0,0,0,0
2024-12-08,SKU_001,ecomm,4,37,0,0,0,0
2024-12-09,SKU_001,ecomm,0,4,26,0,0,0
2024-12-10,SKU_001,ecomm,133,0,41,133,0,0
2024-12-11,SKU_001,ecomm,103,30,0,0,1,0
2024-12-12,SKU_001,ecomm,70,33,0,0,0,0
2024-12-13,SKU_001,ecomm,41,29,0,0,0,0
2024-12-14,SKU_001,ecomm,10,31,0,0,0,0
2024-12-15,SKU_001,ecomm,0,10,34,0,0,0
2024-12-16,SKU_001,ecomm,0,0,20,0,0,0
2024-12-17,SKU_001,ecomm,0,0,12,0,0,0
2024-12-18,SKU_001,ecomm,0,0,38,0,0,0
2024-12-19,SKU_001,ecomm,0,0,32,0,0,0
2024-12-20,SKU_001,ecomm,0,0,24,0,0,0
2024-12-21,SKU_001,ecomm,0,0,16,0,0,0
2024-12-22,SKU_001,ecomm,0,0,21,0,0,0
2024-12-23,SKU_001,ecomm,0,0,41,0,0,0
2024-12-24,SKU_001,ecomm,0,0,21,0,1,0
2024-12-25,SKU_001,ecomm,0,0,23,0,0,1
2024-12-26,SKU_001,ecomm,0,0,21,0,0,0
2024-12-27,SKU_001,ecomm,0,0,21,0,0,0
2024-12-28,SKU_001,ecomm,0,0,24,0,0,0
2024-12-29,SKU_001,ecomm,0,0,36,0,0,0
2024-12-30,SKU_001,ecomm,0,0,21,0,0,0
2024-12-31,SKU_001,ecomm,0,0,28,0,0,0
2023-01-01,SKU_001,amazon,464,36,0,0,0,1
2023-01-02,SKU_001,amazon,435,29,0,0,0,0
2023-01-03,SKU_001,amazon,403,32,0,0,0,0
2023-01-04,SKU_001,amazon,375,28,0,0,1,0
2023-01-05,SKU_001,amazon,352,23,0,0,0,0
2023-01-06,SKU_001,amazon,320,32,0,0,0,0
2023-01-07,SKU_001,amazon,303,17,0,0,0,0
2023-01-08,SKU_001,amazon,272,31,0,0,0,0
2023-01-09,SKU_001,amazon,252,20,0,0,0,0
2023-01-10,SKU_001,amazon,232,20,0,0,0,0
2023-01-11,SKU_001,amazon,203,29,0,0,0,0
2023-01-12,SKU_001,amazon,167,36,0,0,0,0
2023-01-13,SKU_001,amazon,129,38,0,0,0,0
2023-01-14,SKU_001,amazon,84,45,0,0,0,0
2023-01-15,SKU_001,amazon,57,27,0,0,0,0
2023-01-16,SKU_001,amazon,27,30,0,0,0,0
2023-01-17,SKU_001,amazon,3,24,0,0,0,0
2023-01-18,SKU_001,amazon,0,3,27,0,0,0
2023-01-19,SKU_001,amazon,0,0,29,0,0,0
2023-01-20,SKU_001,amazon,0,0,22,0,0,0
2023-01-21,SKU_001,amazon,0,0,41,0,0,0
2023-01-22,SKU_001,amazon,0,0,38,0,1,0
2023-01-23,SKU_001,amazon,0,0,20,0,0,0
2023-01-24,SKU_001,amazon,0,0,22,0,0,0
2023-01-25,SKU_001,amazon,0,0,20,0,0,0
2023-01-26,SKU_001,amazon,0,0,39,0,0,0
2023-01-27,SKU_001,amazon,0,0,43,0,0,0
2023-01-28,SKU_001,amazon,0,0,38,0,0,0
2023-01-29,SKU_001,amazon,0,0,33,0,0,0
2023-01-30,SKU_001,amazon,0,0,29,0,0,0
2023-01-31,SKU_001,amazon,0,0,32,0,0,0
2023-02-01,SKU_001,amazon,0,0,23,0,1,0
2023-02-02,SKU_001,amazon,0,0,32,0,0,0
2023-02-03,SKU_001,amazon,0,0,16,0,0,0
2023-02-04,SKU_001,amazon,0,0,28,0,0,0
2023-02-05,SKU_001,amazon,0,0,38,0,0,0
2023-02-06,SKU_001,amazon,0,0,31,0,0,0
2023-02-07,SKU_001,amazon,0,0,25,0,0,0
2023-02-08,SKU_001,amazon,271,0,47,271,0,0
2023-02-09,SKU_001,amazon,240,31,0,0,0,0
2023-02-10,SKU_001,amazon,209,31,0,0,1,0
2023-02-11,SKU_001,amazon,193,16,0,0,0,0
2023-02-12,SKU_001,amazon,162,31,0,0,0,0
2023-02-13,SKU_001,amazon,115,47,0,0,0,0
2023-02-14,SKU_001,amazon,84,31,0,0,0,0
2023-02-15,SKU_001,amazon,48,36,0,0,0,0
2023-02-16,SKU_001,amazon,24,24,0,0,0,0
2023-02-17,SKU_001,amazon,0,24,7,0,0,0
2023-02-18,SKU_001,amazon,0,0,19,0,0,0
2023-02-19,SKU_001,amazon,0,0,43,0,0,0
2023-02-20,SKU_001,amazon,255,0,37,255,0,0
2023-02-21,SKU_001,amazon,213,42,0,0,1,0
2023-02-22,SKU_001,amazon,180,33,0,0,0,0
2023-02-23,SKU_001,amazon,146,34,0,0,1,0
2023-02-24,SKU_001,amazon,104,42,0,0,0,0
2023-02-25,SKU_001,amazon,72,32,0,0,0,0
2023-02-26,SKU_001,amazon,36,36,0,0,0,0
2023-02-27,SKU_001,amazon,8,28,0,0,0,0
2023-02-28,SKU_001,amazon,0,8,15,0,1,0
2023-03-01,SKU_001,amazon,0,0,11,0,0,0
2023-03-02,SKU_001,amazon,0,0,27,0,0,0
2023-03-03,SKU_001,amazon,0,0,18,0,0,0
2023-03-04,SKU_001,amazon,0,0,16,0,0,0
2023-03-05,SKU_001,amazon,0,0,36,0,0,0
2023-03-06,SKU_001,amazon,0,0,47,0,0,0
2023-03-07,SKU_001,amazon,0,0,24,0,0,0
2023-03-08,SKU_001,amazon,0,0,35,0,0,0
2023-03-09,SKU_001,amazon,0,0,14,0,0,0
2023-03-10,SKU_001,amazon,0,0,41,0,0,0
2023-03-11,SKU_001,amazon,0,0,10,0,0,0
2023-03-12,SKU_001,amazon,0,0,27,0,0,0
2023-03-13,SKU_001,amazon,0,0,49,0,0,0
2023-03-14,SKU_001,amazon,0,0,19,0,0,0
2023-03-15,SKU_001,amazon,0,0,22,0,0,0
2023-03-16,SKU_001,amazon,0,0,43,0,0,0
2023-03-17,SKU_001,amazon,285,0,27,285,0,0
2023-03-18,SKU_001,amazon,274,11,0,0,0,0
2023-03-19,SKU_001,amazon,243,31,0,0,0,0
2023-03-20,SKU_001,amazon,223,20,0,0,0,0
2023-03-21,SKU_001,amazon,183,40,0,0,0,0
2023-03-22,SKU_001,amazon,154,29,0,0,0,0
2023-03-23,SKU_001,amazon,400,10,0,256,0,0
2023-03-24,SKU_001,amazon,383,17,0,0,0,0
2023-03-25,SKU_001,amazon,346,37,0,0,0,0
2023-03-26,SKU_001,amazon,315,31,0,0,0,0
2023-03-27,SKU_001,amazon,282,33,0,0,0,0
2023-03-28,SKU_001,amazon,263,19,0,0,1,0
2023-03-29,SKU_001,amazon,236,27,0,0,0,0
2023-03-30,SKU_001,amazon,206,30,0,0,0,0
2023-03-31,SKU_001,amazon,171,35,0,0,0,0
2023-04-01,SKU_001,amazon,140,31,0,0,0,0
2023-04-02,SKU_001,amazon,108,32,0,0,0,0
2023-04-03,SKU_001,amazon,80,28,0,0,0,0
2023-04-04,SKU_001,amazon,40,40,0,0,0,0
2023-04-05,SKU_001,amazon,23,17,0,0,0,0
2023-04-06,SKU_001,amazon,0,23,1,0,0,0
2023-04-07,SKU_001,amazon,0,0,26,0,0,0
2023-04-08,SKU_001,amazon,0,0,21,0,0,0
2023-04-09,SKU_001,amazon,185,0,26,185,0,0
2023-04-10,SKU_001,amazon,147,38,0,0,0,0
2023-04-11,SKU_001,amazon,113,34,0,0,0,0
2023-04-12,SKU_001,amazon,83,30,0,0,0,0
2023-04-13,SKU_001,amazon,60,23,0,0,0,0
2023-04-14,SKU_001,amazon,24,36,0,0,0,0
2023-04-15,SKU_001,amazon,0,24,7,0,0,0
2023-04-16,SKU_001,amazon,0,0,23,0,1,0
2023-04-17,SKU_001,amazon,0,0,22,0,0,0
2023-04-18,SKU_001,amazon,0,0,21,0,0,0
2023-04-19,SKU_001,amazon,0,0,34,0,0,0
2023-04-20,SKU_001,amazon,0,0,37,0,0,0
2023-04-21,SKU_001,amazon,0,0,34,0,0,0
2023-04-22,SKU_001,amazon,0,0,24,0,0,0
2023-04-23,SKU_001,amazon,0,0,17,0,0,0
2023-04-24,SKU_001,amazon,0,0,13,0,1,0
2023-04-25,SKU_001,amazon,159,0,38,159,1,0
2023-04-26,SKU_001,amazon,130,29,0,0,0,0
2023-04-27,SKU_001,amazon,90,40,0,0,0,0
2023-04-28,SKU_001,amazon,65,25,0,0,0,0
2023-04-29,SKU_001,amazon,46,19,0,0,0,0
2023-04-30,SKU_001,amazon,18,28,0,0,0,0
2023-05-01,SKU_001,amazon,0,18,11,0,0,0
2023-05-02,SKU_001,amazon,0,0,30,0,0,0
2023-05-03,SKU_001,amazon,0,0,11,0,0,0
2023-05-04,SKU_001,amazon,0,0,21,0,0,0
2023-05-05,SKU_001,amazon,0,0,30,0,0,0
2023-05-06,SKU_001,amazon,0,0,15,0,0,0
2023-05-07,SKU_001,amazon,0,0,29,0,0,0
2023-05-08,SKU_001,amazon,0,0,38,0,0,0
2023-05-09,SKU_001,amazon,0,0,13,0,0,0
2023-05-10,SKU_001,amazon,0,0,34,0,0,0
2023-05-11,SKU_001,amazon,0,0,33,0,0,0
2023-05-12,SKU_001,amazon,0,0,27,0,0,0
2023-05-13,SKU_001,amazon,0,0,40,0,0,0
2023-05-14,SKU_001,amazon,119,0,33,119,0,0
2023-05-15,SKU_001,amazon,82,37,0,0,0,0
2023-05-16,SKU_001,amazon,50,32,0,0,1,0
2023-05-17,SKU_001,amazon,32,18,0,0,1,0
2023-05-18,SKU_001,amazon,0,32,3,0,0,0
2023-05-19,SKU_001,amazon,0,0,45,0,0,0
2023-05-20,SKU_001,amazon,0,0,46,0,0,0
2023-05-21,SKU_001,amazon,0,0,19,0,0,0
2023-05-22,SKU_001,amazon,0,0,17,0,0,0
2023-05-23,SKU_001,amazon,0,0,31,0,1,0
2023-05-24,SKU_001,amazon,0,0,8,0,0,0
2023-05-25,SKU_001,amazon,0,0,38,0,1,0
2023-05-26,SKU_001,amazon,0,0,19,0,0,0
2023-05-27,SKU_001,amazon,0,0,21,0,0,0
2023-05-28,SKU_001,amazon,0,0,26,0,0,0
2023-05-29,SKU_001,amazon,0,0,46,0,0,0
2023-05-30,SKU_001,amazon,0,0,44,0,0,0
2023-05-31,SKU_001,amazon,0,0,26,0,0,0
2023-06-01,SKU_001,amazon,0,0,22,0,0,0
2023-06-02,SKU_001,amazon,0,0,29,0,0,0
2023-06-03,SKU_001,amazon,0,0,7,0,0,0
2023-06-04,SKU_001,amazon,0,0,22,0,0,0
2023-06-05,SKU_001,amazon,0,0,31,0,0,0
2023-06-06,SKU_001,amazon,0,0,39,0,0,0
2023-06-07,SKU_001,amazon,0,0,12,0,0,0
2023-06-08,SKU_001,amazon,0,0,18,0,0,0
2023-06-09,SKU_001,amazon,0,0,29,0,1,0
2023-06-10,SKU_001,amazon,196,0,28,196,0,0
2023-06-11,SKU_001,amazon,175,21,0,0,0,0
2023-06-12,SKU_001,amazon,157,18,0,0,0,0
2023-06-13,SKU_001,amazon,141,16,0,0,0,0
2023-06-14,SKU_001,amazon,106,35,0,0,0,0
2023-06-15,SKU_001,amazon,79,27,0,0,0,0
2023-06-16,SKU_001,amazon,49,30,0,0,1,0
2023-06-17,SKU_001,amazon,15,34,0,0,0,0
2023-06-18,SKU_001,amazon,0,15,17,0,0,0
2023-06-19,SKU_001,amazon,0,0,18,0,0,0
2023-06-20,SKU_001,amazon,0,0,29,0,0,0
2023-06-21,SKU_001,amazon,0,0,15,0,0,0
2023-06-22,SKU_001,amazon,0,0,29,0,0,0
2023-06-23,SKU_001,amazon,0,0,20,0,0,0
2023-06-24,SKU_001,amazon,0,0,35,0,0,0
2023-06-25,SKU_001,amazon,219,0,33,219,0,0
2023-06-26,SKU_001,amazon,185,34,0,0,0,0
2023-06-27,SKU_001,amazon,175,10,0,0,0,0
2023-06-28,SKU_001,amazon,159,16,0,0,0,0
2023-06-29,SKU_001,amazon,138,21,0,0,0,0
2023-06-30,SKU_001,amazon,98,40,0,0,0,0
2023-07-01,SKU_001,amazon,86,12,0,0,0,0
2023-07-02,SKU_001,amazon,70,16,0,0,1,0
2023-07-03,SKU_001,amazon,28,42,0,0,0,0
2023-07-04,SKU_001,amazon,0,28,12,0,0,1
2023-07-05,SKU_001,amazon,0,0,27,0,0,0
2023-07-06,SKU_001,amazon,0,0,21,0,0,0
2023-07-07,SKU_001,amazon,200,0,21,200,0,0
2023-07-08,SKU_001,amazon,172,28,0,0,1,0
2023-07-09,SKU_001,amazon,148,24,0,0,0,0
2023-07-10,SKU_001,amazon,131,17,0,0,0,0
2023-07-11,SKU_001,amazon,107,24,0,0,0,0
2023-07-12,SKU_001,amazon,85,22,0,0,1,0
2023-07-13,SKU_001,amazon,53,32,0,0,0,0
2023-07-14,SKU_001,amazon,25,28,0,0,0,0
2023-07-15,SKU_001,amazon,0,25,2,0,0,0
2023-07-16,SKU_001,amazon,0,0,18,0,0,0
2023-07-17,SKU_001,amazon,0,0,24,0,0,0
2023-07-18,SKU_001,amazon,0,0,35,0,0,0
2023-07-19,SKU_001,amazon,0,0,28,0,0,0
2023-07-20,SKU_001,amazon,0,0,28,0,0,0
2023-07-21,SKU_001,amazon,0,0,34,0,0,0
2023-07-22,SKU_001,amazon,0,0,18,0,0,0
2023-07-23,SKU_001,amazon,0,0,39,0,0,0
2023-07-24,SKU_001,amazon,0,0,31,0,0,0
2023-07-25,SKU_001,amazon,0,0,35,0,0,0
2023-07-26,SKU_001,amazon,0,0,20,0,0,0
2023-07-27,SKU_001,amazon,0,0,24,0,0,0
2023-07-28,SKU_001,amazon,0,0,18,0,0,0
2023-07-29,SKU_001,amazon,0,0,14,0,0,0
2023-07-30,SKU_001,amazon,0,0,27,0,0,0
2023-07-31,SKU_001,amazon,0,0,16,0,0,0
2023-08-01,SKU_001,amazon,0,0,36,0,0,0
2023-08-02,SKU_001,amazon,0,0,42,0,0,0
2023-08-03,SKU_001,amazon,0,0,20,0,1,0
2023-08-04,SKU_001,amazon,208,0,40,208,0,0
2023-08-05,SKU_001,amazon,183,25,0,0,0,0
2023-08-06,SKU_001,amazon,157,26,0,0,0,0
2023-08-07,SKU_001,amazon,140,17,0,0,0,0
2023-08-08,SKU_001,amazon,208,33,0,101,0,0
2023-08-09,SKU_001,amazon,195,13,0,0,0,0
2023-08-10,SKU_001,amazon,162,33,0,0,0,0
2023-08-11,SKU_001,amazon,140,22,0,0,0,0
2023-08-12,SKU_001,amazon,112,28,0,0,0,0
2023-08-13,SKU_001,amazon,71,41,0,0,0,0
2023-08-14,SKU_001,amazon,41,30,0,0,0,0
2023-08-15,SKU_001,amazon,7,34,0,0,0,0
2023-08-16,SKU_001,amazon,0,7,32,0,0,0
2023-08-17,SKU_001,amazon,0,0,28,0,0,0
2023-08-18,SKU_001,amazon,0,0,26,0,0,0
2023-08-19,SKU_001,amazon,0,0,17,0,0,0
2023-08-20,SKU_001,amazon,0,0,19,0,0,0
2023-08-21,SKU_001,amazon,0,0,23,0,0,0
2023-08-22,SKU_001,amazon,0,0,20,0,1,0
2023-08-23,SKU_001,amazon,0,0,35,0,1,0
2023-08-24,SKU_001,amazon,0,0,29,0,0,0
2023-08-25,SKU_001,amazon,0,0,28,0,0,0
2023-08-26,SKU_001,amazon,0,0,14,0,0,0
2023-08-27,SKU_001,amazon,0,0,20,0,0,0
2023-08-28,SKU_001,amazon,0,0,20,0,0,0
2023-08-29,SKU_001,amazon,0,0,28,0,0,0
2023-08-30,SKU_001,amazon,0,0,20,0,0,0
2023-08-31,SKU_001,amazon,120,0,33,120,0,0
2023-09-01,SKU_001,amazon,92,28,0,0,0,0
2023-09-02,SKU_001,amazon,73,19,0,0,0,0
2023-09-03,SKU_001,amazon,36,37,0,0,0,0
2023-09-04,SKU_001,amazon,1,35,0,0,0,0
2023-09-05,SKU_001,amazon,0,1,25,0,0,0
2023-09-06,SKU_001,amazon,0,0,26,0,0,0
2023-09-07,SKU_001,amazon,0,0,48,0,1,0
2023-09-08,SKU_001,amazon,0,0,12,0,0,0
2023-09-09,SKU_001,amazon,0,0,34,0,0,0
2023-09-10,SKU_001,amazon,0,0,32,0,1,0
2023-09-11,SKU_001,amazon,0,0,26,0,0,0
2023-09-12,SKU_001,amazon,117,0,27,117,1,0
2023-09-13,SKU_001,amazon,90,27,0,0,0,0
2023-09-14,SKU_001,amazon,67,23,0,0,0,0
2023-09-15,SKU_001,amazon,43,24,0,0,0,0
2023-09-16,SKU_001,amazon,19,24,0,0,0,0
2023-09-17,SKU_001,amazon,0,19,12,0,0,0
2023-09-18,SKU_001,amazon,0,0,21,0,0,0
2023-09-19,SKU_001,amazon,0,0,43,0,0,0
2023-09-20,SKU_001,amazon,0,0,12,0,0,0
2023-09-21,SKU_001,amazon,0,0,20,0,1,0
2023-09-22,SKU_001,amazon,0,0,35,0,0,0
2023-09-23,SKU_001,amazon,0,0,20,0,0,0
2023-09-24,SKU_001,amazon,0,0,19,0,0,0
2023-09-25,SKU_001,amazon,0,0,35,0,0,0
2023-09-26,SKU_001,amazon,0,0,28,0,0,0
2023-09-27,SKU_001,amazon,0,0,21,0,0,0
2023-09-28,SKU_001,amazon,0,0,27,0,0,0
2023-09-29,SKU_001,amazon,0,0,39,0,0,0
2023-09-30,SKU_001,amazon,0,0,13,0,0,0
2023-10-01,SKU_001,amazon,0,0,7,0,0,0
2023-10-02,SKU_001,amazon,0,0,25,0,0,0
2023-10-03,SKU_001,amazon,0,0,25,0,0,0
2023-10-04,SKU_001,amazon,0,0,29,0,0,0
2023-10-05,SKU_001,amazon,0,0,20,0,0,0
2023-10-06,SKU_001,amazon,0,0,35,0,0,0
2023-10-07,SKU_001,amazon,0,0,12,0,0,0
2023-10-08,SKU_001,amazon,0,0,35,0,0,0
2023-10-09,SKU_001,amazon,0,0,16,0,1,0
2023-10-10,SKU_001,amazon,0,0,23,0,0,0
2023-10-11,SKU_001,amazon,0,0,24,0,0,0
2023-10-12,SKU_001,amazon,0,0,28,0,1,0
2023-10-13,SKU_001,amazon,0,0,24,0,0,0
2023-10-14,SKU_001,amazon,0,0,11,0,0,0
2023-10-15,SKU_001,amazon,184,0,23,184,0,0
2023-10-16,SKU_001,amazon,147,37,0,0,0,0
2023-10-17,SKU_001,amazon,118,29,0,0,0,0
2023-10-18,SKU_001,amazon,95,23,0,0,1,0
2023-10-19,SKU_001,amazon,65,30,0,0,0,0
2023-10-20,SKU_001,amazon,31,34,0,0,0,0
2023-10-21,SKU_001,amazon,0,31,4,0,0,0
2023-10-22,SKU_001,amazon,0,0,26,0,0,0
2023-10-23,SKU_001,amazon,0,0,11,0,0,0
2023-10-24,SKU_001,amazon,0,0,43,0,0,0
2023-10-25,SKU_001,amazon,0,0,23,0,0,0
2023-10-26,SKU_001,amazon,0,0,27,0,0,0
2023-10-27,SKU_001,amazon,0,0,19,0,0,0
2023-10-28,SKU_001,amazon,0,0,36,0,1,0
2023-10-29,SKU_001,amazon,0,0,41,0,0,0
2023-10-30,SKU_001,amazon,0,0,25,0,0,0
2023-10-31,SKU_001,amazon,0,0,25,0,0,0
2023-11-01,SKU_001,amazon,0,0,39,0,0,0
2023-11-02,SKU_001,amazon,0,0,27,0,0,0
2023-11-03,SKU_001,amazon,0,0,44,0,0,0
2023-11-04,SKU_001,amazon,0,0,21,0,0,0
2023-11-05,SKU_001,amazon,0,0,21,0,0,0
2023-11-06,SKU_001,amazon,0,0,38,0,0,0
2023-11-07,SKU_001,amazon,0,0,53,0,0,0
2023-11-08,SKU_001,amazon,0,0,19,0,0,0
2023-11-09,SKU_001,amazon,0,0,19,0,0,0
2023-11-10,SKU_001,amazon,0,0,27,0,0,0
2023-11-11,SKU_001,amazon,0,0,32,0,0,0
2023-11-12,SKU_001,amazon,159,0,24,159,0,0
2023-11-13,SKU_001,amazon,136,23,0,0,0,0
2023-11-14,SKU_001,amazon,107,29,0,0,0,0
2023-11-15,SKU_001,amazon,92,15,0,0,1,0
2023-11-16,SKU_001,amazon,217,6,0,131,0,0
2023-11-17,SKU_001,amazon,194,23,0,0,0,0
2023-11-18,SKU_001,amazon,165,29,0,0,0,0
2023-11-19,SKU_001,amazon,149,16,0,0,0,0
2023-11-20,SKU_001,amazon,114,35,0,0,0,0
2023-11-21,SKU_001,amazon,76,38,0,0,0,0
2023-11-22,SKU_001,amazon,23,53,0,0,0,0
2023-11-23,SKU_001,amazon,0,23,8,0,1,1
2023-11-24,SKU_001,amazon,0,0,26,0,0,0
2023-11-25,SKU_001,amazon,0,0,29,0,0,0
2023-11-26,SKU_001,amazon,0,0,28,0,0,0
2023-11-27,SKU_001,amazon,0,0,22,0,0,0
2023-11-28,SKU_001,amazon,0,0,25,0,0,0
2023-11-29,SKU_001,amazon,0,0,30,0,1,0
2023-11-30,SKU_001,amazon,0,0,22,0,1,0
2023-12-01,SKU_001,amazon,0,0,27,0,0,0
2023-12-02,SKU_001,amazon,0,0,24,0,1,0
2023-12-03,SKU_001,amazon,0,0,45,0,1,0
2023-12-04,SKU_001,amazon,0,0,25,0,1,0
2023-12-05,SKU_001,amazon,0,0,28,0,0,0
2023-12-06,SKU_001,amazon,0,0,33,0,0,0
2023-12-07,SKU_001,amazon,0,0,23,0,0,0
2023-12-08,SKU_001,amazon,0,0,28,0,0,0
2023-12-09,SKU_001,amazon,0,0,20,0,0,0
2023-12-10,SKU_001,amazon,242,0,35,242,0,0
2023-12-11,SKU_001,amazon,328,27,0,113,0,0
2023-12-12,SKU_001,amazon,308,20,0,0,0,0
2023-12-13,SKU_001,amazon,290,18,0,0,0,0
2023-12-14,SKU_001,amazon,256,34,0,0,1,0
2023-12-15,SKU_001,amazon,238,18,0,0,0,0
2023-12-16,SKU_001,amazon,224,14,0,0,0,0
2023-12-17,SKU_001,amazon,196,28,0,0,0,0
2023-12-18,SKU_001,amazon,166,30,0,0,1,0
2023-12-19,SKU_001,amazon,121,45,0,0,1,0
2023-12-20,SKU_001,amazon,99,22,0,0,0,0
2023-12-21,SKU_001,amazon,68,31,0,0,0,0
2023-12-22,SKU_001,amazon,37,31,0,0,0,0
2023-12-23,SKU_001,amazon,0,37,0,0,0,0
2023-12-24,SKU_001,amazon,0,0,32,0,0,0
2023-12-25,SKU_001,amazon,0,0,18,0,0,1
2023-12-26,SKU_001,amazon,0,0,20,0,0,0
2023-12-27,SKU_001,amazon,0,0,31,0,0,0
2023-12-28,SKU_001,amazon,0,0,34,0,0,0
2023-12-29,SKU_001,amazon,0,0,37,0,0,0
2023-12-30,SKU_001,amazon,0,0,20,0,0,0
2023-12-31,SKU_001,amazon,0,0,21,0,1,0
2024-01-01,SKU_001,amazon,0,0,25,0,0,1
2024-01-02,SKU_001,amazon,0,0,38,0,0,0
2024-01-03,SKU_001,amazon,0,0,31,0,0,0
2024-01-04,SKU_001,amazon,0,0,35,0,0,0
2024-01-05,SKU_001,amazon,0,0,31,0,0,0
2024-01-06,SKU_001,amazon,0,0,29,0,0,0
2024-01-07,SKU_001,amazon,0,0,25,0,0,0
2024-01-08,SKU_001,amazon,0,0,42,0,0,0
2024-01-09,SKU_001,amazon,0,0,20,0,0,0
2024-01-10,SKU_001,amazon,0,0,25,0,0,0
2024-01-11,SKU_001,amazon,0,0,16,0,0,0
2024-01-12,SKU_001,amazon,0,0,32,0,0,0
2024-01-13,SKU_001,amazon,0,0,18,0,0,0
2024-01-14,SKU_001,amazon,0,0,21,0,0,0
2024-01-15,SKU_001,amazon,0,0,15,0,0,0
2024-01-16,SKU_001,amazon,0,0,32,0,0,0
2024-01-17,SKU_001,amazon,0,0,41,0,0,0
2024-01-18,SKU_001,amazon,0,0,21,0,0,0
2024-01-19,SKU_001,amazon,0,0,9,0,0,0
2024-01-20,SKU_001,amazon,0,0,33,0,0,0
2024-01-21,SKU_001,amazon,0,0,31,0,0,0
2024-01-22,SKU_001,amazon,0,0,35,0,0,0
2024-01-23,SKU_001,amazon,0,0,43,0,0,0
2024-01-24,SKU_001,amazon,0,0,36,0,0,0
2024-01-25,SKU_001,amazon,0,0,34,0,0,0
2024-01-26,SKU_001,amazon,0,0,23,0,0,0
2024-01-27,SKU_001,amazon,0,0,21,0,0,0
2024-01-28,SKU_001,amazon,0,0,32,0,0,0
2024-01-29,SKU_001,amazon,0,0,24,0,0,0
2024-01-30,SKU_001,amazon,0,0,26,0,0,0
2024-01-31,SKU_001,amazon,0,0,13,0,0,0
2024-02-01,SKU_001,amazon,0,0,31,0,0,0
2024-02-02,SKU_001,amazon,0,0,30,0,0,0
2024-02-03,SKU_001,amazon,202,0,33,202,0,0
2024-02-04,SKU_001,amazon,170,32,0,0,0,0
2024-02-05,SKU_001,amazon,154,16,0,0,0,0
2024-02-06,SKU_001,amazon,129,25,0,0,0,0
2024-02-07,SKU_001,amazon,102,27,0,0,0,0
2024-02-08,SKU_001,amazon,75,27,0,0,0,0
2024-02-09,SKU_001,amazon,48,27,0,0,1,0
2024-02-10,SKU_001,amazon,20,28,0,0,0,0
2024-02-11,SKU_001,amazon,2,18,0,0,0,0
2024-02-12,SKU_001,amazon,0,2,26,0,0,0
2024-02-13,SKU_001,amazon,0,0,28,0,0,0
2024-02-14,SKU_001,amazon,0,0,21,0,0,0
2024-02-15,SKU_001,amazon,0,0,31,0,0,0
2024-02-16,SKU_001,amazon,0,0,35,0,0,0
2024-02-17,SKU_001,amazon,0,0,25,0,0,0
2024-02-18,SKU_001,amazon,0,0,39,0,0,0
2024-02-19,SKU_001,amazon,0,0,26,0,0,0
2024-02-20,SKU_001,amazon,0,0,27,0,0,0
2024-02-21,SKU_001,amazon,0,0,45,0,0,0
2024-02-22,SKU_001,amazon,0,0,27,0,0,0
2024-02-23,SKU_001,amazon,0,0,38,0,0,0
2024-02-24,SKU_001,amazon,0,0,23,0,0,0
2024-02-25,SKU_001,amazon,0,0,19,0,0,0
2024-02-26,SKU_001,amazon,0,0,15,0,0,0
2024-02-27,SKU_001,amazon,0,0,23,0,0,0
2024-02-28,SKU_001,amazon,0,0,21,0,0,0
2024-02-29,SKU_001,amazon,225,0,39,225,1,0
2024-03-01,SKU_001,amazon,200,25,0,0,0,0
2024-03-02,SKU_001,amazon,166,34,0,0,0,0
2024-03-03,SKU_001,amazon,153,13,0,0,0,0
2024-03-04,SKU_001,amazon,115,38,0,0,1,0
2024-03-05,SKU_001,amazon,88,27,0,0,0,0
2024-03-06,SKU_001,amazon,54,34,0,0,0,0
2024-03-07,SKU_001,amazon,25,29,0,0,0,0
2024-03-08,SKU_001,amazon,0,25,2,0,0,0
2024-03-09,SKU_001,amazon,0,0,19,0,0,0
2024-03-10,SKU_001,amazon,0,0,14,0,0,0
2024-03-11,SKU_001,amazon,0,0,20,0,0,0
2024-03-12,SKU_001,amazon,0,0,29,0,0,0
2024-03-13,SKU_001,amazon,0,0,29,0,0,0
2024-03-14,SKU_001,amazon,0,0,36,0,0,0
2024-03-15,SKU_001,amazon,175,0,18,175,1,0
2024-03-16,SKU_001,amazon,129,46,0,0,0,0
2024-03-17,SKU_001,amazon,97,32,0,0,1,0
2024-03-18,SKU_001,amazon,79,18,0,0,0,0
2024-03-19,SKU_001,amazon,59,20,0,0,0,0
2024-03-20,SKU_001,amazon,38,21,0,0,0,0
2024-03-21,SKU_001,amazon,22,16,0,0,0,0
2024-03-22,SKU_001,amazon,0,22,3,0,0,0
2024-03-23,SKU_001,amazon,0,0,17,0,0,0
2024-03-24,SKU_001,amazon,0,0,19,0,0,0
2024-03-25,SKU_001,amazon,0,0,34,0,0,0
2024-03-26,SKU_001,amazon,0,0,21,0,0,0
2024-03-27,SKU_001,amazon,0,0,28,0,0,0
2024-03-28,SKU_001,amazon,0,0,36,0,0,0
2024-03-29,SKU_001,amazon,0,0,31,0,0,0
2024-03-30,SKU_001,amazon,0,0,29,0,0,0
2024-03-31,SKU_001,amazon,0,0,38,0,0,0
2024-04-01,SKU_001,amazon,0,0,30,0,0,0
2024-04-02,SKU_001,amazon,0,0,33,0,0,0
2024-04-03,SKU_001,amazon,0,0,31,0,0,0
2024-04-04,SKU_001,amazon,0,0,33,0,1,0
2024-04-05,SKU_001,amazon,0,0,24,0,0,0
2024-04-06,SKU_001,amazon,0,0,33,0,0,0
2024-04-07,SKU_001,amazon,0,0,35,0,0,0
2024-04-08,SKU_001,amazon,0,0,30,0,1,0
2024-04-09,SKU_001,amazon,0,0,17,0,0,0
2024-04-10,SKU_001,amazon,0,0,29,0,0,0
2024-04-11,SKU_001,amazon,0,0,16,0,0,0
2024-04-12,SKU_001,amazon,0,0,17,0,1,0
2024-04-13,SKU_001,amazon,272,0,25,272,0,0
2024-04-14,SKU_001,amazon,240,32,0,0,0,0
2024-04-15,SKU_001,amazon,189,51,0,0,0,0
2024-04-16,SKU_001,amazon,165,24,0,0,0,0
2024-04-17,SKU_001,amazon,131,34,0,0,0,0
2024-04-18,SKU_001,amazon,107,24,0,0,0,0
2024-04-19,SKU_001,amazon,93,14,0,0,0,0
2024-04-20,SKU_001,amazon,82,11,0,0,0,0
2024-04-21,SKU_001,amazon,63,19,0,0,0,0
2024-04-22,SKU_001,amazon,43,20,0,0,1,0
2024-04-23,SKU_001,amazon,11,32,0,0,1,0
2024-04-24,SKU_001,amazon,0,11,9,0,0,0
2024-04-25,SKU_001,amazon,0,0,20,0,0,0
2024-04-26,SKU_001,amazon,0,0,17,0,0,0
2024-04-27,SKU_001,amazon,0,0,12,0,0,0
2024-04-28,SKU_001,amazon,0,0,28,0,0,0
2024-04-29,SKU_001,amazon,0,0,13,0,0,0
2024-04-30,SKU_001,amazon,0,0,27,0,0,0
2024-05-01,SKU_001,amazon,0,0,21,0,0,0
2024-05-02,SKU_001,amazon,0,0,25,0,0,0
2024-05-03,SKU_001,amazon,0,0,22,0,1,0
2024-05-04,SKU_001,amazon,0,0,28,0,0,0
2024-05-05,SKU_001,amazon,0,0,36,0,0,0
2024-05-06,SKU_001,amazon,0,0,16,0,0,0
2024-05-07,SKU_001,amazon,0,0,23,0,0,0
2024-05-08,SKU_001,amazon,0,0,33,0,0,0
2024-05-09,SKU_001,amazon,0,0,28,0,0,0
2024-05-10,SKU_001,amazon,0,0,24,0,0,0
2024-05-11,SKU_001,amazon,0,0,32,0,0,0
2024-05-12,SKU_001,amazon,0,0,30,0,0,0
2024-05-13,SKU_001,amazon,0,0,26,0,0,0
2024-05-14,SKU_001,amazon,0,0,26,0,0,0
2024-05-15,SKU_001,amazon,0,0,22,0,0,0
2024-05-16,SKU_001,amazon,0,0,35,0,0,0
2024-05-17,SKU_001,amazon,0,0,27,0,0,0
2024-05-18,SKU_001,amazon,0,0,51,0,0,0
2024-05-19,SKU_001,amazon,0,0,25,0,0,0
2024-05-20,SKU_001,amazon,0,0,27,0,0,0
2024-05-21,SKU_001,amazon,0,0,28,0,0,0
2024-05-22,SKU_001,amazon,0,0,42,0,1,0
2024-05-23,SKU_001,amazon,0,0,19,0,1,0
2024-05-24,SKU_001,amazon,0,0,17,0,0,0
2024-05-25,SKU_001,amazon,0,0,29,0,0,0
2024-05-26,SKU_001,amazon,0,0,31,0,0,0
2024-05-27,SKU_001,amazon,180,0,18,180,0,0
2024-05-28,SKU_001,amazon,152,28,0,0,0,0
2024-05-29,SKU_001,amazon,138,14,0,0,0,0
2024-05-30,SKU_001,amazon,101,37,0,0,0,0
2024-05-31,SKU_001,amazon,338,38,0,275,0,0
2024-06-01,SKU_001,amazon,314,24,0,0,0,0
2024-06-02,SKU_001,amazon,291,23,0,0,0,0
2024-06-03,SKU_001,amazon,251,40,0,0,0,0
2024-06-04,SKU_001,amazon,226,25,0,0,0,0
2024-06-05,SKU_001,amazon,202,24,0,0,0,0
2024-06-06,SKU_001,amazon,178,24,0,0,0,0
2024-06-07,SKU_001,amazon,163,15,0,0,1,0
2024-06-08,SKU_001,amazon,143,20,0,0,0,0
2024-06-09,SKU_001,amazon,102,41,0,0,0,0
2024-06-10,SKU_001,amazon,75,27,0,0,0,0
2024-06-11,SKU_001,amazon,53,22,0,0,0,0
2024-06-12,SKU_001,amazon,18,35,0,0,0,0
2024-06-13,SKU_001,amazon,4,14,0,0,0,0
2024-06-14,SKU_001,amazon,0,4,25,0,0,0
2024-06-15,SKU_001,amazon,0,0,37,0,0,0
2024-06-16,SKU_001,amazon,0,0,23,0,0,0
2024-06-17,SKU_001,amazon,0,0,23,0,0,0
2024-06-18,SKU_001,amazon,0,0,23,0,0,0
2024-06-19,SKU_001,amazon,0,0,36,0,1,0
2024-06-20,SKU_001,amazon,0,0,19,0,1,0
2024-06-21,SKU_001,amazon,0,0,28,0,0,0
2024-06-22,SKU_001,amazon,0,0,24,0,0,0
2024-06-23,SKU_001,amazon,0,0,35,0,0,0
2024-06-24,SKU_001,amazon,0,0,24,0,0,0
2024-06-25,SKU_001,amazon,180,0,22,180,0,0
2024-06-26,SKU_001,amazon,145,35,0,0,0,0
2024-06-27,SKU_001,amazon,130,15,0,0,0,0
2024-06-28,SKU_001,amazon,105,25,0,0,0,0
2024-06-29,SKU_001,amazon,85,20,0,0,0,0
2024-06-30,SKU_001,amazon,71,14,0,0,1,0
2024-07-01,SKU_001,amazon,44,27,0,0,0,0
2024-07-02,SKU_001,amazon,26,18,0,0,1,0
2024-07-03,SKU_001,amazon,212,20,0,206,1,0
2024-07-04,SKU_001,amazon,175,37,0,0,0,1
2024-07-05,SKU_001,amazon,155,20,0,0,0,0
2024-07-06,SKU_001,amazon,142,13,0,0,0,0
2024-07-07,SKU_001,amazon,116,26,0,0,0,0
2024-07-08,SKU_001,amazon,86,30,0,0,0,0
2024-07-09,SKU_001,amazon,49,37,0,0,0,0
2024-07-10,SKU_001,amazon,36,13,0,0,1,0
2024-07-11,SKU_001,amazon,18,18,0,0,0,0
2024-07-12,SKU_001,amazon,175,18,13,175,0,0
2024-07-13,SKU_001,amazon,143,32,0,0,0,0
2024-07-14,SKU_001,amazon,130,13,0,0,0,0
2024-07-15,SKU_001,amazon,97,33,0,0,1,0
2024-07-16,SKU_001,amazon,71,26,0,0,0,0
2024-07-17,SKU_001,amazon,53,18,0,0,0,0
2024-07-18,SKU_001,amazon,28,25,0,0,0,0
2024-07-19,SKU_001,amazon,1,27,0,0,0,0
2024-07-20,SKU_001,amazon,0,1,32,0,0,0
2024-07-21,SKU_001,amazon,0,0,31,0,0,0
2024-07-22,SKU_001,amazon,0,0,41,0,0,0
2024-07-23,SKU_001,amazon,0,0,34,0,0,0
2024-07-24,SKU_001,amazon,0,0,32,0,0,0
2024-07-25,SKU_001,amazon,0,0,22,0,0,0
2024-07-26,SKU_001,amazon,0,0,23,0,0,0
2024-07-27,SKU_001,amazon,126,0,36,126,0,0
2024-07-28,SKU_001,amazon,92,34,0,0,0,0
2024-07-29,SKU_001,amazon,72,20,0,0,0,0
2024-07-30,SKU_001,amazon,47,25,0,0,0,0
2024-07-31,SKU_001,amazon,8,39,0,0,0,0
2024-08-01,SKU_001,amazon,0,8,10,0,0,0
2024-08-02,SKU_001,amazon,0,0,34,0,0,0
2024-08-03,SKU_001,amazon,0,0,33,0,0,0
2024-08-04,SKU_001,amazon,0,0,35,0,0,0
2024-08-05,SKU_001,amazon,0,0,22,0,0,0
2024-08-06,SKU_001,amazon,0,0,13,0,0,0
2024-08-07,SKU_001,amazon,0,0,24,0,1,0
2024-08-08,SKU_001,amazon,0,0,17,0,0,0
2024-08-09,SKU_001,amazon,0,0,31,0,0,0
2024-08-10,SKU_001,amazon,0,0,25,0,1,0
2024-08-11,SKU_001,amazon,0,0,41,0,0,0
2024-08-12,SKU_001,amazon,0,0,41,0,0,0
2024-08-13,SKU_001,amazon,0,0,36,0,0,0
2024-08-14,SKU_001,amazon,0,0,22,0,0,0
2024-08-15,SKU_001,amazon,0,0,11,0,0,0
2024-08-16,SKU_001,amazon,0,0,22,0,0,0
2024-08-17,SKU_001,amazon,0,0,24,0,0,0
2024-08-18,SKU_001,amazon,0,0,16,0,0,0
2024-08-19,SKU_001,amazon,0,0,30,0,0,0
2024-08-20,SKU_001,amazon,0,0,27,0,0,0
2024-08-21,SKU_001,amazon,0,0,13,0,1,0
2024-08-22,SKU_001,amazon,0,0,19,0,0,0
2024-08-23,SKU_001,amazon,0,0,19,0,0,0
2024-08-24,SKU_001,amazon,0,0,46,0,0,0
2024-08-25,SKU_001,amazon,0,0,29,0,1,0
2024-08-26,SKU_001,amazon,0,0,11,0,0,0
2024-08-27,SKU_001,amazon,0,0,25,0,0,0
2024-08-28,SKU_001,amazon,0,0,33,0,0,0
2024-08-29,SKU_001,amazon,0,0,32,0,0,0
2024-08-30,SKU_001,amazon,0,0,18,0,0,0
2024-08-31,SKU_001,amazon,0,0,18,0,0,0
2024-09-01,SKU_001,amazon,0,0,37,0,0,0
2024-09-02,SKU_001,amazon,0,0,15,0,0,0
2024-09-03,SKU_001,amazon,0,0,35,0,0,0
2024-09-04,SKU_001,amazon,0,0,14,0,0,0
2024-09-05,SKU_001,amazon,0,0,25,0,0,0
2024-09-06,SKU_001,amazon,0,0,20,0,0,0
2024-09-07,SKU_001,amazon,0,0,22,0,0,0
2024-09-08,SKU_001,amazon,0,0,22,0,0,0
2024-09-09,SKU_001,amazon,0,0,30,0,0,0
2024-09-10,SKU_001,amazon,0,0,24,0,1,0
2024-09-11,SKU_001,amazon,0,0,24,0,1,0
2024-09-12,SKU_001,amazon,0,0,22,0,0,0
2024-09-13,SKU_001,amazon,0,0,26,0,0,0
2024-09-14,SKU_001,amazon,0,0,42,0,0,0
2024-09-15,SKU_001,amazon,0,0,28,0,0,0
2024-09-16,SKU_001,amazon,0,0,29,0,0,0
2024-09-17,SKU_001,amazon,0,0,17,0,0,0
2024-09-18,SKU_001,amazon,0,0,16,0,0,0
2024-09-19,SKU_001,amazon,0,0,16,0,0,0
2024-09-20,SKU_001,amazon,0,0,28,0,0,0
2024-09-21,SKU_001,amazon,0,0,48,0,0,0
2024-09-22,SKU_001,amazon,0,0,28,0,0,0
2024-09-23,SKU_001,amazon,0,0,32,0,0,0
2024-09-24,SKU_001,amazon,0,0,19,0,0,0
2024-09-25,SKU_001,amazon,0,0,22,0,0,0
2024-09-26,SKU_001,amazon,0,0,22,0,0,0
2024-09-27,SKU_001,amazon,0,0,43,0,0,0
2024-09-28,SKU_001,amazon,0,0,49,0,0,0
2024-09-29,SKU_001,amazon,0,0,34,0,0,0
2024-09-30,SKU_001,amazon,0,0,18,0,0,0
2024-10-01,SKU_001,amazon,0,0,23,0,0,0
2024-10-02,SKU_001,amazon,0,0,28,0,0,0
2024-10-03,SKU_001,amazon,0,0,18,0,0,0
2024-10-04,SKU_001,amazon,0,0,29,0,0,0
2024-10-05,SKU_001,amazon,0,0,31,0,0,0
2024-10-06,SKU_001,amazon,0,0,40,0,0,0
2024-10-07,SKU_001,amazon,0,0,40,0,0,0
2024-10-08,SKU_001,amazon,0,0,26,0,0,0
2024-10-09,SKU_001,amazon,0,0,28,0,0,0
2024-10-10,SKU_001,amazon,0,0,26,0,0,0
2024-10-11,SKU_001,amazon,0,0,24,0,0,0
2024-10-12,SKU_001,amazon,0,0,29,0,0,0
2024-10-13,SKU_001,amazon,0,0,31,0,0,0
2024-10-14,SKU_001,amazon,0,0,31,0,0,0
2024-10-15,SKU_001,amazon,0,0,30,0,0,0
2024-10-16,SKU_001,amazon,0,0,26,0,0,0
2024-10-17,SKU_001,amazon,0,0,26,0,0,0
2024-10-18,SKU_001,amazon,0,0,32,0,1,0
2024-10-19,SKU_001,amazon,0,0,41,0,0,0
2024-10-20,SKU_001,amazon,0,0,29,0,0,0
2024-10-21,SKU_001,amazon,0,0,28,0,0,0
2024-10-22,SKU_001,amazon,0,0,32,0,0,0
2024-10-23,SKU_001,amazon,0,0,22,0,0,0
2024-10-24,SKU_001,amazon,0,0,28,0,0,0
2024-10-25,SKU_001,amazon,0,0,22,0,0,0
2024-10-26,SKU_001,amazon,0,0,32,0,0,0
2024-10-27,SKU_001,amazon,0,0,14,0,0,0
2024-10-28,SKU_001,amazon,0,0,32,0,0,0
2024-10-29,SKU_001,amazon,0,0,25,0,0,0
2024-10-30,SKU_001,amazon,231,0,22,231,0,0
2024-10-31,SKU_001,amazon,194,37,0,0,1,0
2024-11-01,SKU_001,amazon,173,21,0,0,0,0
2024-11-02,SKU_001,amazon,139,34,0,0,0,0
2024-11-03,SKU_001,amazon,118,21,0,0,0,0
2024-11-04,SKU_001,amazon,94,24,0,0,0,0
2024-11-05,SKU_001,amazon,78,16,0,0,1,0
2024-11-06,SKU_001,amazon,41,37,0,0,0,0
2024-11-07,SKU_001,amazon,14,27,0,0,0,0
2024-11-08,SKU_001,amazon,0,14,8,0,0,0
2024-11-09,SKU_001,amazon,0,0,21,0,0,0
2024-11-10,SKU_001,amazon,0,0,16,0,0,0
2024-11-11,SKU_001,amazon,0,0,18,0,0,0
2024-11-12,SKU_001,amazon,0,0,26,0,0,0
2024-11-13,SKU_001,amazon,0,0,45,0,0,0
2024-11-14,SKU_001,amazon,0,0,32,0,0,0
2024-11-15,SKU_001,amazon,0,0,17,0,0,0
2024-11-16,SKU_001,amazon,0,0,30,0,0,0
2024-11-17,SKU_001,amazon,0,0,38,0,0,0
2024-11-18,SKU_001,amazon,0,0,46,0,0,0
2024-11-19,SKU_001,amazon,0,0,16,0,0,0
2024-11-20,SKU_001,amazon,0,0,23,0,0,0
2024-11-21,SKU_001,amazon,0,0,35,0,0,0
2024-11-22,SKU_001,amazon,0,0,31,0,0,0
2024-11-23,SKU_001,amazon,0,0,20,0,0,0
2024-11-24,SKU_001,amazon,0,0,31,0,0,0
2024-11-25,SKU_001,amazon,0,0,40,0,0,0
2024-11-26,SKU_001,amazon,0,0,40,0,0,0
2024-11-27,SKU_001,amazon,0,0,19,0,0,0
2024-11-28,SKU_001,amazon,279,0,28,279,0,1
2024-11-29,SKU_001,amazon,433,22,0,176,0,0
2024-11-30,SKU_001,amazon,413,20,0,0,0,0
2024-12-01,SKU_001,amazon,380,33,0,0,0,0
2024-12-02,SKU_001,amazon,344,36,0,0,0,0
2024-12-03,SKU_001,amazon,320,24,0,0,0,0
2024-12-04,SKU_001,amazon,299,21,0,0,0,0
2024-12-05,SKU_001,amazon,254,45,0,0,0,0
2024-12-06,SKU_001,amazon,483,23,0,252,0,0
2024-12-07,SKU_001,amazon,444,39,0,0,0,0
2024-12-08,SKU_001,amazon,415,29,0,0,0,0
2024-12-09,SKU_001,amazon,392,23,0,0,0,0
2024-12-10,SKU_001,amazon,371,21,0,0,1,0
2024-12-11,SKU_001,amazon,363,8,0,0,0,0
2024-12-12,SKU_001,amazon,335,28,0,0,0,0
2024-12-13,SKU_001,amazon,314,21,0,0,0,0
2024-12-14,SKU_001,amazon,286,28,0,0,0,0
2024-12-15,SKU_001,amazon,243,43,0,0,0,0
2024-12-16,SKU_001,amazon,206,37,0,0,0,0
2024-12-17,SKU_001,amazon,162,44,0,0,0,0
2024-12-18,SKU_001,amazon,137,25,0,0,0,0
2024-12-19,SKU_001,amazon,110,27,0,0,0,0
2024-12-20,SKU_001,amazon,99,11,0,0,0,0
2024-12-21,SKU_001,amazon,74,25,0,0,1,0
2024-12-22,SKU_001,amazon,32,42,0,0,0,0
2024-12-23,SKU_001,amazon,26,6,0,0,0,0
2024-12-24,SKU_001,amazon,2,24,0,0,0,0
2024-12-25,SKU_001,amazon,163,2,15,163,0,1
2024-12-26,SKU_001,amazon,133,30,0,0,0,0
2024-12-27,SKU_001,amazon,102,31,0,0,0,0
2024-12-28,SKU_001,amazon,64,38,0,0,0,0
2024-12-29,SKU_001,amazon,49,15,0,0,0,0
2024-12-30,SKU_001,amazon,24,25,0,0,0,0
2024-12-31,SKU_001,amazon,0,24,12,0,0,0
2023-01-01,SKU_002,store,691,16,0,207,0,1
2023-01-02,SKU_002,store,660,31,0,0,0,0
2023-01-03,SKU_002,store,632,28,0,0,0,0
2023-01-04,SKU_002,store,611,21,0,0,0,0
2023-01-05,SKU_002,store,565,46,0,0,0,0
2023-01-06,SKU_002,store,539,26,0,0,0,0
2023-01-07,SKU_002,store,508,31,0,0,0,0
2023-01-08,SKU_002,store,489,19,0,0,0,0
2023-01-09,SKU_002,store,463,26,0,0,0,0
2023-01-10,SKU_002,store,444,19,0,0,0,0
2023-01-11,SKU_002,store,429,15,0,0,1,0
2023-01-12,SKU_002,store,411,18,0,0,0,0
2023-01-13,SKU_002,store,395,16,0,0,0,0
2023-01-14,SKU_002,store,366,29,0,0,0,0
2023-01-15,SKU_002,store,343,23,0,0,0,0
2023-01-16,SKU_002,store,324,19,0,0,0,0
2023-01-17,SKU_002,store,282,42,0,0,0,0
2023-01-18,SKU_002,store,262,20,0,0,0,0
2023-01-19,SKU_002,store,245,17,0,0,0,0
2023-01-20,SKU_002,store,234,11,0,0,1,0
2023-01-21,SKU_002,store,203,31,0,0,0,0
2023-01-22,SKU_002,store,170,33,0,0,0,0
2023-01-23,SKU_002,store,145,25,0,0,0,0
2023-01-24,SKU_002,store,105,40,0,0,0,0
2023-01-25,SKU_002,store,79,26,0,0,0,0
2023-01-26,SKU_002,store,62,17,0,0,0,0
2023-01-27,SKU_002,store,46,16,0,0,0,0
2023-01-28,SKU_002,store,13,33,0,0,0,0
2023-01-29,SKU_002,store,0,13,14,0,0,0
2023-01-30,SKU_002,store,0,0,32,0,1,0
2023-01-31,SKU_002,store,0,0,14,0,0,0
2023-02-01,SKU_002,store,0,0,29,0,1,0
2023-02-02,SKU_002,store,0,0,25,0,0,0
2023-02-03,SKU_002,store,0,0,32,0,0,0
2023-02-04,SKU_002,store,0,0,25,0,0,0
2023-02-05,SKU_002,store,0,0,13,0,0,0
2023-02-06,SKU_002,store,0,0,30,0,0,0
2023-02-07,SKU_002,store,0,0,38,0,0,0
2023-02-08,SKU_002,store,272,0,9,272,1,0
2023-02-09,SKU_002,store,231,41,0,0,0,0
2023-02-10,SKU_002,store,217,14,0,0,0,0
2023-02-11,SKU_002,store,186,31,0,0,0,0
2023-02-12,SKU_002,store,161,25,0,0,0,0
2023-02-13,SKU_002,store,144,17,0,0,0,0
2023-02-14,SKU_002,store,107,37,0,0,0,0
2023-02-15,SKU_002,store,77,30,0,0,1,0
2023-02-16,SKU_002,store,58,19,0,0,0,0
2023-02-17,SKU_002,store,34,24,0,0,0,0
2023-02-18,SKU_002,store,5,29,0,0,1,0
2023-02-19,SKU_002,store,0,5,13,0,0,0
2023-02-20,SKU_002,store,0,0,27,0,0,0
2023-02-21,SKU_002,store,0,0,33,0,0,0
2023-02-22,SKU_002,store,0,0,15,0,0,0
2023-02-23,SKU_002,store,0,0,26,0,1,0
2023-02-24,SKU_002,store,0,0,42,0,0,0
2023-02-25,SKU_002,store,0,0,39,0,0,0
2023-02-26,SKU_002,store,0,0,27,0,0,0
2023-02-27,SKU_002,store,0,0,25,0,1,0
2023-02-28,SKU_002,store,0,0,36,0,0,0
2023-03-01,SKU_002,store,266,0,27,266,0,0
2023-03-02,SKU_002,store,250,16,0,0,0,0
2023-03-03,SKU_002,store,232,18,0,0,0,0
2023-03-04,SKU_002,store,214,18,0,0,0,0
2023-03-05,SKU_002,store,183,31,0,0,0,0
2023-03-06,SKU_002,store,171,12,0,0,0,0
2023-03-07,SKU_002,store,152,19,0,0,0,0
2023-03-08,SKU_002,store,114,38,0,0,0,0
2023-03-09,SKU_002,store,87,27,0,0,0,0
2023-03-10,SKU_002,store,45,42,0,0,0,0
2023-03-11,SKU_002,store,22,23,0,0,0,0
2023-03-12,SKU_002,store,0,22,3,0,0,0
2023-03-13,SKU_002,store,0,0,18,0,0,0
2023-03-14,SKU_002,store,0,0,14,0,0,0
2023-03-15,SKU_002,store,0,0,16,0,0,0
2023-03-16,SKU_002,store,0,0,27,0,0,0
2023-03-17,SKU_002,store,0,0,31,0,0,0
2023-03-18,SKU_002,store,0,0,25,0,0,0
2023-03-19,SKU_002,store,0,0,15,0,0,0
2023-03-20,SKU_002,store,0,0,34,0,0,0
2023-03-21,SKU_002,store,0,0,16,0,0,0
2023-03-22,SKU_002,store,0,0,35,0,0,0
2023-03-23,SKU_002,store,0,0,22,0,0,0
2023-03-24,SKU_002,store,0,0,33,0,0,0
2023-03-25,SKU_002,store,0,0,42,0,0,0
2023-03-26,SKU_002,store,0,0,27,0,0,0
2023-03-27,SKU_002,store,0,0,18,0,0,0
2023-03-28,SKU_002,store,0,0,38,0,1,0
2023-03-29,SKU_002,store,150,0,37,150,0,0
2023-03-30,SKU_002,store,124,26,0,0,0,0
2023-03-31,SKU_002,store,91,33,0,0,0,0
2023-04-01,SKU_002,store,64,27,0,0,1,0
2023-04-02,SKU_002,store,40,24,0,0,0,0
2023-04-03,SKU_002,store,25,15,0,0,0,0
2023-04-04,SKU_002,store,0,25,18,0,0,0
2023-04-05,SKU_002,store,0,0,17,0,0,0
2023-04-06,SKU_002,store,0,0,30,0,0,0
2023-04-07,SKU_002,store,0,0,22,0,0,0
2023-04-08,SKU_002,store,0,0,18,0,0,0
2023-04-09,SKU_002,store,0,0,34,0,0,0
2023-04-10,SKU_002,store,0,0,35,0,0,0
2023-04-11,SKU_002,store,0,0,32,0,0,0
2023-04-12,SKU_002,store,0,0,32,0,1,0
2023-04-13,SKU_002,store,0,0,34,0,1,0
2023-04-14,SKU_002,store,0,0,19,0,0,0
2023-04-15,SKU_002,store,0,0,13,0,1,0
2023-04-16,SKU_002,store,0,0,45,0,0,0
2023-04-17,SKU_002,store,0,0,34,0,0,0
2023-04-18,SKU_002,store,0,0,31,0,0,0
2023-04-19,SKU_002,store,0,0,33,0,0,0
2023-04-20,SKU_002,store,0,0,21,0,0,0
2023-04-21,SKU_002,store,0,0,29,0,0,0
2023-04-22,SKU_002,store,0,0,16,0,0,0
2023-04-23,SKU_002,store,0,0,26,0,0,0
2023-04-24,SKU_002,store,0,0,15,0,1,0
2023-04-25,SKU_002,store,0,0,38,0,0,0
2023-04-26,SKU_002,store,0,0,18,0,0,0
2023-04-27,SKU_002,store,0,0,29,0,0,0
2023-04-28,SKU_002,store,0,0,40,0,0,0
2023-04-29,SKU_002,store,0,0,20,0,0,0
2023-04-30,SKU_002,store,0,0,32,0,0,0
2023-05-01,SKU_002,store,0,0,22,0,0,0
2023-05-02,SKU_002,store,0,0,41,0,0,0
2023-05-03,SKU_002,store,0,0,24,0,0,0
2023-05-04,SKU_002,store,0,0,29,0,0,0
2023-05-05,SKU_002,store,0,0,23,0,0,0
2023-05-06,SKU_002,store,0,0,19,0,0,0
2023-05-07,SKU_002,store,0,0,29,0,0,0
2023-05-08,SKU_002,store,0,0,24,0,0,0
2023-05-09,SKU_002,store,0,0,32,0,0,0
2023-05-10,SKU_002,store,0,0,29,0,0,0
2023-05-11,SKU_002,store,0,0,30,0,0,0
2023-05-12,SKU_002,store,0,0,15,0,0,0
2023-05-13,SKU_002,store,0,0,15,0,0,0
2023-05-14,SKU_002,store,0,0,23,0,0,0
2023-05-15,SKU_002,store,0,0,21,0,1,0
2023-05-16,SKU_002,store,0,0,21,0,0,0
2023-05-17,SKU_002,store,0,0,34,0,1,0
2023-05-18,SKU_002,store,0,0,20,0,0,0
2023-05-19,SKU_002,store,0,0,23,0,1,0
2023-05-20,SKU_002,store,0,0,26,0,0,0
2023-05-21,SKU_002,store,0,0,37,0,0,0
2023-05-22,SKU_002,store,0,0,24,0,0,0
2023-05-23,SKU_002,store,0,0,15,0,0,0
2023-05-24,SKU_002,store,0,0,20,0,0,0
2023-05-25,SKU_002,store,0,0,36,0,0,0
2023-05-26,SKU_002,store,0,0,43,0,0,0
2023-05-27,SKU_002,store,0,0,26,0,0,0
2023-05-28,SKU_002,store,0,0,31,0,0,0
2023-05-29,SKU_002,store,0,0,17,0,1,0
2023-05-30,SKU_002,store,0,0,18,0,1,0
2023-05-31,SKU_002,store,199,0,34,199,0,0
2023-06-01,SKU_002,store,175,24,0,0,0,0
2023-06-02,SKU_002,store,133,42,0,0,0,0
2023-06-03,SKU_002,store,115,18,0,0,0,0
2023-06-04,SKU_002,store,94,21,0,0,0,0
2023-06-05,SKU_002,store,59,35,0,0,0,0
2023-06-06,SKU_002,store,33,26,0,0,1,0
2023-06-07,SKU_002,store,22,11,0,0,0,0
2023-06-08,SKU_002,store,0,22,6,0,0,0
2023-06-09,SKU_002,store,0,0,32,0,0,0
2023-06-10,SKU_002,store,0,0,20,0,0,0
2023-06-11,SKU_002,store,0,0,20,0,0,0
2023-06-12,SKU_002,store,0,0,26,0,0,0
2023-06-13,SKU_002,store,0,0,32,0,0,0
2023-06-14,SKU_002,store,0,0,26,0,1,0
2023-06-15,SKU_002,store,0,0,33,0,0,0
2023-06-16,SKU_002,store,0,0,24,0,0,0
2023-06-17,SKU_002,store,0,0,21,0,1,0
2023-06-18,SKU_002,store,0,0,29,0,0,0
2023-06-19,SKU_002,store,0,0,35,0,0,0
2023-06-20,SKU_002,store,0,0,16,0,0,0
2023-06-21,SKU_002,store,0,0,30,0,0,0
2023-06-22,SKU_002,store,0,0,9,0,1,0
2023-06-23,SKU_002,store,0,0,19,0,0,0
2023-06-24,SKU_002,store,0,0,36,0,0,0
2023-06-25,SKU_002,store,0,0,22,0,0,0
2023-06-26,SKU_002,store,0,0,35,0,0,0
2023-06-27,SKU_002,store,0,0,36,0,0,0
2023-06-28,SKU_002,store,0,0,32,0,0,0
2023-06-29,SKU_002,store,0,0,30,0,0,0
2023-06-30,SKU_002,store,0,0,39,0,0,0
2023-07-01,SKU_002,store,0,0,30,0,0,0
2023-07-02,SKU_002,store,0,0,44,0,0,0
2023-07-03,SKU_002,store,0,0,28,0,0,0
2023-07-04,SKU_002,store,0,0,22,0,0,1
2023-07-05,SKU_002,store,0,0,21,0,0,0
2023-07-06,SKU_002,store,0,0,18,0,0,0
2023-07-07,SKU_002,store,0,0,31,0,0,0
2023-07-08,SKU_002,store,0,0,18,0,0,0
2023-07-09,SKU_002,store,0,0,17,0,0,0
2023-07-10,SKU_002,store,0,0,23,0,0,0
2023-07-11,SKU_002,store,0,0,54,0,0,0
2023-07-12,SKU_002,store,0,0,28,0,0,0
2023-07-13,SKU_002,store,0,0,27,0,0,0
2023-07-14,SKU_002,store,0,0,37,0,0,0
2023-07-15,SKU_002,store,0,0,21,0,0,0
2023-07-16,SKU_002,store,0,0,34,0,0,0
2023-07-17,SKU_002,store,0,0,10,0,0,0
2023-07-18,SKU_002,store,0,0,39,0,0,0
2023-07-19,SKU_002,store,278,0,40,278,0,0
2023-07-20,SKU_002,store,262,16,0,0,0,0
2023-07-21,SKU_002,store,248,14,0,0,0,0
2023-07-22,SKU_002,store,223,25,0,0,0,0
2023-07-23,SKU_002,store,200,23,0,0,0,0
2023-07-24,SKU_002,store,176,24,0,0,1,0
2023-07-25,SKU_002,store,143,33,0,0,0,0
2023-07-26,SKU_002,store,117,26,0,0,0,0
2023-07-27,SKU_002,store,78,39,0,0,0,0
2023-07-28,SKU_002,store,256,16,0,194,1,0
2023-07-29,SKU_002,store,218,38,0,0,0,0
2023-07-30,SKU_002,store,185,33,0,0,0,0
2023-07-31,SKU_002,store,147,38,0,0,0,0
2023-08-01,SKU_002,store,128,19,0,0,0,0
2023-08-02,SKU_002,store,108,20,0,0,0,0
2023-08-03,SKU_002,store,82,26,0,0,0,0
2023-08-04,SKU_002,store,62,20,0,0,0,0
2023-08-05,SKU_002,store,23,39,0,0,0,0
2023-08-06,SKU_002,store,0,23,17,0,0,0
2023-08-07,SKU_002,store,0,0,44,0,0,0
2023-08-08,SKU_002,store,0,0,12,0,0,0
2023-08-09,SKU_002,store,0,0,19,0,1,0
2023-08-10,SKU_002,store,0,0,44,0,0,0
2023-08-11,SKU_002,store,0,0,36,0,0,0
2023-08-12,SKU_002,store,0,0,35,0,0,0
2023-08-13,SKU_002,store,0,0,34,0,1,0
2023-08-14,SKU_002,store,0,0,28,0,1,0
2023-08-15,SKU_002,store,0,0,22,0,0,0
2023-08-16,SKU_002,store,0,0,33,0,0,0
2023-08-17,SKU_002,store,0,0,26,0,1,0
2023-08-18,SKU_002,store,0,0,38,0,0,0
2023-08-19,SKU_002,store,175,0,37,175,0,0
2023-08-20,SKU_002,store,144,31,0,0,0,0
2023-08-21,SKU_002,store,105,39,0,0,0,0
2023-08-22,SKU_002,store,76,29,0,0,0,0
2023-08-23,SKU_002,store,37,39,0,0,0,0
2023-08-24,SKU_002,store,22,15,0,0,0,0
2023-08-25,SKU_002,store,1,21,0,0,0,0
2023-08-26,SKU_002,store,0,1,12,0,0,0
2023-08-27,SKU_002,store,0,0,43,0,0,0
2023-08-28,SKU_002,store,0,0,26,0,0,0
2023-08-29,SKU_002,store,0,0,20,0,0,0
2023-08-30,SKU_002,store,0,0,39,0,0,0
2023-08-31,SKU_002,store,0,0,28,0,0,0
2023-09-01,SKU_002,store,0,0,41,0,0,0
2023-09-02,SKU_002,store,0,0,24,0,0,0
2023-09-03,SKU_002,store,0,0,26,0,0,0
2023-09-04,SKU_002,store,0,0,24,0,0,0
2023-09-05,SKU_002,store,0,0,28,0,0,0
2023-09-06,SKU_002,store,0,0,22,0,0,0
2023-09-07,SKU_002,store,0,0,53,0,0,0
2023-09-08,SKU_002,store,0,0,19,0,0,0
2023-09-09,SKU_002,store,0,0,18,0,0,0
2023-09-10,SKU_002,store,0,0,22,0,0,0
2023-09-11,SKU_002,store,0,0,25,0,0,0
2023-09-12,SKU_002,store,0,0,23,0,0,0
2023-09-13,SKU_002,store,0,0,35,0,1,0
2023-09-14,SKU_002,store,0,0,32,0,0,0
2023-09-15,SKU_002,store,0,0,35,0,0,0
2023-09-16,SKU_002,store,0,0,22,0,0,0
2023-09-17,SKU_002,store,0,0,33,0,0,0
2023-09-18,SKU_002,store,0,0,28,0,0,0
2023-09-19,SKU_002,store,0,0,29,0,0,0
2023-09-20,SKU_002,store,0,0,27,0,0,0
2023-09-21,SKU_002,store,0,0,21,0,0,0
2023-09-22,SKU_002,store,0,0,22,0,0,0
2023-09-23,SKU_002,store,0,0,31,0,0,0
2023-09-24,SKU_002,store,0,0,19,0,0,0
2023-09-25,SKU_002,store,0,0,47,0,0,0
2023-09-26,SKU_002,store,0,0,21,0,0,0
2023-09-27,SKU_002,store,0,0,14,0,0,0
2023-09-28,SKU_002,store,0,0,27,0,0,0
2023-09-29,SKU_002,store,0,0,30,0,0,0
2023-09-30,SKU_002,store,0,0,26,0,0,0
2023-10-01,SKU_002,store,0,0,16,0,0,0
2023-10-02,SKU_002,store,0,0,27,0,1,0
2023-10-03,SKU_002,store,0,0,19,0,0,0
2023-10-04,SKU_002,store,0,0,15,0,0,0
2023-10-05,SKU_002,store,0,0,18,0,0,0
2023-10-06,SKU_002,store,0,0,9,0,0,0
2023-10-07,SKU_002,store,0,0,41,0,0,0
2023-10-08,SKU_002,store,0,0,16,0,0,0
2023-10-09,SKU_002,store,0,0,15,0,0,0
2023-10-10,SKU_002,store,0,0,34,0,0,0
2023-10-11,SKU_002,store,0,0,25,0,0,0
2023-10-12,SKU_002,store,0,0,31,0,0,0
2023-10-13,SKU_002,store,0,0,14,0,0,0
2023-10-14,SKU_002,store,0,0,38,0,0,0
2023-10-15,SKU_002,store,0,0,26,0,0,0
2023-10-16,SKU_002,store,242,0,14,242,0,0
2023-10-17,SKU_002,store,221,21,0,0,0,0
2023-10-18,SKU_002,store,213,8,0,0,0,0
2023-10-19,SKU_002,store,185,28,0,0,0,0
2023-10-20,SKU_002,store,165,20,0,0,0,0
2023-10-21,SKU_002,store,140,25,0,0,0,0
2023-10-22,SKU_002,store,115,25,0,0,0,0
2023-10-23,SKU_002,store,90,25,0,0,0,0
2023-10-24,SKU_002,store,41,49,0,0,0,0
2023-10-25,SKU_002,store,4,37,0,0,0,0
2023-10-26,SKU_002,store,0,4,7,0,0,0
2023-10-27,SKU_002,store,0,0,43,0,0,0
2023-10-28,SKU_002,store,0,0,22,0,0,0
2023-10-29,SKU_002,store,0,0,26,0,0,0
2023-10-30,SKU_002,store,0,0,24,0,0,0
2023-10-31,SKU_002,store,0,0,28,0,0,0
2023-11-01,SKU_002,store,0,0,44,0,0,0
2023-11-02,SKU_002,store,0,0,26,0,0,0
2023-11-03,SKU_002,store,0,0,10,0,0,0
2023-11-04,SKU_002,store,0,0,33,0,0,0
2023-11-05,SKU_002,store,0,0,22,0,0,0
2023-11-06,SKU_002,store,0,0,19,0,0,0
2023-11-07,SKU_002,store,0,0,17,0,0,0
2023-11-08,SKU_002,store,0,0,11,0,0,0
2023-11-09,SKU_002,store,0,0,30,0,0,0
2023-11-10,SKU_002,store,138,0,21,138,0,0
2023-11-11,SKU_002,store,100,38,0,0,0,0
2023-11-12,SKU_002,store,68,32,0,0,0,0
2023-11-13,SKU_002,store,41,27,0,0,0,0
2023-11-14,SKU_002,store,7,34,0,0,1,0
2023-11-15,SKU_002,store,0,7,25,0,0,0
2023-11-16,SKU_002,store,0,0,20,0,0,0
2023-11-17,SKU_002,store,0,0,32,0,0,0
2023-11-18,SKU_002,store,0,0,40,0,0,0
2023-11-19,SKU_002,store,0,0,24,0,0,0
2023-11-20,SKU_002,store,237,0,36,237,1,0
2023-11-21,SKU_002,store,230,7,0,0,0,0
2023-11-22,SKU_002,store,206,24,0,0,0,0
2023-11-23,SKU_002,store,174,32,0,0,0,1
2023-11-24,SKU_002,store,153,21,0,0,0,0
2023-11-25,SKU_002,store,129,24,0,0,0,0
2023-11-26,SKU_002,store,104,25,0,0,0,0
2023-11-27,SKU_002,store,70,34,0,0,0,0
2023-11-28,SKU_002,store,54,16,0,0,0,0
2023-11-29,SKU_002,store,283,54,4,283,0,0
2023-11-30,SKU_002,store,240,43,0,0,0,0
2023-12-01,SKU_002,store,226,14,0,0,0,0
2023-12-02,SKU_002,store,204,22,0,0,1,0
2023-12-03,SKU_002,store,164,40,0,0,0,0
2023-12-04,SKU_002,store,145,19,0,0,0,0
2023-12-05,SKU_002,store,136,9,0,0,0,0
2023-12-06,SKU_002,store,100,36,0,0,0,0
2023-12-07,SKU_002,store,87,13,0,0,1,0
2023-12-08,SKU_002,store,66,21,0,0,0,0
2023-12-09,SKU_002,store,35,31,0,0,0,0
2023-12-10,SKU_002,store,11,24,0,0,0,0
2023-12-11,SKU_002,store,0,11,13,0,0,0
2023-12-12,SKU_002,store,0,0,27,0,0,0
2023-12-13,SKU_002,store,121,0,11,121,0,0
2023-12-14,SKU_002,store,106,15,0,0,0,0
2023-12-15,SKU_002,store,71,35,0,0,0,0
2023-12-16,SKU_002,store,44,27,0,0,0,0
2023-12-17,SKU_002,store,11,33,0,0,0,0
2023-12-18,SKU_002,store,0,11,20,0,1,0
2023-12-19,SKU_002,store,0,0,22,0,0,0
2023-12-20,SKU_002,store,0,0,22,0,1,0
2023-12-21,SKU_002,store,0,0,25,0,0,0
2023-12-22,SKU_002,store,0,0,29,0,0,0
2023-12-23,SKU_002,store,0,0,27,0,1,0
2023-12-24,SKU_002,store,0,0,36,0,0,0
2023-12-25,SKU_002,store,0,0,30,0,0,1
2023-12-26,SKU_002,store,0,0,25,0,0,0
2023-12-27,SKU_002,store,0,0,42,0,0,0
2023-12-28,SKU_002,store,0,0,44,0,1,0
2023-12-29,SKU_002,store,0,0,28,0,0,0
2023-12-30,SKU_002,store,0,0,29,0,0,0
2023-12-31,SKU_002,store,0,0,23,0,0,0
2024-01-01,SKU_002,store,0,0,23,0,1,1
2024-01-02,SKU_002,store,0,0,45,0,0,0
2024-01-03,SKU_002,store,0,0,29,0,0,0
2024-01-04,SKU_002,store,0,0,34,0,0,0
2024-01-05,SKU_002,store,0,0,19,0,1,0
2024-01-06,SKU_002,store,0,0,18,0,1,0
2024-01-07,SKU_002,store,0,0,41,0,0,0
2024-01-08,SKU_002,store,0,0,9,0,0,0
2024-01-09,SKU_002,store,0,0,11,0,0,0
2024-01-10,SKU_002,store,0,0,37,0,0,0
2024-01-11,SKU_002,store,0,0,29,0,0,0
2024-01-12,SKU_002,store,0,0,14,0,0,0
2024-01-13,SKU_002,store,0,0,20,0,0,0
2024-01-14,SKU_002,store,0,0,46,0,0,0
2024-01-15,SKU_002,store,0,0,20,0,0,0
2024-01-16,SKU_002,store,0,0,36,0,0,0
2024-01-17,SKU_002,store,0,0,44,0,0,0
2024-01-18,SKU_002,store,0,0,23,0,0,0
2024-01-19,SKU_002,store,0,0,25,0,0,0
2024-01-20,SKU_002,store,0,0,12,0,0,0
2024-01-21,SKU_002,store,0,0,15,0,0,0
2024-01-22,SKU_002,store,0,0,23,0,0,0
2024-01-23,SKU_002,store,209,0,16,209,0,0
2024-01-24,SKU_002,store,174,35,0,0,0,0
2024-01-25,SKU_002,store,158,16,0,0,0,0
2024-01-26,SKU_002,store,135,23,0,0,0,0
2024-01-27,SKU_002,store,116,19,0,0,0,0
2024-01-28,SKU_002,store,75,41,0,0,0,0
2024-01-29,SKU_002,store,37,38,0,0,1,0
2024-01-30,SKU_002,store,14,23,0,0,0,0
2024-01-31,SKU_002,store,246,14,10,246,0,0
2024-02-01,SKU_002,store,218,28,0,0,0,0
2024-02-02,SKU_002,store,191,27,0,0,0,0
2024-02-03,SKU_002,store,171,20,0,0,0,0
2024-02-04,SKU_002,store,128,43,0,0,0,0
2024-02-05,SKU_002,store,362,16,0,250,0,0
2024-02-06,SKU_002,store,335,27,0,0,0,0
2024-02-07,SKU_002,store,496,35,0,196,0,0
2024-02-08,SKU_002,store,473,23,0,0,0,0
2024-02-09,SKU_002,store,565,38,0,130,0,0
2024-02-10,SKU_002,store,530,35,0,0,0,0
2024-02-11,SKU_002,store,492,38,0,0,0,0
2024-02-12,SKU_002,store,473,19,0,0,0,0
2024-02-13,SKU_002,store,441,32,0,0,1,0
2024-02-14,SKU_002,store,415,26,0,0,0,0
2024-02-15,SKU_002,store,391,24,0,0,0,0
2024-02-16,SKU_002,store,363,28,0,0,1,0
2024-02-17,SKU_002,store,343,20,0,0,0,0
2024-02-18,SKU_002,store,304,39,0,0,1,0
2024-02-19,SKU_002,store,287,17,0,0,0,0
2024-02-20,SKU_002,store,243,44,0,0,0,0
2024-02-21,SKU_002,store,210,33,0,0,1,0
2024-02-22,SKU_002,store,179,31,0,0,0,0
2024-02-23,SKU_002,store,160,19,0,0,1,0
2024-02-24,SKU_002,store,133,27,0,0,0,0
2024-02-25,SKU_002,store,115,18,0,0,0,0
2024-02-26,SKU_002,store,101,14,0,0,0,0
2024-02-27,SKU_002,store,78,23,0,0,0,0
2024-02-28,SKU_002,store,46,32,0,0,0,0
2024-02-29,SKU_002,store,18,28,0,0,0,0
2024-03-01,SKU_002,store,7,11,0,0,0,0
2024-03-02,SKU_002,store,210,7,16,210,0,0
2024-03-03,SKU_002,store,175,35,0,0,0,0
2024-03-04,SKU_002,store,138,37,0,0,0,0
2024-03-05,SKU_002,store,353,15,0,230,0,0
2024-03-06,SKU_002,store,330,23,0,0,0,0
2024-03-07,SKU_002,store,309,21,0,0,0,0
2024-03-08,SKU_002,store,276,33,0,0,0,0
2024-03-09,SKU_002,store,241,35,0,0,1,0
2024-03-10,SKU_002,store,223,18,0,0,0,0
2024-03-11,SKU_002,store,196,27,0,0,0,0
2024-03-12,SKU_002,store,159,37,0,0,0,0
2024-03-13,SKU_002,store,127,32,0,0,0,0
2024-03-14,SKU_002,store,99,28,0,0,0,0
2024-03-15,SKU_002,store,70,29,0,0,1,0
2024-03-16,SKU_002,store,59,11,0,0,0,0
2024-03-17,SKU_002,store,22,37,0,0,0,0
2024-03-18,SKU_002,store,0,22,20,0,0,0
2024-03-19,SKU_002,store,0,0,31,0,0,0
2024-03-20,SKU_002,store,0,0,28,0,0,0
2024-03-21,SKU_002,store,0,0,23,0,0,0
2024-03-22,SKU_002,store,0,0,49,0,0,0
2024-03-23,SKU_002,store,0,0,29,0,0,0
2024-03-24,SKU_002,store,0,0,23,0,0,0
2024-03-25,SKU_002,store,0,0,26,0,0,0
2024-03-26,SKU_002,store,0,0,14,0,0,0
2024-03-27,SKU_002,store,0,0,33,0,1,0
2024-03-28,SKU_002,store,0,0,25,0,0,0
2024-03-29,SKU_002,store,0,0,21,0,0,0
2024-03-30,SKU_002,store,0,0,28,0,0,0
2024-03-31,SKU_002,store,0,0,26,0,0,0
2024-04-01,SKU_002,store,0,0,22,0,0,0
2024-04-02,SKU_002,store,0,0,31,0,0,0
2024-04-03,SKU_002,store,0,0,18,0,0,0
2024-04-04,SKU_002,store,0,0,36,0,0,0
2024-04-05,SKU_002,store,0,0,25,0,1,0
2024-04-06,SKU_002,store,0,0,42,0,0,0
2024-04-07,SKU_002,store,0,0,28,0,0,0
2024-04-08,SKU_002,store,0,0,16,0,0,0
2024-04-09,SKU_002,store,0,0,15,0,0,0
2024-04-10,SKU_002,store,0,0,35,0,0,0
2024-04-11,SKU_002,store,0,0,24,0,0,0
2024-04-12,SKU_002,store,0,0,16,0,0,0
2024-04-13,SKU_002,store,0,0,28,0,0,0
2024-04-14,SKU_002,store,0,0,20,0,0,0
2024-04-15,SKU_002,store,0,0,27,0,0,0
2024-04-16,SKU_002,store,0,0,13,0,0,0
2024-04-17,SKU_002,store,0,0,24,0,0,0
2024-04-18,SKU_002,store,0,0,24,0,0,0
2024-04-19,SKU_002,store,0,0,18,0,0,0
2024-04-20,SKU_002,store,0,0,15,0,0,0
2024-04-21,SKU_002,store,0,0,29,0,0,0
2024-04-22,SKU_002,store,0,0,23,0,0,0
2024-04-23,SKU_002,store,0,0,27,0,0,0
2024-04-24,SKU_002,store,0,0,19,0,0,0
2024-04-25,SKU_002,store,0,0,37,0,0,0
2024-04-26,SKU_002,store,0,0,19,0,0,0
2024-04-27,SKU_002,store,0,0,12,0,0,0
2024-04-28,SKU_002,store,0,0,30,0,0,0
2024-04-29,SKU_002,store,0,0,21,0,1,0
2024-04-30,SKU_002,store,0,0,41,0,0,0
2024-05-01,SKU_002,store,0,0,20,0,0,0
2024-05-02,SKU_002,store,0,0,12,0,0,0
2024-05-03,SKU_002,store,0,0,19,0,0,0
2024-05-04,SKU_002,store,0,0,45,0,1,0
2024-05-05,SKU_002,store,0,0,28,0,0,0
2024-05-06,SKU_002,store,0,0,15,0,0,0
2024-05-07,SKU_002,store,0,0,31,0,1,0
2024-05-08,SKU_002,store,0,0,23,0,0,0
2024-05-09,SKU_002,store,0,0,14,0,0,0
2024-05-10,SKU_002,store,187,0,20,187,0,0
2024-05-11,SKU_002,store,142,45,0,0,0,0
2024-05-12,SKU_002,store,130,12,0,0,0,0
2024-05-13,SKU_002,store,93,37,0,0,0,0
2024-05-14,SKU_002,store,61,32,0,0,1,0
2024-05-15,SKU_002,store,34,27,0,0,0,0
2024-05-16,SKU_002,store,9,25,0,0,0,0
2024-05-17,SKU_002,store,0,9,28,0,0,0
2024-05-18,SKU_002,store,0,0,14,0,0,0
2024-05-19,SKU_002,store,0,0,23,0,0,0
2024-05-20,SKU_002,store,0,0,35,0,0,0
2024-05-21,SKU_002,store,0,0,9,0,0,0
2024-05-22,SKU_002,store,0,0,42,0,0,0
2024-05-23,SKU_002,store,0,0,31,0,0,0
2024-05-24,SKU_002,store,0,0,23,0,0,0
2024-05-25,SKU_002,store,0,0,50,0,1,0
2024-05-26,SKU_002,store,117,0,27,117,0,0
2024-05-27,SKU_002,store,97,20,0,0,0,0
2024-05-28,SKU_002,store,74,23,0,0,0,0
2024-05-29,SKU_002,store,55,19,0,0,0,0
2024-05-30,SKU_002,store,39,16,0,0,1,0
2024-05-31,SKU_002,store,232,26,0,219,0,0
2024-06-01,SKU_002,store,206,26,0,0,0,0
2024-06-02,SKU_002,store,181,25,0,0,0,0
2024-06-03,SKU_002,store,157,24,0,0,0,0
2024-06-04,SKU_002,store,120,37,0,0,0,0
2024-06-05,SKU_002,store,213,34,0,127,1,0
2024-06-06,SKU_002,store,191,22,0,0,0,0
2024-06-07,SKU_002,store,167,24,0,0,0,0
2024-06-08,SKU_002,store,139,28,0,0,0,0
2024-06-09,SKU_002,store,116,23,0,0,0,0
2024-06-10,SKU_002,store,81,35,0,0,1,0
2024-06-11,SKU_002,store,52,29,0,0,0,0
2024-06-12,SKU_002,store,22,30,0,0,0,0
2024-06-13,SKU_002,store,2,20,0,0,0,0
2024-06-14,SKU_002,store,0,2,11,0,0,0
2024-06-15,SKU_002,store,0,0,26,0,0,0
2024-06-16,SKU_002,store,0,0,38,0,0,0
2024-06-17,SKU_002,store,0,0,39,0,1,0
2024-06-18,SKU_002,store,0,0,17,0,0,0
2024-06-19,SKU_002,store,0,0,22,0,0,0
2024-06-20,SKU_002,store,0,0,34,0,0,0
2024-06-21,SKU_002,store,0,0,32,0,0,0
2024-06-22,SKU_002,store,201,0,42,201,0,0
2024-06-23,SKU_002,store,152,49,0,0,1,0
2024-06-24,SKU_002,store,131,21,0,0,0,0
2024-06-25,SKU_002,store,114,17,0,0,0,0
2024-06-26,SKU_002,store,81,33,0,0,0,0
2024-06-27,SKU_002,store,70,11,0,0,0,0
2024-06-28,SKU_002,store,52,18,0,0,0,0
2024-06-29,SKU_002,store,22,30,0,0,0,0
2024-06-30,SKU_002,store,103,22,23,103,1,0
2024-07-01,SKU_002,store,64,39,0,0,0,0
2024-07-02,SKU_002,store,33,31,0,0,0,0
2024-07-03,SKU_002,store,13,20,0,0,0,0
2024-07-04,SKU_002,store,0,13,21,0,0,1
2024-07-05,SKU_002,store,0,0,20,0,0,0
2024-07-06,SKU_002,store,0,0,35,0,0,0
2024-07-07,SKU_002,store,0,0,10,0,0,0
2024-07-08,SKU_002,store,0,0,17,0,0,0
2024-07-09,SKU_002,store,0,0,28,0,0,0
2024-07-10,SKU_002,store,0,0,35,0,0,0
2024-07-11,SKU_002,store,0,0,35,0,0,0
2024-07-12,SKU_002,store,0,0,19,0,0,0
2024-07-13,SKU_002,store,0,0,42,0,0,0
2024-07-14,SKU_002,store,0,0,21,0,0,0
2024-07-15,SKU_002,store,0,0,24,0,0,0
2024-07-16,SKU_002,store,0,0,45,0,0,0
2024-07-17,SKU_002,store,0,0,14,0,0,0
2024-07-18,SKU_002,store,0,0,23,0,0,0
2024-07-19,SKU_002,store,0,0,38,0,0,0
2024-07-20,SKU_002,store,0,0,20,0,1,0
2024-07-21,SKU_002,store,0,0,24,0,0,0
2024-07-22,SKU_002,store,0,0,41,0,1,0
2024-07-23,SKU_002,store,0,0,15,0,0,0
2024-07-24,SKU_002,store,0,0,27,0,0,0
2024-07-25,SKU_002,store,0,0,23,0,0,0
2024-07-26,SKU_002,store,0,0,30,0,0,0
2024-07-27,SKU_002,store,0,0,30,0,0,0
2024-07-28,SKU_002,store,0,0,24,0,0,0
2024-07-29,SKU_002,store,0,0,26,0,0,0
2024-07-30,SKU_002,store,298,0,33,298,0,0
2024-07-31,SKU_002,store,268,30,0,0,1,0
2024-08-01,SKU_002,store,234,34,0,0,0,0
2024-08-02,SKU_002,store,206,28,0,0,0,0
2024-08-03,SKU_002,store,170,36,0,0,0,0
2024-08-04,SKU_002,store,146,24,0,0,0,0
2024-08-05,SKU_002,store,129,17,0,0,0,0
2024-08-06,SKU_002,store,92,37,0,0,1,0
2024-08-07,SKU_002,store,71,21,0,0,0,0
2024-08-08,SKU_002,store,53,18,0,0,0,0
2024-08-09,SKU_002,store,29,24,0,0,0,0
2024-08-10,SKU_002,store,3,26,0,0,1,0
2024-08-11,SKU_002,store,0,3,12,0,0,0
2024-08-12,SKU_002,store,0,0,22,0,0,0
2024-08-13,SKU_002,store,0,0,22,0,0,0
2024-08-14,SKU_002,store,0,0,18,0,0,0
2024-08-15,SKU_002,store,0,0,17,0,0,0
2024-08-16,SKU_002,store,0,0,25,0,0,0
2024-08-17,SKU_002,store,0,0,23,0,0,0
2024-08-18,SKU_002,store,0,0,17,0,0,0
2024-08-19,SKU_002,store,0,0,29,0,0,0
2024-08-20,SKU_002,store,0,0,33,0,0,0
2024-08-21,SKU_002,store,0,0,26,0,0,0
2024-08-22,SKU_002,store,0,0,19,0,0,0
2024-08-23,SKU_002,store,0,0,31,0,0,0
2024-08-24,SKU_002,store,0,0,22,0,0,0
2024-08-25,SKU_002,store,0,0,34,0,0,0
2024-08-26,SKU_002,store,0,0,25,0,1,0
2024-08-27,SKU_002,store,0,0,31,0,0,0
2024-08-28,SKU_002,store,0,0,35,0,0,0
2024-08-29,SKU_002,store,0,0,36,0,0,0
2024-08-30,SKU_002,store,0,0,35,0,0,0
2024-08-31,SKU_002,store,0,0,22,0,0,0
2024-09-01,SKU_002,store,0,0,35,0,0,0
2024-09-02,SKU_002,store,0,0,25,0,0,0
2024-09-03,SKU_002,store,0,0,35,0,0,0
2024-09-04,SKU_002,store,0,0,20,0,0,0
2024-09-05,SKU_002,store,0,0,18,0,0,0
2024-09-06,SKU_002,store,0,0,31,0,0,0
2024-09-07,SKU_002,store,0,0,15,0,0,0
2024-09-08,SKU_002,store,0,0,48,0,0,0
2024-09-09,SKU_002,store,0,0,50,0,0,0
2024-09-10,SKU_002,store,203,0,14,203,0,0
2024-09-11,SKU_002,store,171,32,0,0,0,0
2024-09-12,SKU_002,store,147,24,0,0,0,0
2024-09-13,SKU_002,store,119,28,0,0,0,0
2024-09-14,SKU_002,store,91,28,0,0,0,0
2024-09-15,SKU_002,store,54,37,0,0,0,0
2024-09-16,SKU_002,store,38,16,0,0,1,0
2024-09-17,SKU_002,store,8,30,0,0,1,0
2024-09-18,SKU_002,store,0,8,28,0,0,0
2024-09-19,SKU_002,store,0,0,22,0,0,0
2024-09-20,SKU_002,store,0,0,34,0,0,0
2024-09-21,SKU_002,store,0,0,17,0,0,0
2024-09-22,SKU_002,store,0,0,20,0,0,0
2024-09-23,SKU_002,store,0,0,33,0,0,0
2024-09-24,SKU_002,store,0,0,35,0,0,0
2024-09-25,SKU_002,store,0,0,34,0,0,0
2024-09-26,SKU_002,store,0,0,24,0,1,0
2024-09-27,SKU_002,store,0,0,28,0,0,0
2024-09-28,SKU_002,store,0,0,33,0,1,0
2024-09-29,SKU_002,store,0,0,19,0,0,0
2024-09-30,SKU_002,store,0,0,30,0,0,0
2024-10-01,SKU_002,store,0,0,21,0,0,0
2024-10-02,SKU_002,store,0,0,12,0,0,0
2024-10-03,SKU_002,store,0,0,49,0,0,0
2024-10-04,SKU_002,store,0,0,24,0,0,0
2024-10-05,SKU_002,store,0,0,25,0,0,0
2024-10-06,SKU_002,store,0,0,29,0,1,0
2024-10-07,SKU_002,store,0,0,38,0,0,0
2024-10-08,SKU_002,store,0,0,26,0,0,0
2024-10-09,SKU_002,store,0,0,38,0,0,0
2024-10-10,SKU_002,store,0,0,38,0,0,0
2024-10-11,SKU_002,store,0,0,35,0,0,0
2024-10-12,SKU_002,store,0,0,36,0,0,0
2024-10-13,SKU_002,store,0,0,19,0,0,0
2024-10-14,SKU_002,store,0,0,35,0,0,0
2024-10-15,SKU_002,store,0,0,24,0,0,0
2024-10-16,SKU_002,store,0,0,21,0,0,0
2024-10-17,SKU_002,store,0,0,37,0,0,0
2024-10-18,SKU_002,store,0,0,13,0,0,0
2024-10-19,SKU_002,store,0,0,17,0,0,0
2024-10-20,SKU_002,store,0,0,22,0,0,0
2024-10-21,SKU_002,store,0,0,38,0,0,0
2024-10-22,SKU_002,store,0,0,36,0,0,0
2024-10-23,SKU_002,store,141,0,31,141,0,0
2024-10-24,SKU_002,store,116,25,0,0,0,0
2024-10-25,SKU_002,store,98,18,0,0,0,0
2024-10-26,SKU_002,store,65,33,0,0,1,0
2024-10-27,SKU_002,store,45,20,0,0,1,0
2024-10-28,SKU_002,store,25,20,0,0,0,0
2024-10-29,SKU_002,store,0,25,11,0,0,0
2024-10-30,SKU_002,store,0,0,24,0,0,0
2024-10-31,SKU_002,store,0,0,46,0,0,0
2024-11-01,SKU_002,store,0,0,33,0,0,0
2024-11-02,SKU_002,store,0,0,24,0,0,0
2024-11-03,SKU_002,store,0,0,30,0,0,0
2024-11-04,SKU_002,store,0,0,16,0,0,0
2024-11-05,SKU_002,store,0,0,32,0,0,0
2024-11-06,SKU_002,store,0,0,34,0,0,0
2024-11-07,SKU_002,store,0,0,25,0,0,0
2024-11-08,SKU_002,store,0,0,14,0,0,0
2024-11-09,SKU_002,store,0,0,25,0,0,0
2024-11-10,SKU_002,store,0,0,21,0,0,0
2024-11-11,SKU_002,store,0,0,27,0,0,0
2024-11-12,SKU_002,store,0,0,24,0,0,0
2024-11-13,SKU_002,store,0,0,28,0,0,0
2024-11-14,SKU_002,store,0,0,38,0,0,0
2024-11-15,SKU_002,store,0,0,27,0,0,0
2024-11-16,SKU_002,store,0,0,22,0,0,0
2024-11-17,SKU_002,store,0,0,14,0,0,0
2024-11-18,SKU_002,store,0,0,25,0,0,0
2024-11-19,SKU_002,store,0,0,36,0,0,0
2024-11-20,SKU_002,store,0,0,17,0,0,0
2024-11-21,SKU_002,store,0,0,25,0,1,0
2024-11-22,SKU_002,store,0,0,37,0,1,0
2024-11-23,SKU_002,store,0,0,27,0,0,0
2024-11-24,SKU_002,store,0,0,28,0,0,0
2024-11-25,SKU_002,store,0,0,26,0,0,0
2024-11-26,SKU_002,store,0,0,36,0,0,0
2024-11-27,SKU_002,store,0,0,25,0,0,0
2024-11-28,SKU_002,store,0,0,33,0,0,1
2024-11-29,SKU_002,store,0,0,34,0,0,0
2024-11-30,SKU_002,store,0,0,24,0,0,0
2024-12-01,SKU_002,store,0,0,31,0,0,0
2024-12-02,SKU_002,store,0,0,30,0,0,0
2024-12-03,SKU_002,store,0,0,23,0,0,0
2024-12-04,SKU_002,store,0,0,32,0,0,0
2024-12-05,SKU_002,store,0,0,23,0,0,0
2024-12-06,SKU_002,store,0,0,21,0,0,0
2024-12-07,SKU_002,store,0,0,30,0,1,0
2024-12-08,SKU_002,store,0,0,38,0,0,0
2024-12-09,SKU_002,store,0,0,9,0,0,0
2024-12-10,SKU_002,store,0,0,49,0,1,0
2024-12-11,SKU_002,store,0,0,26,0,0,0
2024-12-12,SKU_002,store,0,0,19,0,0,0
2024-12-13,SKU_002,store,0,0,22,0,1,0
2024-12-14,SKU_002,store,0,0,39,0,0,0
2024-12-15,SKU_002,store,0,0,37,0,0,0
2024-12-16,SKU_002,store,0,0,18,0,0,0
2024-12-17,SKU_002,store,112,0,11,112,0,0
2024-12-18,SKU_002,store,287,36,0,211,0,0
2024-12-19,SKU_002,store,257,30,0,0,1,0
2024-12-20,SKU_002,store,223,34,0,0,0,0
2024-12-21,SKU_002,store,207,16,0,0,0,0
2024-12-22,SKU_002,store,165,42,0,0,0,0
2024-12-23,SKU_002,store,393,35,0,263,0,0
2024-12-24,SKU_002,store,356,37,0,0,0,0
2024-12-25,SKU_002,store,340,16,0,0,0,1
2024-12-26,SKU_002,store,314,26,0,0,0,0
2024-12-27,SKU_002,store,286,28,0,0,0,0
2024-12-28,SKU_002,store,266,20,0,0,0,0
2024-12-29,SKU_002,store,236,30,0,0,0,0
2024-12-30,SKU_002,store,214,22,0,0,0,0
2024-12-31,SKU_002,store,198,16,0,0,0,0
2023-01-01,SKU_002,ecomm,455,45,0,0,0,1
2023-01-02,SKU_002,ecomm,446,9,0,0,0,0
2023-01-03,SKU_002,ecomm,429,17,0,0,0,0
2023-01-04,SKU_002,ecomm,675,21,0,267,0,0
2023-01-05,SKU_002,ecomm,643,32,0,0,0,0
2023-01-06,SKU_002,ecomm,614,29,0,0,0,0
2023-01-07,SKU_002,ecomm,587,27,0,0,0,0
2023-01-08,SKU_002,ecomm,549,38,0,0,0,0
2023-01-09,SKU_002,ecomm,523,26,0,0,1,0
2023-01-10,SKU_002,ecomm,489,34,0,0,0,0
2023-01-11,SKU_002,ecomm,465,24,0,0,0,0
2023-01-12,SKU_002,ecomm,445,20,0,0,0,0
2023-01-13,SKU_002,ecomm,423,22,0,0,0,0
2023-01-14,SKU_002,ecomm,401,22,0,0,0,0
2023-01-15,SKU_002,ecomm,386,15,0,0,0,0
2023-01-16,SKU_002,ecomm,356,30,0,0,1,0
2023-01-17,SKU_002,ecomm,319,37,0,0,0,0
2023-01-18,SKU_002,ecomm,290,29,0,0,0,0
2023-01-19,SKU_002,ecomm,449,20,0,179,0,0
2023-01-20,SKU_002,ecomm,652,23,0,226,0,0
2023-01-21,SKU_002,ecomm,631,21,0,0,0,0
2023-01-22,SKU_002,ecomm,607,24,0,0,0,0
2023-01-23,SKU_002,ecomm,584,23,0,0,0,0
2023-01-24,SKU_002,ecomm,560,24,0,0,0,0
2023-01-25,SKU_002,ecomm,541,19,0,0,0,0
2023-01-26,SKU_002,ecomm,503,38,0,0,0,0
2023-01-27,SKU_002,ecomm,481,22,0,0,0,0
2023-01-28,SKU_002,ecomm,463,18,0,0,0,0
2023-01-29,SKU_002,ecomm,433,30,0,0,0,0
2023-01-30,SKU_002,ecomm,404,29,0,0,0,0
2023-01-31,SKU_002,ecomm,384,20,0,0,0,0
2023-02-01,SKU_002,ecomm,348,36,0,0,0,0
2023-02-02,SKU_002,ecomm,327,21,0,0,0,0
2023-02-03,SKU_002,ecomm,307,20,0,0,0,0
2023-02-04,SKU_002,ecomm,541,24,0,258,0,0
2023-02-05,SKU_002,ecomm,521,20,0,0,0,0
2023-02-06,SKU_002,ecomm,500,21,0,0,0,0
2023-02-07,SKU_002,ecomm,482,18,0,0,0,0
2023-02-08,SKU_002,ecomm,463,19,0,0,0,0
2023-02-09,SKU_002,ecomm,445,18,0,0,0,0
2023-02-10,SKU_002,ecomm,427,18,0,0,0,0
2023-02-11,SKU_002,ecomm,412,15,0,0,0,0
2023-02-12,SKU_002,ecomm,395,17,0,0,0,0
2023-02-13,SKU_002,ecomm,352,43,0,0,0,0
2023-02-14,SKU_002,ecomm,315,37,0,0,0,0
2023-02-15,SKU_002,ecomm,293,22,0,0,0,0
2023-02-16,SKU_002,ecomm,264,29,0,0,0,0
2023-02-17,SKU_002,ecomm,231,33,0,0,0,0
2023-02-18,SKU_002,ecomm,198,33,0,0,0,0
2023-02-19,SKU_002,ecomm,170,28,0,0,0,0
2023-02-20,SKU_002,ecomm,131,39,0,0,0,0
2023-02-21,SKU_002,ecomm,106,25,0,0,1,0
2023-02-22,SKU_002,ecomm,81,25,0,0,0,0
2023-02-23,SKU_002,ecomm,53,28,0,0,1,0
2023-02-24,SKU_002,ecomm,24,29,0,0,0,0
2023-02-25,SKU_002,ecomm,0,24,5,0,0,0
2023-02-26,SKU_002,ecomm,0,0,25,0,0,0
2023-02-27,SKU_002,ecomm,0,0,17,0,0,0
2023-02-28,SKU_002,ecomm,0,0,20,0,0,0
2023-03-01,SKU_002,ecomm,0,0,19,0,0,0
2023-03-02,SKU_002,ecomm,0,0,24,0,0,0
2023-03-03,SKU_002,ecomm,0,0,23,0,0,0
2023-03-04,SKU_002,ecomm,0,0,23,0,1,0
2023-03-05,SKU_002,ecomm,0,0,25,0,0,0
2023-03-06,SKU_002,ecomm,0,0,31,0,0,0
2023-03-07,SKU_002,ecomm,0,0,27,0,0,0
2023-03-08,SKU_002,ecomm,0,0,36,0,0,0
2023-03-09,SKU_002,ecomm,0,0,36,0,0,0
2023-03-10,SKU_002,ecomm,0,0,45,0,0,0
2023-03-11,SKU_002,ecomm,0,0,26,0,0,0
2023-03-12,SKU_002,ecomm,284,0,41,284,0,0
2023-03-13,SKU_002,ecomm,268,16,0,0,0,0
2023-03-14,SKU_002,ecomm,248,20,0,0,0,0
2023-03-15,SKU_002,ecomm,212,36,0,0,0,0
2023-03-16,SKU_002,ecomm,190,22,0,0,0,0
2023-03-17,SKU_002,ecomm,171,19,0,0,0,0
2023-03-18,SKU_002,ecomm,132,39,0,0,0,0
2023-03-19,SKU_002,ecomm,92,40,0,0,0,0
2023-03-20,SKU_002,ecomm,71,21,0,0,0,0
2023-03-21,SKU_002,ecomm,34,37,0,0,0,0
2023-03-22,SKU_002,ecomm,1,33,0,0,0,0
2023-03-23,SKU_002,ecomm,0,1,28,0,0,0
2023-03-24,SKU_002,ecomm,0,0,48,0,0,0
2023-03-25,SKU_002,ecomm,0,0,27,0,1,0
2023-03-26,SKU_002,ecomm,0,0,18,0,0,0
2023-03-27,SKU_002,ecomm,0,0,40,0,1,0
2023-03-28,SKU_002,ecomm,0,0,21,0,0,0
2023-03-29,SKU_002,ecomm,0,0,31,0,0,0
2023-03-30,SKU_002,ecomm,0,0,37,0,0,0
2023-03-31,SKU_002,ecomm,0,0,17,0,0,0
2023-04-01,SKU_002,ecomm,0,0,33,0,0,0
2023-04-02,SKU_002,ecomm,0,0,25,0,0,0
2023-04-03,SKU_002,ecomm,0,0,25,0,0,0
2023-04-04,SKU_002,ecomm,0,0,41,0,0,0
2023-04-05,SKU_002,ecomm,0,0,26,0,1,0
2023-04-06,SKU_002,ecomm,0,0,20,0,0,0
2023-04-07,SKU_002,ecomm,0,0,20,0,0,0
2023-04-08,SKU_002,ecomm,273,0,23,273,0,0
2023-04-09,SKU_002,ecomm,257,16,0,0,0,0
2023-04-10,SKU_002,ecomm,532,19,0,294,0,0
2023-04-11,SKU_002,ecomm,496,36,0,0,1,0
2023-04-12,SKU_002,ecomm,463,33,0,0,0,0
2023-04-13,SKU_002,ecomm,432,31,0,0,0,0
2023-04-14,SKU_002,ecomm,407,25,0,0,0,0
2023-04-15,SKU_002,ecomm,395,12,0,0,0,0
2023-04-16,SKU_002,ecomm,359,36,0,0,0,0
2023-04-17,SKU_002,ecomm,318,41,0,0,0,0
2023-04-18,SKU_002,ecomm,293,25,0,0,0,0
2023-04-19,SKU_002,ecomm,264,29,0,0,0,0
2023-04-20,SKU_002,ecomm,235,29,0,0,0,0
2023-04-21,SKU_002,ecomm,221,14,0,0,0,0
2023-04-22,SKU_002,ecomm,186,35,0,0,0,0
2023-04-23,SKU_002,ecomm,163,23,0,0,0,0
2023-04-24,SKU_002,ecomm,153,10,0,0,0,0
2023-04-25,SKU_002,ecomm,126,27,0,0,1,0
2023-04-26,SKU_002,ecomm,90,36,0,0,0,0
2023-04-27,SKU_002,ecomm,58,32,0,0,0,0
2023-04-28,SKU_002,ecomm,31,27,0,0,0,0
2023-04-29,SKU_002,ecomm,0,31,2,0,0,0
2023-04-30,SKU_002,ecomm,0,0,29,0,0,0
2023-05-01,SKU_002,ecomm,0,0,27,0,0,0
2023-05-02,SKU_002,ecomm,0,0,22,0,0,0
2023-05-03,SKU_002,ecomm,0,0,47,0,0,0
2023-05-04,SKU_002,ecomm,0,0,27,0,0,0
2023-05-05,SKU_002,ecomm,0,0,38,0,0,0
2023-05-06,SKU_002,ecomm,0,0,23,0,0,0
2023-05-07,SKU_002,ecomm,0,0,17,0,0,0
2023-05-08,SKU_002,ecomm,0,0,25,0,0,0
2023-05-09,SKU_002,ecomm,0,0,20,0,0,0
2023-05-10,SKU_002,ecomm,0,0,26,0,0,0
2023-05-11,SKU_002,ecomm,0,0,20,0,0,0
2023-05-12,SKU_002,ecomm,0,0,34,0,0,0
2023-05-13,SKU_002,ecomm,0,0,15,0,0,0
2023-05-14,SKU_002,ecomm,0,0,19,0,1,0
2023-05-15,SKU_002,ecomm,0,0,35,0,1,0
2023-05-16,SKU_002,ecomm,0,0,13,0,0,0
2023-05-17,SKU_002,ecomm,0,0,31,0,0,0
2023-05-18,SKU_002,ecomm,0,0,32,0,1,0
2023-05-19,SKU_002,ecomm,0,0,33,0,0,0
2023-05-20,SKU_002,ecomm,0,0,17,0,0,0
2023-05-21,SKU_002,ecomm,0,0,17,0,0,0
2023-05-22,SKU_002,ecomm,0,0,28,0,0,0
2023-05-23,SKU_002,ecomm,0,0,21,0,1,0
2023-05-24,SKU_002,ecomm,0,0,19,0,0,0
2023-05-25,SKU_002,ecomm,0,0,26,0,0,0
2023-05-26,SKU_002,ecomm,0,0,47,0,0,0
2023-05-27,SKU_002,ecomm,0,0,41,0,0,0
2023-05-28,SKU_002,ecomm,0,0,28,0,0,0
2023-05-29,SKU_002,ecomm,0,0,32,0,0,0
2023-05-30,SKU_002,ecomm,0,0,40,0,0,0
2023-05-31,SKU_002,ecomm,0,0,13,0,0,0
2023-06-01,SKU_002,ecomm,0,0,38,0,0,0
2023-06-02,SKU_002,ecomm,0,0,33,0,0,0
2023-06-03,SKU_002,ecomm,0,0,41,0,0,0
2023-06-04,SKU_002,ecomm,0,0,31,0,0,0
2023-06-05,SKU_002,ecomm,0,0,21,0,0,0
2023-06-06,SKU_002,ecomm,0,0,23,0,0,0
2023-06-07,SKU_002,ecomm,0,0,25,0,0,0
2023-06-08,SKU_002,ecomm,0,0,35,0,0,0
2023-06-09,SKU_002,ecomm,0,0,36,0,0,0
2023-06-10,SKU_002,ecomm,0,0,21,0,0,0
2023-06-11,SKU_002,ecomm,0,0,35,0,0,0
2023-06-12,SKU_002,ecomm,0,0,23,0,0,0
2023-06-13,SKU_002,ecomm,0,0,31,0,1,0
2023-06-14,SKU_002,ecomm,0,0,6,0,0,0
2023-06-15,SKU_002,ecomm,0,0,37,0,0,0
2023-06-16,SKU_002,ecomm,0,0,29,0,0,0
2023-06-17,SKU_002,ecomm,0,0,20,0,0,0
2023-06-18,SKU_002,ecomm,0,0,20,0,0,0
2023-06-19,SKU_002,ecomm,0,0,33,0,0,0
2023-06-20,SKU_002,ecomm,0,0,18,0,0,0
2023-06-21,SKU_002,ecomm,0,0,34,0,0,0
2023-06-22,SKU_002,ecomm,0,0,28,0,0,0
2023-06-23,SKU_002,ecomm,171,0,16,171,0,0
2023-06-24,SKU_002,ecomm,146,25,0,0,1,0
2023-06-25,SKU_002,ecomm,132,14,0,0,0,0
2023-06-26,SKU_002,ecomm,113,19,0,0,1,0
2023-06-27,SKU_002,ecomm,89,24,0,0,0,0
2023-06-28,SKU_002,ecomm,359,20,0,290,0,0
2023-06-29,SKU_002,ecomm,331,28,0,0,0,0
2023-06-30,SKU_002,ecomm,309,22,0,0,0,0
2023-07-01,SKU_002,ecomm,273,36,0,0,0,0
2023-07-02,SKU_002,ecomm,251,22,0,0,0,0
2023-07-03,SKU_002,ecomm,223,28,0,0,1,0
2023-07-04,SKU_002,ecomm,191,32,0,0,0,1
2023-07-05,SKU_002,ecomm,153,38,0,0,0,0
2023-07-06,SKU_002,ecomm,119,34,0,0,0,0
2023-07-07,SKU_002,ecomm,80,39,0,0,0,0
2023-07-08,SKU_002,ecomm,57,23,0,0,0,0
2023-07-09,SKU_002,ecomm,27,30,0,0,1,0
2023-07-10,SKU_002,ecomm,0,27,3,0,0,0
2023-07-11,SKU_002,ecomm,0,0,45,0,0,0
2023-07-12,SKU_002,ecomm,0,0,21,0,0,0
2023-07-13,SKU_002,ecomm,0,0,44,0,1,0
2023-07-14,SKU_002,ecomm,0,0,32,0,0,0
2023-07-15,SKU_002,ecomm,0,0,31,0,0,0
2023-07-16,SKU_002,ecomm,0,0,24,0,0,0
2023-07-17,SKU_002,ecomm,0,0,31,0,0,0
2023-07-18,SKU_002,ecomm,0,0,28,0,1,0
2023-07-19,SKU_002,ecomm,0,0,25,0,0,0
2023-07-20,SKU_002,ecomm,0,0,37,0,0,0
2023-07-21,SKU_002,ecomm,0,0,30,0,0,0
2023-07-22,SKU_002,ecomm,0,0,14,0,0,0
2023-07-23,SKU_002,ecomm,0,0,22,0,1,0
2023-07-24,SKU_002,ecomm,0,0,28,0,0,0
2023-07-25,SKU_002,ecomm,0,0,30,0,0,0
2023-07-26,SKU_002,ecomm,0,0,27,0,0,0
2023-07-27,SKU_002,ecomm,0,0,20,0,0,0
2023-07-28,SKU_002,ecomm,0,0,33,0,0,0
2023-07-29,SKU_002,ecomm,0,0,31,0,0,0
2023-07-30,SKU_002,ecomm,0,0,11,0,0,0
2023-07-31,SKU_002,ecomm,0,0,21,0,0,0
2023-08-01,SKU_002,ecomm,0,0,25,0,0,0
2023-08-02,SKU_002,ecomm,0,0,18,0,0,0
2023-08-03,SKU_002,ecomm,0,0,27,0,0,0
2023-08-04,SKU_002,ecomm,0,0,19,0,1,0
2023-08-05,SKU_002,ecomm,0,0,41,0,0,0
2023-08-06,SKU_002,ecomm,0,0,7,0,0,0
2023-08-07,SKU_002,ecomm,0,0,24,0,0,0
2023-08-08,SKU_002,ecomm,0,0,18,0,0,0
2023-08-09,SKU_002,ecomm,0,0,35,0,0,0
2023-08-10,SKU_002,ecomm,0,0,24,0,0,0
2023-08-11,SKU_002,ecomm,0,0,49,0,0,0
2023-08-12,SKU_002,ecomm,0,0,30,0,0,0
2023-08-13,SKU_002,ecomm,119,0,24,119,0,0
2023-08-14,SKU_002,ecomm,88,31,0,0,0,0
2023-08-15,SKU_002,ecomm,68,20,0,0,0,0
2023-08-16,SKU_002,ecomm,41,27,0,0,0,0
2023-08-17,SKU_002,ecomm,23,18,0,0,0,0
2023-08-18,SKU_002,ecomm,8,15,0,0,0,0
2023-08-19,SKU_002,ecomm,0,8,13,0,0,0
2023-08-20,SKU_002,ecomm,0,0,14,0,0,0
2023-08-21,SKU_002,ecomm,0,0,36,0,0,0
2023-08-22,SKU_002,ecomm,0,0,20,0,1,0
2023-08-23,SKU_002,ecomm,0,0,16,0,0,0
2023-08-24,SKU_002,ecomm,0,0,29,0,0,0
2023-08-25,SKU_002,ecomm,0,0,41,0,0,0
2023-08-26,SKU_002,ecomm,284,0,31,284,1,0
2023-08-27,SKU_002,ecomm,264,20,0,0,0,0
2023-08-28,SKU_002,ecomm,241,23,0,0,0,0
2023-08-29,SKU_002,ecomm,214,27,0,0,1,0
2023-08-30,SKU_002,ecomm,193,21,0,0,0,0
2023-08-31,SKU_002,ecomm,171,22,0,0,0,0
2023-09-01,SKU_002,ecomm,157,14,0,0,0,0
2023-09-02,SKU_002,ecomm,123,34,0,0,0,0
2023-09-03,SKU_002,ecomm,103,20,0,0,0,0
2023-09-04,SKU_002,ecomm,84,19,0,0,0,0
2023-09-05,SKU_002,ecomm,56,28,0,0,0,0
2023-09-06,SKU_002,ecomm,41,15,0,0,0,0
2023-09-07,SKU_002,ecomm,26,15,0,0,0,0
2023-09-08,SKU_002,ecomm,2,24,0,0,1,0
2023-09-09,SKU_002,ecomm,0,2,24,0,0,0
2023-09-10,SKU_002,ecomm,0,0,10,0,0,0
2023-09-11,SKU_002,ecomm,0,0,25,0,0,0
2023-09-12,SKU_002,ecomm,0,0,33,0,0,0
2023-09-13,SKU_002,ecomm,0,0,23,0,0,0
2023-09-14,SKU_002,ecomm,131,0,37,131,0,0
2023-09-15,SKU_002,ecomm,364,21,0,254,0,0
2023-09-16,SKU_002,ecomm,342,22,0,0,0,0
2023-09-17,SKU_002,ecomm,331,11,0,0,0,0
2023-09-18,SKU_002,ecomm,319,12,0,0,0,0
2023-09-19,SKU_002,ecomm,273,46,0,0,0,0
2023-09-20,SKU_002,ecomm,241,32,0,0,0,0
2023-09-21,SKU_002,ecomm,224,17,0,0,0,0
2023-09-22,SKU_002,ecomm,201,23,0,0,0,0
2023-09-23,SKU_002,ecomm,192,9,0,0,0,0
2023-09-24,SKU_002,ecomm,162,30,0,0,0,0
2023-09-25,SKU_002,ecomm,129,33,0,0,0,0
2023-09-26,SKU_002,ecomm,100,29,0,0,0,0
2023-09-27,SKU_002,ecomm,86,14,0,0,0,0
2023-09-28,SKU_002,ecomm,61,25,0,0,0,0
2023-09-29,SKU_002,ecomm,30,31,0,0,0,0
2023-09-30,SKU_002,ecomm,237,20,0,227,0,0
2023-10-01,SKU_002,ecomm,210,27,0,0,0,0
2023-10-02,SKU_002,ecomm,191,19,0,0,0,0
2023-10-03,SKU_002,ecomm,173,18,0,0,0,0
2023-10-04,SKU_002,ecomm,165,8,0,0,0,0
2023-10-05,SKU_002,ecomm,128,37,0,0,0,0
2023-10-06,SKU_002,ecomm,90,38,0,0,0,0
2023-10-07,SKU_002,ecomm,70,20,0,0,0,0
2023-10-08,SKU_002,ecomm,41,29,0,0,0,0
2023-10-09,SKU_002,ecomm,0,41,0,0,0,0
2023-10-10,SKU_002,ecomm,0,0,37,0,0,0
2023-10-11,SKU_002,ecomm,0,0,27,0,0,0
2023-10-12,SKU_002,ecomm,0,0,31,0,0,0
2023-10-13,SKU_002,ecomm,141,0,15,141,0,0
2023-10-14,SKU_002,ecomm,122,19,0,0,0,0
2023-10-15,SKU_002,ecomm,107,15,0,0,0,0
2023-10-16,SKU_002,ecomm,78,29,0,0,0,0
2023-10-17,SKU_002,ecomm,44,34,0,0,0,0
2023-10-18,SKU_002,ecomm,21,23,0,0,0,0
2023-10-19,SKU_002,ecomm,0,21,3,0,0,0
2023-10-20,SKU_002,ecomm,0,0,35,0,0,0
2023-10-21,SKU_002,ecomm,0,0,31,0,1,0
2023-10-22,SKU_002,ecomm,0,0,14,0,0,0
2023-10-23,SKU_002,ecomm,0,0,26,0,0,0
2023-10-24,SKU_002,ecomm,0,0,15,0,0,0
2023-10-25,SKU_002,ecomm,0,0,40,0,0,0
2023-10-26,SKU_002,ecomm,0,0,24,0,1,0
2023-10-27,SKU_002,ecomm,0,0,30,0,1,0
2023-10-28,SKU_002,ecomm,0,0,24,0,0,0
2023-10-29,SKU_002,ecomm,0,0,14,0,0,0
2023-10-30,SKU_002,ecomm,0,0,21,0,0,0
2023-10-31,SKU_002,ecomm,0,0,14,0,0,0
2023-11-01,SKU_002,ecomm,117,0,16,117,0,0
2023-11-02,SKU_002,ecomm,95,22,0,0,0,0
2023-11-03,SKU_002,ecomm,65,30,0,0,0,0
2023-11-04,SKU_002,ecomm,27,38,0,0,0,0
2023-11-05,SKU_002,ecomm,8,19,0,0,0,0
2023-11-06,SKU_002,ecomm,0,8,28,0,1,0
2023-11-07,SKU_002,ecomm,0,0,35,0,0,0
2023-11-08,SKU_002,ecomm,0,0,46,0,0,0
2023-11-09,SKU_002,ecomm,0,0,31,0,0,0
2023-11-10,SKU_002,ecomm,0,0,42,0,0,0
2023-11-11,SKU_002,ecomm,0,0,32,0,0,0
2023-11-12,SKU_002,ecomm,0,0,33,0,0,0
2023-11-13,SKU_002,ecomm,0,0,35,0,0,0
2023-11-14,SKU_002,ecomm,0,0,28,0,0,0
2023-11-15,SKU_002,ecomm,0,0,29,0,0,0
2023-11-16,SKU_002,ecomm,0,0,14,0,0,0
2023-11-17,SKU_002,ecomm,0,0,17,0,0,0
2023-11-18,SKU_002,ecomm,0,0,26,0,0,0
2023-11-19,SKU_002,ecomm,0,0,27,0,0,0
2023-11-20,SKU_002,ecomm,0,0,23,0,0,0
2023-11-21,SKU_002,ecomm,0,0,11,0,0,0
2023-11-22,SKU_002,ecomm,0,0,29,0,0,0
2023-11-23,SKU_002,ecomm,127,0,21,127,0,1
2023-11-24,SKU_002,ecomm,103,24,0,0,0,0
2023-11-25,SKU_002,ecomm,69,34,0,0,0,0
2023-11-26,SKU_002,ecomm,45,24,0,0,0,0
2023-11-27,SKU_002,ecomm,21,24,0,0,0,0
2023-11-28,SKU_002,ecomm,0,21,11,0,0,0
2023-11-29,SKU_002,ecomm,0,0,34,0,0,0
2023-11-30,SKU_002,ecomm,0,0,35,0,0,0
2023-12-01,SKU_002,ecomm,0,0,30,0,0,0
2023-12-02,SKU_002,ecomm,0,0,21,0,0,0
2023-12-03,SKU_002,ecomm,0,0,41,0,0,0
2023-12-04,SKU_002,ecomm,0,0,39,0,0,0
2023-12-05,SKU_002,ecomm,0,0,21,0,0,0
2023-12-06,SKU_002,ecomm,0,0,17,0,1,0
2023-12-07,SKU_002,ecomm,0,0,26,0,0,0
2023-12-08,SKU_002,ecomm,0,0,22,0,1,0
2023-12-09,SKU_002,ecomm,0,0,20,0,0,0
2023-12-10,SKU_002,ecomm,0,0,33,0,0,0
2023-12-11,SKU_002,ecomm,149,0,22,149,0,0
2023-12-12,SKU_002,ecomm,120,29,0,0,0,0
2023-12-13,SKU_002,ecomm,91,29,0,0,0,0
2023-12-14,SKU_002,ecomm,52,39,0,0,1,0
2023-12-15,SKU_002,ecomm,323,26,0,297,0,0
2023-12-16,SKU_002,ecomm,300,23,0,0,0,0
2023-12-17,SKU_002,ecomm,258,42,0,0,0,0
2023-12-18,SKU_002,ecomm,245,13,0,0,0,0
2023-12-19,SKU_002,ecomm,201,44,0,0,0,0
2023-12-20,SKU_002,ecomm,161,40,0,0,0,0
2023-12-21,SKU_002,ecomm,144,17,0,0,0,0
2023-12-22,SKU_002,ecomm,129,15,0,0,0,0
2023-12-23,SKU_002,ecomm,91,38,0,0,0,0
2023-12-24,SKU_002,ecomm,82,9,0,0,0,0
2023-12-25,SKU_002,ecomm,38,44,0,0,0,1
2023-12-26,SKU_002,ecomm,5,33,0,0,0,0
2023-12-27,SKU_002,ecomm,0,5,21,0,0,0
2023-12-28,SKU_002,ecomm,0,0,23,0,1,0
2023-12-29,SKU_002,ecomm,0,0,15,0,0,0
2023-12-30,SKU_002,ecomm,0,0,15,0,0,0
2023-12-31,SKU_002,ecomm,0,0,30,0,0,0
2024-01-01,SKU_002,ecomm,169,0,34,169,0,1
2024-01-02,SKU_002,ecomm,142,27,0,0,1,0
2024-01-03,SKU_002,ecomm,116,26,0,0,0,0
2024-01-04,SKU_002,ecomm,87,29,0,0,0,0
2024-01-05,SKU_002,ecomm,61,26,0,0,0,0
2024-01-06,SKU_002,ecomm,28,33,0,0,0,0
2024-01-07,SKU_002,ecomm,5,23,0,0,1,0
2024-01-08,SKU_002,ecomm,0,5,13,0,0,0
2024-01-09,SKU_002,ecomm,0,0,22,0,1,0
2024-01-10,SKU_002,ecomm,0,0,22,0,0,0
2024-01-11,SKU_002,ecomm,0,0,35,0,0,0
2024-01-12,SKU_002,ecomm,0,0,36,0,0,0
2024-01-13,SKU_002,ecomm,0,0,33,0,0,0
2024-01-14,SKU_002,ecomm,0,0,23,0,0,0
2024-01-15,SKU_002,ecomm,0,0,21,0,0,0
2024-01-16,SKU_002,ecomm,0,0,29,0,0,0
2024-01-17,SKU_002,ecomm,0,0,11,0,0,0
2024-01-18,SKU_002,ecomm,0,0,34,0,0,0
2024-01-19,SKU_002,ecomm,0,0,30,0,1,0
2024-01-20,SKU_002,ecomm,0,0,38,0,0,0
2024-01-21,SKU_002,ecomm,0,0,25,0,0,0
2024-01-22,SKU_002,ecomm,0,0,38,0,0,0
2024-01-23,SKU_002,ecomm,0,0,21,0,0,0
2024-01-24,SKU_002,ecomm,0,0,32,0,0,0
2024-01-25,SKU_002,ecomm,0,0,38,0,1,0
2024-01-26,SKU_002,ecomm,0,0,21,0,0,0
2024-01-27,SKU_002,ecomm,0,0,22,0,0,0
2024-01-28,SKU_002,ecomm,0,0,31,0,0,0
2024-01-29,SKU_002,ecomm,0,0,31,0,1,0
2024-01-30,SKU_002,ecomm,0,0,13,0,0,0
2024-01-31,SKU_002,ecomm,0,0,19,0,0,0
2024-02-01,SKU_002,ecomm,0,0,16,0,0,0
2024-02-02,SKU_002,ecomm,0,0,25,0,1,0
2024-02-03,SKU_002,ecomm,0,0,27,0,0,0
2024-02-04,SKU_002,ecomm,0,0,42,0,0,0
2024-02-05,SKU_002,ecomm,0,0,40,0,0,0
2024-02-06,SKU_002,ecomm,0,0,33,0,0,0
2024-02-07,SKU_002,ecomm,0,0,19,0,0,0
2024-02-08,SKU_002,ecomm,0,0,43,0,0,0
2024-02-09,SKU_002,ecomm,0,0,32,0,0,0
2024-02-10,SKU_002,ecomm,0,0,28,0,0,0
2024-02-11,SKU_002,ecomm,0,0,30,0,0,0
2024-02-12,SKU_002,ecomm,0,0,39,0,0,0
2024-02-13,SKU_002,ecomm,0,0,30,0,0,0
2024-02-14,SKU_002,ecomm,0,0,35,0,0,0
2024-02-15,SKU_002,ecomm,0,0,19,0,0,0
2024-02-16,SKU_002,ecomm,0,0,28,0,0,0
2024-02-17,SKU_002,ecomm,0,0,21,0,0,0
2024-02-18,SKU_002,ecomm,0,0,12,0,0,0
2024-02-19,SKU_002,ecomm,0,0,31,0,0,0
2024-02-20,SKU_002,ecomm,0,0,38,0,0,0
2024-02-21,SKU_002,ecomm,0,0,24,0,0,0
2024-02-22,SKU_002,ecomm,0,0,21,0,0,0
2024-02-23,SKU_002,ecomm,123,0,13,123,0,0
2024-02-24,SKU_002,ecomm,79,44,0,0,0,0
2024-02-25,SKU_002,ecomm,58,21,0,0,0,0
2024-02-26,SKU_002,ecomm,48,10,0,0,0,0
2024-02-27,SKU_002,ecomm,18,30,0,0,0,0
2024-02-28,SKU_002,ecomm,0,18,0,0,0,0
2024-02-29,SKU_002,ecomm,0,0,36,0,0,0
2024-03-01,SKU_002,ecomm,0,0,23,0,0,0
2024-03-02,SKU_002,ecomm,0,0,24,0,0,0
2024-03-03,SKU_002,ecomm,255,0,6,255,0,0
2024-03-04,SKU_002,ecomm,227,28,0,0,0,0
2024-03-05,SKU_002,ecomm,326,33,0,132,0,0
2024-03-06,SKU_002,ecomm,284,42,0,0,0,0
2024-03-07,SKU_002,ecomm,267,17,0,0,1,0
2024-03-08,SKU_002,ecomm,251,16,0,0,0,0
2024-03-09,SKU_002,ecomm,384,21,0,154,0,0
2024-03-10,SKU_002,ecomm,370,14,0,0,0,0
2024-03-11,SKU_002,ecomm,341,29,0,0,0,0
2024-03-12,SKU_002,ecomm,307,34,0,0,0,0
2024-03-13,SKU_002,ecomm,295,12,0,0,0,0
2024-03-14,SKU_002,ecomm,273,22,0,0,0,0
2024-03-15,SKU_002,ecomm,253,20,0,0,0,0
2024-03-16,SKU_002,ecomm,232,21,0,0,0,0
2024-03-17,SKU_002,ecomm,192,40,0,0,0,0
2024-03-18,SKU_002,ecomm,158,34,0,0,0,0
2024-03-19,SKU_002,ecomm,128,30,0,0,0,0
2024-03-20,SKU_002,ecomm,104,24,0,0,0,0
2024-03-21,SKU_002,ecomm,71,33,0,0,0,0
2024-03-22,SKU_002,ecomm,53,18,0,0,0,0
2024-03-23,SKU_002,ecomm,257,26,0,230,0,0
2024-03-24,SKU_002,ecomm,244,13,0,0,0,0
2024-03-25,SKU_002,ecomm,222,22,0,0,0,0
2024-03-26,SKU_002,ecomm,181,41,0,0,0,0
2024-03-27,SKU_002,ecomm,164,17,0,0,0,0
2024-03-28,SKU_002,ecomm,127,37,0,0,0,0
2024-03-29,SKU_002,ecomm,106,21,0,0,0,0
2024-03-30,SKU_002,ecomm,89,17,0,0,1,0
2024-03-31,SKU_002,ecomm,66,23,0,0,0,0
2024-04-01,SKU_002,ecomm,175,26,0,135,0,0
2024-04-02,SKU_002,ecomm,157,18,0,0,0,0
2024-04-03,SKU_002,ecomm,118,39,0,0,1,0
2024-04-04,SKU_002,ecomm,95,23,0,0,0,0
2024-04-05,SKU_002,ecomm,79,16,0,0,1,0
2024-04-06,SKU_002,ecomm,56,23,0,0,0,0
2024-04-07,SKU_002,ecomm,29,27,0,0,0,0
2024-04-08,SKU_002,ecomm,139,22,0,132,0,0
2024-04-09,SKU_002,ecomm,126,13,0,0,1,0
2024-04-10,SKU_002,ecomm,355,25,0,254,0,0
2024-04-11,SKU_002,ecomm,331,24,0,0,0,0
2024-04-12,SKU_002,ecomm,304,27,0,0,0,0
2024-04-13,SKU_002,ecomm,272,32,0,0,0,0
2024-04-14,SKU_002,ecomm,246,26,0,0,0,0
2024-04-15,SKU_002,ecomm,219,27,0,0,0,0
2024-04-16,SKU_002,ecomm,193,26,0,0,0,0
2024-04-17,SKU_002,ecomm,172,21,0,0,0,0
2024-04-18,SKU_002,ecomm,132,40,0,0,0,0
2024-04-19,SKU_002,ecomm,221,24,0,113,0,0
2024-04-20,SKU_002,ecomm,194,27,0,0,0,0
2024-04-21,SKU_002,ecomm,438,17,0,261,1,0
2024-04-22,SKU_002,ecomm,401,37,0,0,1,0
2024-04-23,SKU_002,ecomm,382,19,0,0,0,0
2024-04-24,SKU_002,ecomm,343,39,0,0,0,0
2024-04-25,SKU_002,ecomm,319,24,0,0,0,0
2024-04-26,SKU_002,ecomm,303,16,0,0,0,0
2024-04-27,SKU_002,ecomm,263,40,0,0,0,0
2024-04-28,SKU_002,ecomm,226,37,0,0,0,0
2024-04-29,SKU_002,ecomm,201,25,0,0,0,0
2024-04-30,SKU_002,ecomm,174,27,0,0,1,0
2024-05-01,SKU_002,ecomm,145,29,0,0,0,0
2024-05-02,SKU_002,ecomm,240,45,0,140,0,0
2024-05-03,SKU_002,ecomm,206,34,0,0,1,0
2024-05-04,SKU_002,ecomm,177,29,0,0,0,0
2024-05-05,SKU_002,ecomm,142,35,0,0,0,0
2024-05-06,SKU_002,ecomm,98,44,0,0,0,0
2024-05-07,SKU_002,ecomm,81,17,0,0,0,0
2024-05-08,SKU_002,ecomm,64,17,0,0,0,0
2024-05-09,SKU_002,ecomm,232,35,0,203,0,0
2024-05-10,SKU_002,ecomm,198,34,0,0,1,0
2024-05-11,SKU_002,ecomm,164,34,0,0,0,0
2024-05-12,SKU_002,ecomm,131,33,0,0,0,0
2024-05-13,SKU_002,ecomm,94,37,0,0,0,0
2024-05-14,SKU_002,ecomm,53,41,0,0,1,0
2024-05-15,SKU_002,ecomm,30,23,0,0,0,0
2024-05-16,SKU_002,ecomm,0,30,9,0,0,0
2024-05-17,SKU_002,ecomm,0,0,38,0,0,0
2024-05-18,SKU_002,ecomm,0,0,34,0,0,0
2024-05-19,SKU_002,ecomm,0,0,23,0,0,0
2024-05-20,SKU_002,ecomm,0,0,20,0,0,0
2024-05-21,SKU_002,ecomm,0,0,36,0,0,0
2024-05-22,SKU_002,ecomm,0,0,33,0,0,0
2024-05-23,SKU_002,ecomm,0,0,36,0,0,0
2024-05-24,SKU_002,ecomm,0,0,28,0,0,0
2024-05-25,SKU_002,ecomm,0,0,34,0,0,0
2024-05-26,SKU_002,ecomm,0,0,16,0,0,0
2024-05-27,SKU_002,ecomm,0,0,31,0,0,0
2024-05-28,SKU_002,ecomm,290,0,22,290,0,0
2024-05-29,SKU_002,ecomm,252,38,0,0,0,0
2024-05-30,SKU_002,ecomm,218,34,0,0,0,0
2024-05-31,SKU_002,ecomm,198,20,0,0,0,0
2024-06-01,SKU_002,ecomm,171,27,0,0,0,0
2024-06-02,SKU_002,ecomm,153,18,0,0,0,0
2024-06-03,SKU_002,ecomm,124,29,0,0,0,0
2024-06-04,SKU_002,ecomm,92,32,0,0,0,0
2024-06-05,SKU_002,ecomm,80,12,0,0,0,0
2024-06-06,SKU_002,ecomm,61,19,0,0,0,0
2024-06-07,SKU_002,ecomm,33,28,0,0,0,0
2024-06-08,SKU_002,ecomm,0,33,5,0,0,0
2024-06-09,SKU_002,ecomm,0,0,39,0,1,0
2024-06-10,SKU_002,ecomm,0,0,37,0,0,0
2024-06-11,SKU_002,ecomm,0,0,39,0,0,0
2024-06-12,SKU_002,ecomm,0,0,37,0,0,0
2024-06-13,SKU_002,ecomm,0,0,22,0,0,0
2024-06-14,SKU_002,ecomm,0,0,20,0,0,0
2024-06-15,SKU_002,ecomm,0,0,19,0,0,0
2024-06-16,SKU_002,ecomm,0,0,35,0,0,0
2024-06-17,SKU_002,ecomm,0,0,24,0,0,0
2024-06-18,SKU_002,ecomm,0,0,31,0,0,0
2024-06-19,SKU_002,ecomm,0,0,31,0,0,0
2024-06-20,SKU_002,ecomm,0,0,15,0,0,0
2024-06-21,SKU_002,ecomm,0,0,17,0,0,0
2024-06-22,SKU_002,ecomm,0,0,32,0,0,0
2024-06-23,SKU_002,ecomm,0,0,12,0,0,0
2024-06-24,SKU_002,ecomm,0,0,21,0,0,0
2024-06-25,SKU_002,ecomm,0,0,33,0,0,0
2024-06-26,SKU_002,ecomm,0,0,18,0,0,0
2024-06-27,SKU_002,ecomm,0,0,27,0,0,0
2024-06-28,SKU_002,ecomm,0,0,18,0,0,0
2024-06-29,SKU_002,ecomm,0,0,32,0,0,0
2024-06-30,SKU_002,ecomm,0,0,21,0,1,0
2024-07-01,SKU_002,ecomm,0,0,20,0,0,0
2024-07-02,SKU_002,ecomm,0,0,19,0,0,0
2024-07-03,SKU_002,ecomm,0,0,30,0,0,0
2024-07-04,SKU_002,ecomm,0,0,35,0,0,1
2024-07-05,SKU_002,ecomm,0,0,22,0,0,0
2024-07-06,SKU_002,ecomm,0,0,18,0,0,0
2024-07-07,SKU_002,ecomm,0,0,35,0,0,0
2024-07-08,SKU_002,ecomm,0,0,21,0,0,0
2024-07-09,SKU_002,ecomm,0,0,18,0,0,0
2024-07-10,SKU_002,ecomm,0,0,32,0,0,0
2024-07-11,SKU_002,ecomm,0,0,31,0,0,0
2024-07-12,SKU_002,ecomm,0,0,39,0,0,0
2024-07-13,SKU_002,ecomm,0,0,14,0,0,0
2024-07-14,SKU_002,ecomm,0,0,19,0,0,0
2024-07-15,SKU_002,ecomm,0,0,26,0,0,0
2024-07-16,SKU_002,ecomm,0,0,30,0,0,0
2024-07-17,SKU_002,ecomm,0,0,29,0,1,0
2024-07-18,SKU_002,ecomm,0,0,34,0,1,0
2024-07-19,SKU_002,ecomm,0,0,17,0,0,0
2024-07-20,SKU_002,ecomm,0,0,23,0,1,0
2024-07-21,SKU_002,ecomm,0,0,22,0,0,0
2024-07-22,SKU_002,ecomm,0,0,33,0,0,0
2024-07-23,SKU_002,ecomm,0,0,32,0,0,0
2024-07-24,SKU_002,ecomm,0,0,40,0,0,0
2024-07-25,SKU_002,ecomm,0,0,52,0,0,0
2024-07-26,SKU_002,ecomm,0,0,21,0,0,0
2024-07-27,SKU_002,ecomm,0,0,18,0,0,0
2024-07-28,SKU_002,ecomm,0,0,36,0,0,0
2024-07-29,SKU_002,ecomm,0,0,23,0,0,0
2024-07-30,SKU_002,ecomm,0,0,42,0,0,0
2024-07-31,SKU_002,ecomm,0,0,29,0,0,0
2024-08-01,SKU_002,ecomm,0,0,22,0,0,0
2024-08-02,SKU_002,ecomm,0,0,23,0,1,0
2024-08-03,SKU_002,ecomm,0,0,47,0,0,0
2024-08-04,SKU_002,ecomm,0,0,31,0,0,0
2024-08-05,SKU_002,ecomm,0,0,18,0,0,0
2024-08-06,SKU_002,ecomm,0,0,22,0,0,0
2024-08-07,SKU_002,ecomm,0,0,17,0,0,0
2024-08-08,SKU_002,ecomm,0,0,27,0,1,0
2024-08-09,SKU_002,ecomm,201,0,28,201,0,0
2024-08-10,SKU_002,ecomm,161,40,0,0,1,0
2024-08-11,SKU_002,ecomm,132,29,0,0,0,0
2024-08-12,SKU_002,ecomm,105,27,0,0,0,0
2024-08-13,SKU_002,ecomm,84,21,0,0,0,0
2024-08-14,SKU_002,ecomm,52,32,0,0,0,0
2024-08-15,SKU_002,ecomm,29,23,0,0,1,0
2024-08-16,SKU_002,ecomm,0,29,5,0,0,0
2024-08-17,SKU_002,ecomm,0,0,26,0,1,0
2024-08-18,SKU_002,ecomm,0,0,32,0,0,0
2024-08-19,SKU_002,ecomm,0,0,36,0,0,0
2024-08-20,SKU_002,ecomm,0,0,23,0,0,0
2024-08-21,SKU_002,ecomm,0,0,24,0,0,0
2024-08-22,SKU_002,ecomm,0,0,32,0,0,0
2024-08-23,SKU_002,ecomm,0,0,30,0,0,0
2024-08-24,SKU_002,ecomm,0,0,25,0,0,0
2024-08-25,SKU_002,ecomm,0,0,31,0,0,0
2024-08-26,SKU_002,ecomm,0,0,23,0,0,0
2024-08-27,SKU_002,ecomm,0,0,31,0,0,0
2024-08-28,SKU_002,ecomm,0,0,27,0,0,0
2024-08-29,SKU_002,ecomm,0,0,23,0,0,0
2024-08-30,SKU_002,ecomm,0,0,21,0,0,0
2024-08-31,SKU_002,ecomm,0,0,22,0,0,0
2024-09-01,SKU_002,ecomm,0,0,17,0,0,0
2024-09-02,SKU_002,ecomm,0,0,23,0,0,0
2024-09-03,SKU_002,ecomm,0,0,24,0,0,0
2024-09-04,SKU_002,ecomm,0,0,24,0,0,0
2024-09-05,SKU_002,ecomm,0,0,15,0,0,0
2024-09-06,SKU_002,ecomm,0,0,37,0,0,0
2024-09-07,SKU_002,ecomm,0,0,27,0,1,0
2024-09-08,SKU_002,ecomm,0,0,22,0,0,0
2024-09-09,SKU_002,ecomm,0,0,27,0,0,0
2024-09-10,SKU_002,ecomm,0,0,26,0,0,0
2024-09-11,SKU_002,ecomm,0,0,21,0,0,0
2024-09-12,SKU_002,ecomm,0,0,31,0,0,0
2024-09-13,SKU_002,ecomm,0,0,35,0,0,0
2024-09-14,SKU_002,ecomm,0,0,15,0,1,0
2024-09-15,SKU_002,ecomm,0,0,34,0,0,0
2024-09-16,SKU_002,ecomm,0,0,42,0,0,0
2024-09-17,SKU_002,ecomm,147,0,39,147,0,0
2024-09-18,SKU_002,ecomm,132,15,0,0,0,0
2024-09-19,SKU_002,ecomm,116,16,0,0,0,0
2024-09-20,SKU_002,ecomm,101,15,0,0,0,0
2024-09-21,SKU_002,ecomm,70,31,0,0,0,0
2024-09-22,SKU_002,ecomm,44,26,0,0,0,0
2024-09-23,SKU_002,ecomm,259,24,0,239,0,0
2024-09-24,SKU_002,ecomm,230,29,0,0,0,0
2024-09-25,SKU_002,ecomm,202,28,0,0,0,0
2024-09-26,SKU_002,ecomm,176,26,0,0,1,0
2024-09-27,SKU_002,ecomm,145,31,0,0,0,0
2024-09-28,SKU_002,ecomm,122,23,0,0,0,0
2024-09-29,SKU_002,ecomm,87,35,0,0,0,0
2024-09-30,SKU_002,ecomm,65,22,0,0,1,0
2024-10-01,SKU_002,ecomm,36,29,0,0,0,0
2024-10-02,SKU_002,ecomm,5,31,0,0,0,0
2024-10-03,SKU_002,ecomm,0,5,17,0,0,0
2024-10-04,SKU_002,ecomm,0,0,27,0,0,0
2024-10-05,SKU_002,ecomm,0,0,19,0,0,0
2024-10-06,SKU_002,ecomm,0,0,31,0,0,0
2024-10-07,SKU_002,ecomm,0,0,36,0,0,0
2024-10-08,SKU_002,ecomm,0,0,33,0,0,0
2024-10-09,SKU_002,ecomm,0,0,26,0,0,0
2024-10-10,SKU_002,ecomm,0,0,20,0,0,0
2024-10-11,SKU_002,ecomm,0,0,38,0,0,0
2024-10-12,SKU_002,ecomm,0,0,15,0,0,0
2024-10-13,SKU_002,ecomm,0,0,20,0,0,0
2024-10-14,SKU_002,ecomm,0,0,21,0,0,0
2024-10-15,SKU_002,ecomm,0,0,17,0,0,0
2024-10-16,SKU_002,ecomm,0,0,11,0,0,0
2024-10-17,SKU_002,ecomm,0,0,31,0,0,0
2024-10-18,SKU_002,ecomm,0,0,38,0,0,0
2024-10-19,SKU_002,ecomm,0,0,21,0,0,0
2024-10-20,SKU_002,ecomm,0,0,38,0,0,0
2024-10-21,SKU_002,ecomm,0,0,32,0,0,0
2024-10-22,SKU_002,ecomm,0,0,46,0,0,0
2024-10-23,SKU_002,ecomm,0,0,31,0,0,0
2024-10-24,SKU_002,ecomm,0,0,19,0,0,0
2024-10-25,SKU_002,ecomm,0,0,23,0,0,0
2024-10-26,SKU_002,ecomm,233,0,31,233,0,0
2024-10-27,SKU_002,ecomm,210,23,0,0,0,0
2024-10-28,SKU_002,ecomm,184,26,0,0,0,0
2024-10-29,SKU_002,ecomm,156,28,0,0,0,0
2024-10-30,SKU_002,ecomm,127,29,0,0,0,0
2024-10-31,SKU_002,ecomm,89,38,0,0,0,0
2024-11-01,SKU_002,ecomm,65,24,0,0,0,0
2024-11-02,SKU_002,ecomm,34,31,0,0,0,0
2024-11-03,SKU_002,ecomm,20,14,0,0,0,0
2024-11-04,SKU_002,ecomm,0,20,11,0,0,0
2024-11-05,SKU_002,ecomm,102,0,31,102,0,0
2024-11-06,SKU_002,ecomm,54,48,0,0,0,0
2024-11-07,SKU_002,ecomm,20,34,0,0,0,0
2024-11-08,SKU_002,ecomm,3,17,0,0,0,0
2024-11-09,SKU_002,ecomm,0,3,33,0,0,0
2024-11-10,SKU_002,ecomm,0,0,20,0,0,0
2024-11-11,SKU_002,ecomm,0,0,41,0,0,0
2024-11-12,SKU_002,ecomm,0,0,11,0,0,0
2024-11-13,SKU_002,ecomm,0,0,11,0,0,0
2024-11-14,SKU_002,ecomm,0,0,22,0,0,0
2024-11-15,SKU_002,ecomm,211,0,26,211,0,0
2024-11-16,SKU_002,ecomm,194,17,0,0,0,0
2024-11-17,SKU_002,ecomm,156,38,0,0,0,0
2024-11-18,SKU_002,ecomm,326,31,0,201,0,0
2024-11-19,SKU_002,ecomm,291,35,0,0,0,0
2024-11-20,SKU_002,ecomm,258,33,0,0,0,0
2024-11-21,SKU_002,ecomm,222,36,0,0,0,0
2024-11-22,SKU_002,ecomm,200,22,0,0,1,0
2024-11-23,SKU_002,ecomm,176,24,0,0,0,0
2024-11-24,SKU_002,ecomm,164,12,0,0,0,0
2024-11-25,SKU_002,ecomm,292,28,0,156,0,0
2024-11-26,SKU_002,ecomm,264,28,0,0,0,0
2024-11-27,SKU_002,ecomm,247,17,0,0,0,0
2024-11-28,SKU_002,ecomm,222,25,0,0,0,1
2024-11-29,SKU_002,ecomm,453,31,0,262,0,0
2024-11-30,SKU_002,ecomm,438,15,0,0,0,0
2024-12-01,SKU_002,ecomm,420,18,0,0,0,0
2024-12-02,SKU_002,ecomm,385,35,0,0,0,0
2024-12-03,SKU_002,ecomm,370,15,0,0,1,0
2024-12-04,SKU_002,ecomm,359,11,0,0,0,0
2024-12-05,SKU_002,ecomm,333,26,0,0,0,0
2024-12-06,SKU_002,ecomm,302,31,0,0,0,0
2024-12-07,SKU_002,ecomm,551,28,0,277,0,0
2024-12-08,SKU_002,ecomm,524,27,0,0,0,0
2024-12-09,SKU_002,ecomm,506,18,0,0,0,0
2024-12-10,SKU_002,ecomm,450,56,0,0,0,0
2024-12-11,SKU_002,ecomm,429,21,0,0,1,0
2024-12-12,SKU_002,ecomm,405,24,0,0,0,0
2024-12-13,SKU_002,ecomm,387,18,0,0,0,0
2024-12-14,SKU_002,ecomm,356,31,0,0,1,0
2024-12-15,SKU_002,ecomm,324,32,0,0,0,0
2024-12-16,SKU_002,ecomm,302,22,0,0,0,0
2024-12-17,SKU_002,ecomm,269,33,0,0,0,0
2024-12-18,SKU_002,ecomm,237,32,0,0,0,0
2024-12-19,SKU_002,ecomm,213,24,0,0,0,0
2024-12-20,SKU_002,ecomm,180,33,0,0,0,0
2024-12-21,SKU_002,ecomm,155,25,0,0,0,0
2024-12-22,SKU_002,ecomm,122,33,0,0,0,0
2024-12-23,SKU_002,ecomm,102,20,0,0,0,0
2024-12-24,SKU_002,ecomm,82,20,0,0,0,0
2024-12-25,SKU_002,ecomm,64,18,0,0,0,1
2024-12-26,SKU_002,ecomm,30,34,0,0,0,0
2024-12-27,SKU_002,ecomm,7,23,0,0,0,0
2024-12-28,SKU_002,ecomm,0,7,14,0,0,0
2024-12-29,SKU_002,ecomm,0,0,25,0,0,0
2024-12-30,SKU_002,ecomm,0,0,12,0,0,0
2024-12-31,SKU_002,ecomm,0,0,19,0,1,0
2023-01-01,SKU_002,amazon,478,22,0,0,0,1
2023-01-02,SKU_002,amazon,450,28,0,0,0,0
2023-01-03,SKU_002,amazon,436,14,0,0,0,0
2023-01-04,SKU_002,amazon,401,35,0,0,0,0
2023-01-05,SKU_002,amazon,379,22,0,0,0,0
2023-01-06,SKU_002,amazon,368,11,0,0,0,0
2023-01-07,SKU_002,amazon,349,19,0,0,0,0
2023-01-08,SKU_002,amazon,623,14,0,288,1,0
2023-01-09,SKU_002,amazon,600,23,0,0,1,0
2023-01-10,SKU_002,amazon,586,14,0,0,0,0
2023-01-11,SKU_002,amazon,561,25,0,0,0,0
2023-01-12,SKU_002,amazon,751,21,0,211,0,0
2023-01-13,SKU_002,amazon,855,15,0,119,0,0
2023-01-14,SKU_002,amazon,813,42,0,0,1,0
2023-01-15,SKU_002,amazon,790,23,0,0,0,0
2023-01-16,SKU_002,amazon,773,17,0,0,0,0
2023-01-17,SKU_002,amazon,755,18,0,0,1,0
2023-01-18,SKU_002,amazon,725,30,0,0,0,0
2023-01-19,SKU_002,amazon,688,37,0,0,0,0
2023-01-20,SKU_002,amazon,662,26,0,0,0,0
2023-01-21,SKU_002,amazon,641,21,0,0,0,0
2023-01-22,SKU_002,amazon,847,19,0,225,0,0
2023-01-23,SKU_002,amazon,808,39,0,0,0,0
2023-01-24,SKU_002,amazon,776,32,0,0,0,0
2023-01-25,SKU_002,amazon,742,34,0,0,0,0
2023-01-26,SKU_002,amazon,707,35,0,0,0,0
2023-01-27,SKU_002,amazon,684,23,0,0,0,0
2023-01-28,SKU_002,amazon,666,18,0,0,0,0
2023-01-29,SKU_002,amazon,746,38,0,118,0,0
2023-01-30,SKU_002,amazon,722,24,0,0,0,0
2023-01-31,SKU_002,amazon,699,23,0,0,0,0
2023-02-01,SKU_002,amazon,668,31,0,0,0,0
2023-02-02,SKU_002,amazon,768,32,0,132,0,0
2023-02-03,SKU_002,amazon,753,15,0,0,1,0
2023-02-04,SKU_002,amazon,725,28,0,0,1,0
2023-02-05,SKU_002,amazon,710,15,0,0,0,0
2023-02-06,SKU_002,amazon,687,23,0,0,0,0
2023-02-07,SKU_002,amazon,646,41,0,0,0,0
2023-02-08,SKU_002,amazon,627,19,0,0,0,0
2023-02-09,SKU_002,amazon,589,38,0,0,0,0
2023-02-10,SKU_002,amazon,560,29,0,0,1,0
2023-02-11,SKU_002,amazon,544,16,0,0,0,0
2023-02-12,SKU_002,amazon,500,44,0,0,0,0
2023-02-13,SKU_002,amazon,467,33,0,0,0,0
2023-02-14,SKU_002,amazon,434,33,0,0,0,0
2023-02-15,SKU_002,amazon,394,40,0,0,0,0
2023-02-16,SKU_002,amazon,377,17,0,0,0,0
2023-02-17,SKU_002,amazon,341,36,0,0,0,0
2023-02-18,SKU_002,amazon,317,24,0,0,0,0
2023-02-19,SKU_002,amazon,280,37,0,0,0,0
2023-02-20,SKU_002,amazon,262,18,0,0,0,0
2023-02-21,SKU_002,amazon,499,14,0,251,0,0
2023-02-22,SKU_002,amazon,470,29,0,0,0,0
2023-02-23,SKU_002,amazon,454,16,0,0,0,0
2023-02-24,SKU_002,amazon,412,42,0,0,0,0
2023-02-25,SKU_002,amazon,388,24,0,0,1,0
2023-02-26,SKU_002,amazon,371,17,0,0,0,0
2023-02-27,SKU_002,amazon,349,22,0,0,0,0
2023-02-28,SKU_002,amazon,329,20,0,0,0,0
2023-03-01,SKU_002,amazon,303,26,0,0,0,0
2023-03-02,SKU_002,amazon,478,32,0,207,0,0
2023-03-03,SKU_002,amazon,439,39,0,0,0,0
2023-03-04,SKU_002,amazon,414,25,0,0,1,0
2023-03-05,SKU_002,amazon,402,12,0,0,0,0
2023-03-06,SKU_002,amazon,376,26,0,0,0,0
2023-03-07,SKU_002,amazon,528,41,0,193,0,0
2023-03-08,SKU_002,amazon,497,31,0,0,0,0
2023-03-09,SKU_002,amazon,458,39,0,0,0,0
2023-03-10,SKU_002,amazon,424,34,0,0,0,0
2023-03-11,SKU_002,amazon,393,31,0,0,0,0
2023-03-12,SKU_002,amazon,366,27,0,0,0,0
2023-03-13,SKU_002,amazon,353,13,0,0,1,0
2023-03-14,SKU_002,amazon,332,21,0,0,1,0
2023-03-15,SKU_002,amazon,285,47,0,0,0,0
2023-03-16,SKU_002,amazon,510,28,0,253,0,0
2023-03-17,SKU_002,amazon,486,24,0,0,0,0
2023-03-18,SKU_002,amazon,454,32,0,0,0,0
2023-03-19,SKU_002,amazon,434,20,0,0,0,0
2023-03-20,SKU_002,amazon,409,25,0,0,0,0
2023-03-21,SKU_002,amazon,382,27,0,0,0,0
2023-03-22,SKU_002,amazon,361,21,0,0,0,0
2023-03-23,SKU_002,amazon,346,15,0,0,0,0
2023-03-24,SKU_002,amazon,331,15,0,0,0,0
2023-03-25,SKU_002,amazon,320,11,0,0,0,0
2023-03-26,SKU_002,amazon,280,40,0,0,0,0
2023-03-27,SKU_002,amazon,541,20,0,281,0,0
2023-03-28,SKU_002,amazon,518,23,0,0,0,0
2023-03-29,SKU_002,amazon,502,16,0,0,0,0
2023-03-30,SKU_002,amazon,481,21,0,0,1,0
2023-03-31,SKU_002,amazon,460,21,0,0,1,0
2023-04-01,SKU_002,amazon,438,22,0,0,0,0
2023-04-02,SKU_002,amazon,414,24,0,0,0,0
2023-04-03,SKU_002,amazon,379,35,0,0,0,0
2023-04-04,SKU_002,amazon,365,14,0,0,0,0
2023-04-05,SKU_002,amazon,350,15,0,0,0,0
2023-04-06,SKU_002,amazon,318,32,0,0,0,0
2023-04-07,SKU_002,amazon,585,26,0,293,0,0
2023-04-08,SKU_002,amazon,562,23,0,0,0,0
2023-04-09,SKU_002,amazon,705,44,0,187,0,0
2023-04-10,SKU_002,amazon,670,35,0,0,0,0
2023-04-11,SKU_002,amazon,636,34,0,0,0,0
2023-04-12,SKU_002,amazon,605,31,0,0,0,0
2023-04-13,SKU_002,amazon,571,34,0,0,0,0
2023-04-14,SKU_002,amazon,545,26,0,0,0,0
2023-04-15,SKU_002,amazon,507,38,0,0,0,0
2023-04-16,SKU_002,amazon,468,39,0,0,0,0
2023-04-17,SKU_002,amazon,448,20,0,0,0,0
2023-04-18,SKU_002,amazon,434,14,0,0,0,0
2023-04-19,SKU_002,amazon,388,46,0,0,0,0
2023-04-20,SKU_002,amazon,379,9,0,0,0,0
2023-04-21,SKU_002,amazon,341,38,0,0,0,0
2023-04-22,SKU_002,amazon,318,23,0,0,0,0
2023-04-23,SKU_002,amazon,288,30,0,0,0,0
2023-04-24,SKU_002,amazon,259,29,0,0,0,0
2023-04-25,SKU_002,amazon,228,31,0,0,0,0
2023-04-26,SKU_002,amazon,211,17,0,0,0,0
2023-04-27,SKU_002,amazon,194,17,0,0,0,0
2023-04-28,SKU_002,amazon,144,50,0,0,0,0
2023-04-29,SKU_002,amazon,126,18,0,0,0,0
2023-04-30,SKU_002,amazon,97,29,0,0,0,0
2023-05-01,SKU_002,amazon,79,18,0,0,0,0
2023-05-02,SKU_002,amazon,52,27,0,0,0,0
2023-05-03,SKU_002,amazon,27,25,0,0,0,0
2023-05-04,SKU_002,amazon,5,22,0,0,0,0
2023-05-05,SKU_002,amazon,0,5,28,0,0,0
2023-05-06,SKU_002,amazon,0,0,19,0,0,0
2023-05-07,SKU_002,amazon,244,0,17,244,0,0
2023-05-08,SKU_002,amazon,232,12,0,0,1,0
2023-05-09,SKU_002,amazon,208,24,0,0,0,0
2023-05-10,SKU_002,amazon,178,30,0,0,0,0
2023-05-11,SKU_002,amazon,349,18,0,189,0,0
2023-05-12,SKU_002,amazon,318,31,0,0,0,0
2023-05-13,SKU_002,amazon,300,18,0,0,0,0
2023-05-14,SKU_002,amazon,268,32,0,0,0,0
2023-05-15,SKU_002,amazon,229,39,0,0,0,0
2023-05-16,SKU_002,amazon,207,22,0,0,0,0
2023-05-17,SKU_002,amazon,179,28,0,0,1,0
2023-05-18,SKU_002,amazon,130,49,0,0,0,0
2023-05-19,SKU_002,amazon,102,28,0,0,0,0
2023-05-20,SKU_002,amazon,68,34,0,0,1,0
2023-05-21,SKU_002,amazon,39,29,0,0,0,0
2023-05-22,SKU_002,amazon,11,28,0,0,0,0
2023-05-23,SKU_002,amazon,0,11,2,0,0,0
2023-05-24,SKU_002,amazon,0,0,26,0,0,0
2023-05-25,SKU_002,amazon,0,0,20,0,0,0
2023-05-26,SKU_002,amazon,0,0,47,0,0,0
2023-05-27,SKU_002,amazon,0,0,31,0,0,0
2023-05-28,SKU_002,amazon,0,0,36,0,0,0
2023-05-29,SKU_002,amazon,0,0,45,0,0,0
2023-05-30,SKU_002,amazon,0,0,33,0,0,0
2023-05-31,SKU_002,amazon,0,0,21,0,0,0
2023-06-01,SKU_002,amazon,0,0,20,0,0,0
2023-06-02,SKU_002,amazon,0,0,24,0,0,0
2023-06-03,SKU_002,amazon,0,0,22,0,1,0
2023-06-04,SKU_002,amazon,0,0,23,0,1,0
2023-06-05,SKU_002,amazon,0,0,34,0,0,0
2023-06-06,SKU_002,amazon,0,0,24,0,0,0
2023-06-07,SKU_002,amazon,0,0,13,0,0,0
2023-06-08,SKU_002,amazon,0,0,48,0,0,0
2023-06-09,SKU_002,amazon,0,0,23,0,0,0
2023-06-10,SKU_002,amazon,0,0,31,0,0,0
2023-06-11,SKU_002,amazon,0,0,31,0,0,0
2023-06-12,SKU_002,amazon,0,0,31,0,0,0
2023-06-13,SKU_002,amazon,0,0,15,0,0,0
2023-06-14,SKU_002,amazon,0,0,34,0,0,0
2023-06-15,SKU_002,amazon,0,0,40,0,0,0
2023-06-16,SKU_002,amazon,0,0,24,0,0,0
2023-06-17,SKU_002,amazon,0,0,29,0,0,0
2023-06-18,SKU_002,amazon,0,0,25,0,0,0
2023-06-19,SKU_002,amazon,0,0,42,0,0,0
2023-06-20,SKU_002,amazon,0,0,35,0,1,0
2023-06-21,SKU_002,amazon,0,0,22,0,0,0
2023-06-22,SKU_002,amazon,247,0,31,247,0,0
2023-06-23,SKU_002,amazon,225,22,0,0,0,0
2023-06-24,SKU_002,amazon,202,23,0,0,0,0
2023-06-25,SKU_002,amazon,181,21,0,0,0,0
2023-06-26,SKU_002,amazon,263,18,0,100,0,0
2023-06-27,SKU_002,amazon,233,30,0,0,0,0
2023-06-28,SKU_002,amazon,218,15,0,0,0,0
2023-06-29,SKU_002,amazon,188,30,0,0,0,0
2023-06-30,SKU_002,amazon,152,36,0,0,0,0
2023-07-01,SKU_002,amazon,145,7,0,0,0,0
2023-07-02,SKU_002,amazon,127,18,0,0,0,0
2023-07-03,SKU_002,amazon,94,33,0,0,0,0
2023-07-04,SKU_002,amazon,84,10,0,0,0,1
2023-07-05,SKU_002,amazon,48,36,0,0,0,0
2023-07-06,SKU_002,amazon,17,31,0,0,1,0
2023-07-07,SKU_002,amazon,0,17,14,0,0,0
2023-07-08,SKU_002,amazon,0,0,20,0,0,0
2023-07-09,SKU_002,amazon,0,0,14,0,0,0
2023-07-10,SKU_002,amazon,0,0,47,0,0,0
2023-07-11,SKU_002,amazon,0,0,25,0,0,0
2023-07-12,SKU_002,amazon,0,0,15,0,0,0
2023-07-13,SKU_002,amazon,0,0,25,0,0,0
2023-07-14,SKU_002,amazon,0,0,14,0,1,0
2023-07-15,SKU_002,amazon,0,0,26,0,0,0
2023-07-16,SKU_002,amazon,0,0,16,0,0,0
2023-07-17,SKU_002,amazon,0,0,31,0,0,0
2023-07-18,SKU_002,amazon,109,0,28,109,0,0
2023-07-19,SKU_002,amazon,94,15,0,0,0,0
2023-07-20,SKU_002,amazon,78,16,0,0,1,0
2023-07-21,SKU_002,amazon,66,12,0,0,0,0
2023-07-22,SKU_002,amazon,48,18,0,0,0,0
2023-07-23,SKU_002,amazon,18,30,0,0,0,0
2023-07-24,SKU_002,amazon,0,18,13,0,0,0
2023-07-25,SKU_002,amazon,0,0,20,0,0,0
2023-07-26,SKU_002,amazon,0,0,31,0,0,0
2023-07-27,SKU_002,amazon,0,0,18,0,0,0
2023-07-28,SKU_002,amazon,0,0,26,0,0,0
2023-07-29,SKU_002,amazon,0,0,33,0,0,0
2023-07-30,SKU_002,amazon,0,0,26,0,0,0
2023-07-31,SKU_002,amazon,0,0,37,0,0,0
2023-08-01,SKU_002,amazon,0,0,28,0,0,0
2023-08-02,SKU_002,amazon,0,0,22,0,0,0
2023-08-03,SKU_002,amazon,0,0,21,0,1,0
2023-08-04,SKU_002,amazon,0,0,44,0,0,0
2023-08-05,SKU_002,amazon,0,0,32,0,0,0
2023-08-06,SKU_002,amazon,0,0,39,0,0,0
2023-08-07,SKU_002,amazon,0,0,19,0,0,0
2023-08-08,SKU_002,amazon,0,0,26,0,1,0
2023-08-09,SKU_002,amazon,0,0,40,0,0,0
2023-08-10,SKU_002,amazon,0,0,42,0,0,0
2023-08-11,SKU_002,amazon,0,0,38,0,0,0
2023-08-12,SKU_002,amazon,0,0,17,0,0,0
2023-08-13,SKU_002,amazon,0,0,33,0,0,0
2023-08-14,SKU_002,amazon,0,0,22,0,0,0
2023-08-15,SKU_002,amazon,0,0,24,0,0,0
2023-08-16,SKU_002,amazon,0,0,48,0,0,0
2023-08-17,SKU_002,amazon,0,0,21,0,0,0
2023-08-18,SKU_002,amazon,0,0,31,0,0,0
2023-08-19,SKU_002,amazon,0,0,14,0,0,0
2023-08-20,SKU_002,amazon,0,0,43,0,0,0
2023-08-21,SKU_002,amazon,0,0,22,0,0,0
2023-08-22,SKU_002,amazon,0,0,20,0,0,0
2023-08-23,SKU_002,amazon,0,0,13,0,0,0
2023-08-24,SKU_002,amazon,0,0,40,0,0,0
2023-08-25,SKU_002,amazon,0,0,36,0,0,0
2023-08-26,SKU_002,amazon,0,0,13,0,0,0
2023-08-27,SKU_002,amazon,0,0,35,0,0,0
2023-08-28,SKU_002,amazon,206,0,35,206,0,0
2023-08-29,SKU_002,amazon,165,41,0,0,0,0
2023-08-30,SKU_002,amazon,145,20,0,0,0,0
2023-08-31,SKU_002,amazon,113,32,0,0,0,0
2023-09-01,SKU_002,amazon,100,13,0,0,0,0
2023-09-02,SKU_002,amazon,86,14,0,0,0,0
2023-09-03,SKU_002,amazon,49,37,0,0,0,0
2023-09-04,SKU_002,amazon,8,41,0,0,0,0
2023-09-05,SKU_002,amazon,0,8,16,0,0,0
2023-09-06,SKU_002,amazon,0,0,37,0,0,0
2023-09-07,SKU_002,amazon,0,0,21,0,0,0
2023-09-08,SKU_002,amazon,0,0,34,0,0,0
2023-09-09,SKU_002,amazon,0,0,28,0,0,0
2023-09-10,SKU_002,amazon,0,0,43,0,0,0
2023-09-11,SKU_002,amazon,0,0,24,0,0,0
2023-09-12,SKU_002,amazon,0,0,25,0,0,0
2023-09-13,SKU_002,amazon,0,0,31,0,1,0
2023-09-14,SKU_002,amazon,0,0,27,0,0,0
2023-09-15,SKU_002,amazon,0,0,29,0,1,0
2023-09-16,SKU_002,amazon,0,0,27,0,0,0
2023-09-17,SKU_002,amazon,0,0,25,0,0,0
2023-09-18,SKU_002,amazon,0,0,21,0,0,0
2023-09-19,SKU_002,amazon,0,0,30,0,0,0
2023-09-20,SKU_002,amazon,0,0,34,0,0,0
2023-09-21,SKU_002,amazon,0,0,33,0,0,0
2023-09-22,SKU_002,amazon,0,0,38,0,0,0
2023-09-23,SKU_002,amazon,0,0,18,0,0,0
2023-09-24,SKU_002,amazon,0,0,27,0,0,0
2023-09-25,SKU_002,amazon,0,0,28,0,0,0
2023-09-26,SKU_002,amazon,0,0,35,0,0,0
2023-09-27,SKU_002,amazon,0,0,21,0,0,0
2023-09-28,SKU_002,amazon,0,0,16,0,1,0
2023-09-29,SKU_002,amazon,0,0,36,0,0,0
2023-09-30,SKU_002,amazon,0,0,31,0,0,0
2023-10-01,SKU_002,amazon,0,0,20,0,0,0
2023-10-02,SKU_002,amazon,0,0,22,0,0,0
2023-10-03,SKU_002,amazon,0,0,40,0,0,0
2023-10-04,SKU_002,amazon,0,0,31,0,0,0
2023-10-05,SKU_002,amazon,0,0,30,0,0,0
2023-10-06,SKU_002,amazon,0,0,31,0,0,0
2023-10-07,SKU_002,amazon,146,0,18,146,0,0
2023-10-08,SKU_002,amazon,135,11,0,0,0,0
2023-10-09,SKU_002,amazon,101,34,0,0,0,0
2023-10-10,SKU_002,amazon,72,29,0,0,0,0
2023-10-11,SKU_002,amazon,56,16,0,0,0,0
2023-10-12,SKU_002,amazon,25,31,0,0,0,0
2023-10-13,SKU_002,amazon,2,23,0,0,0,0
2023-10-14,SKU_002,amazon,0,2,19,0,0,0
2023-10-15,SKU_002,amazon,0,0,19,0,1,0
2023-10-16,SKU_002,amazon,0,0,27,0,0,0
2023-10-17,SKU_002,amazon,0,0,37,0,0,0
2023-10-18,SKU_002,amazon,0,0,31,0,1,0
2023-10-19,SKU_002,amazon,0,0,32,0,0,0
2023-10-20,SKU_002,amazon,0,0,16,0,0,0
2023-10-21,SKU_002,amazon,0,0,16,0,0,0
2023-10-22,SKU_002,amazon,0,0,40,0,0,0
2023-10-23,SKU_002,amazon,0,0,33,0,1,0
2023-10-24,SKU_002,amazon,0,0,24,0,0,0
2023-10-25,SKU_002,amazon,264,0,16,264,0,0
2023-10-26,SKU_002,amazon,242,22,0,0,0,0
2023-10-27,SKU_002,amazon,208,34,0,0,0,0
2023-10-28,SKU_002,amazon,185,23,0,0,0,0
2023-10-29,SKU_002,amazon,173,12,0,0,0,0
2023-10-30,SKU_002,amazon,148,25,0,0,0,0
2023-10-31,SKU_002,amazon,122,26,0,0,1,0
2023-11-01,SKU_002,amazon,98,24,0,0,1,0
2023-11-02,SKU_002,amazon,83,15,0,0,0,0
2023-11-03,SKU_002,amazon,307,15,0,239,0,0
2023-11-04,SKU_002,amazon,285,22,0,0,1,0
2023-11-05,SKU_002,amazon,254,31,0,0,0,0
2023-11-06,SKU_002,amazon,239,15,0,0,1,0
2023-11-07,SKU_002,amazon,194,45,0,0,0,0
2023-11-08,SKU_002,amazon,169,25,0,0,0,0
2023-11-09,SKU_002,amazon,153,16,0,0,1,0
2023-11-10,SKU_002,amazon,128,25,0,0,0,0
2023-11-11,SKU_002,amazon,88,40,0,0,0,0
2023-11-12,SKU_002,amazon,49,39,0,0,0,0
2023-11-13,SKU_002,amazon,20,29,0,0,0,0
2023-11-14,SKU_002,amazon,0,20,19,0,0,0
2023-11-15,SKU_002,amazon,0,0,28,0,0,0
2023-11-16,SKU_002,amazon,0,0,24,0,0,0
2023-11-17,SKU_002,amazon,0,0,17,0,0,0
2023-11-18,SKU_002,amazon,0,0,33,0,0,0
2023-11-19,SKU_002,amazon,0,0,26,0,0,0
2023-11-20,SKU_002,amazon,0,0,20,0,1,0
2023-11-21,SKU_002,amazon,0,0,23,0,0,0
2023-11-22,SKU_002,amazon,0,0,14,0,0,0
2023-11-23,SKU_002,amazon,0,0,12,0,0,1
2023-11-24,SKU_002,amazon,0,0,15,0,0,0
2023-11-25,SKU_002,amazon,0,0,48,0,0,0
2023-11-26,SKU_002,amazon,0,0,36,0,0,0
2023-11-27,SKU_002,amazon,0,0,32,0,0,0
2023-11-28,SKU_002,amazon,0,0,42,0,1,0
2023-11-29,SKU_002,amazon,165,0,20,165,0,0
2023-11-30,SKU_002,amazon,148,17,0,0,0,0
2023-12-01,SKU_002,amazon,122,26,0,0,0,0
2023-12-02,SKU_002,amazon,96,26,0,0,1,0
2023-12-03,SKU_002,amazon,77,19,0,0,0,0
2023-12-04,SKU_002,amazon,44,33,0,0,0,0
2023-12-05,SKU_002,amazon,18,26,0,0,1,0
2023-12-06,SKU_002,amazon,0,18,21,0,0,0
2023-12-07,SKU_002,amazon,0,0,30,0,0,0
2023-12-08,SKU_002,amazon,0,0,13,0,0,0
2023-12-09,SKU_002,amazon,0,0,22,0,0,0
2023-12-10,SKU_002,amazon,0,0,28,0,0,0
2023-12-11,SKU_002,amazon,0,0,28,0,0,0
2023-12-12,SKU_002,amazon,0,0,25,0,0,0
2023-12-13,SKU_002,amazon,0,0,14,0,0,0
2023-12-14,SKU_002,amazon,0,0,20,0,0,0
2023-12-15,SKU_002,amazon,141,0,38,141,0,0
2023-12-16,SKU_002,amazon,114,27,0,0,0,0
2023-12-17,SKU_002,amazon,84,30,0,0,0,0
2023-12-18,SKU_002,amazon,59,25,0,0,0,0
2023-12-19,SKU_002,amazon,46,13,0,0,0,0
2023-12-20,SKU_002,amazon,295,23,0,272,0,0
2023-12-21,SKU_002,amazon,279,16,0,0,1,0
2023-12-22,SKU_002,amazon,224,55,0,0,1,0
2023-12-23,SKU_002,amazon,197,27,0,0,0,0
2023-12-24,SKU_002,amazon,329,37,0,169,0,0
2023-12-25,SKU_002,amazon,304,25,0,0,0,1
2023-12-26,SKU_002,amazon,280,24,0,0,0,0
2023-12-27,SKU_002,amazon,265,15,0,0,0,0
2023-12-28,SKU_002,amazon,492,32,0,259,0,0
2023-12-29,SKU_002,amazon,462,30,0,0,0,0
2023-12-30,SKU_002,amazon,432,30,0,0,0,0
2023-12-31,SKU_002,amazon,411,21,0,0,0,0
2024-01-01,SKU_002,amazon,373,38,0,0,0,1
2024-01-02,SKU_002,amazon,338,35,0,0,0,0
2024-01-03,SKU_002,amazon,312,26,0,0,0,0
2024-01-04,SKU_002,amazon,293,19,0,0,0,0
2024-01-05,SKU_002,amazon,259,34,0,0,0,0
2024-01-06,SKU_002,amazon,214,45,0,0,0,0
2024-01-07,SKU_002,amazon,177,37,0,0,0,0
2024-01-08,SKU_002,amazon,160,17,0,0,0,0
2024-01-09,SKU_002,amazon,138,22,0,0,0,0
2024-01-10,SKU_002,amazon,222,33,0,117,0,0
2024-01-11,SKU_002,amazon,192,30,0,0,0,0
2024-01-12,SKU_002,amazon,157,35,0,0,0,0
2024-01-13,SKU_002,amazon,105,52,0,0,1,0
2024-01-14,SKU_002,amazon,88,17,0,0,0,0
2024-01-15,SKU_002,amazon,62,26,0,0,0,0
2024-01-16,SKU_002,amazon,39,23,0,0,0,0
2024-01-17,SKU_002,amazon,6,33,0,0,0,0
2024-01-18,SKU_002,amazon,0,6,23,0,0,0
2024-01-19,SKU_002,amazon,0,0,26,0,0,0
2024-01-20,SKU_002,amazon,0,0,44,0,0,0
2024-01-21,SKU_002,amazon,122,0,19,122,0,0
2024-01-22,SKU_002,amazon,229,29,0,136,0,0
2024-01-23,SKU_002,amazon,207,22,0,0,0,0
2024-01-24,SKU_002,amazon,191,16,0,0,0,0
2024-01-25,SKU_002,amazon,315,19,0,143,0,0
2024-01-26,SKU_002,amazon,292,23,0,0,0,0
2024-01-27,SKU_002,amazon,277,15,0,0,0,0
2024-01-28,SKU_002,amazon,222,55,0,0,0,0
2024-01-29,SKU_002,amazon,194,28,0,0,0,0
2024-01-30,SKU_002,amazon,169,25,0,0,0,0
2024-01-31,SKU_002,amazon,142,27,0,0,0,0
2024-02-01,SKU_002,amazon,114,28,0,0,0,0
2024-02-02,SKU_002,amazon,80,34,0,0,0,0
2024-02-03,SKU_002,amazon,48,32,0,0,0,0
2024-02-04,SKU_002,amazon,38,10,0,0,0,0
2024-02-05,SKU_002,amazon,18,20,0,0,1,0
2024-02-06,SKU_002,amazon,0,18,17,0,0,0
2024-02-07,SKU_002,amazon,0,0,32,0,1,0
2024-02-08,SKU_002,amazon,0,0,26,0,0,0
2024-02-09,SKU_002,amazon,0,0,28,0,0,0
2024-02-10,SKU_002,amazon,0,0,32,0,0,0
2024-02-11,SKU_002,amazon,0,0,18,0,0,0
2024-02-12,SKU_002,amazon,126,0,33,126,0,0
2024-02-13,SKU_002,amazon,101,25,0,0,0,0
2024-02-14,SKU_002,amazon,344,17,0,260,0,0
2024-02-15,SKU_002,amazon,321,23,0,0,0,0
2024-02-16,SKU_002,amazon,278,43,0,0,0,0
2024-02-17,SKU_002,amazon,238,40,0,0,0,0
2024-02-18,SKU_002,amazon,216,22,0,0,0,0
2024-02-19,SKU_002,amazon,198,18,0,0,0,0
2024-02-20,SKU_002,amazon,175,23,0,0,0,0
2024-02-21,SKU_002,amazon,155,20,0,0,0,0
2024-02-22,SKU_002,amazon,393,19,0,257,0,0
2024-02-23,SKU_002,amazon,355,38,0,0,0,0
2024-02-24,SKU_002,amazon,339,16,0,0,0,0
2024-02-25,SKU_002,amazon,299,40,0,0,0,0
2024-02-26,SKU_002,amazon,261,38,0,0,0,0
2024-02-27,SKU_002,amazon,242,19,0,0,0,0
2024-02-28,SKU_002,amazon,225,17,0,0,0,0
2024-02-29,SKU_002,amazon,198,27,0,0,0,0
2024-03-01,SKU_002,amazon,159,39,0,0,0,0
2024-03-02,SKU_002,amazon,142,17,0,0,0,0
2024-03-03,SKU_002,amazon,114,28,0,0,0,0
2024-03-04,SKU_002,amazon,78,36,0,0,0,0
2024-03-05,SKU_002,amazon,55,23,0,0,0,0
2024-03-06,SKU_002,amazon,17,38,0,0,1,0
2024-03-07,SKU_002,amazon,0,17,11,0,0,0
2024-03-08,SKU_002,amazon,0,0,12,0,0,0
2024-03-09,SKU_002,amazon,0,0,23,0,0,0
2024-03-10,SKU_002,amazon,0,0,28,0,1,0
2024-03-11,SKU_002,amazon,0,0,40,0,0,0
2024-03-12,SKU_002,amazon,0,0,27,0,0,0
2024-03-13,SKU_002,amazon,0,0,40,0,0,0
2024-03-14,SKU_002,amazon,0,0,17,0,0,0
2024-03-15,SKU_002,amazon,0,0,15,0,0,0
2024-03-16,SKU_002,amazon,132,0,25,132,0,0
2024-03-17,SKU_002,amazon,109,23,0,0,1,0
2024-03-18,SKU_002,amazon,74,35,0,0,1,0
2024-03-19,SKU_002,amazon,41,33,0,0,0,0
2024-03-20,SKU_002,amazon,13,28,0,0,1,0
2024-03-21,SKU_002,amazon,2,11,0,0,0,0
2024-03-22,SKU_002,amazon,213,2,20,213,0,0
2024-03-23,SKU_002,amazon,184,29,0,0,0,0
2024-03-24,SKU_002,amazon,165,19,0,0,0,0
2024-03-25,SKU_002,amazon,143,22,0,0,0,0
2024-03-26,SKU_002,amazon,119,24,0,0,0,0
2024-03-27,SKU_002,amazon,77,42,0,0,0,0
2024-03-28,SKU_002,amazon,60,17,0,0,1,0
2024-03-29,SKU_002,amazon,40,20,0,0,0,0
2024-03-30,SKU_002,amazon,2,38,0,0,0,0
2024-03-31,SKU_002,amazon,0,2,34,0,0,0
2024-04-01,SKU_002,amazon,0,0,40,0,0,0
2024-04-02,SKU_002,amazon,0,0,27,0,1,0
2024-04-03,SKU_002,amazon,0,0,27,0,1,0
2024-04-04,SKU_002,amazon,0,0,16,0,0,0
2024-04-05,SKU_002,amazon,0,0,26,0,0,0
2024-04-06,SKU_002,amazon,0,0,31,0,0,0
2024-04-07,SKU_002,amazon,0,0,37,0,0,0
2024-04-08,SKU_002,amazon,0,0,15,0,0,0
2024-04-09,SKU_002,amazon,0,0,18,0,0,0
2024-04-10,SKU_002,amazon,0,0,31,0,0,0
2024-04-11,SKU_002,amazon,0,0,17,0,0,0
2024-04-12,SKU_002,amazon,0,0,37,0,0,0
2024-04-13,SKU_002,amazon,0,0,42,0,0,0
2024-04-14,SKU_002,amazon,0,0,22,0,0,0
2024-04-15,SKU_002,amazon,0,0,22,0,0,0
2024-04-16,SKU_002,amazon,0,0,24,0,0,0
2024-04-17,SKU_002,amazon,0,0,32,0,0,0
2024-04-18,SKU_002,amazon,0,0,31,0,0,0
2024-04-19,SKU_002,amazon,0,0,18,0,1,0
2024-04-20,SKU_002,amazon,0,0,25,0,0,0
2024-04-21,SKU_002,amazon,0,0,44,0,0,0
2024-04-22,SKU_002,amazon,0,0,28,0,0,0
2024-04-23,SKU_002,amazon,0,0,20,0,0,0
2024-04-24,SKU_002,amazon,0,0,15,0,0,0
2024-04-25,SKU_002,amazon,0,0,38,0,1,0
2024-04-26,SKU_002,amazon,0,0,18,0,0,0
2024-04-27,SKU_002,amazon,0,0,30,0,0,0
2024-04-28,SKU_002,amazon,0,0,39,0,0,0
2024-04-29,SKU_002,amazon,0,0,36,0,0,0
2024-04-30,SKU_002,amazon,0,0,19,0,0,0
2024-05-01,SKU_002,amazon,0,0,27,0,0,0
2024-05-02,SKU_002,amazon,0,0,35,0,1,0
2024-05-03,SKU_002,amazon,0,0,20,0,0,0
2024-05-04,SKU_002,amazon,0,0,19,0,0,0
2024-05-05,SKU_002,amazon,0,0,38,0,0,0
2024-05-06,SKU_002,amazon,0,0,27,0,0,0
2024-05-07,SKU_002,amazon,0,0,33,0,0,0
2024-05-08,SKU_002,amazon,0,0,33,0,0,0
2024-05-09,SKU_002,amazon,0,0,37,0,0,0
2024-05-10,SKU_002,amazon,0,0,17,0,0,0
2024-05-11,SKU_002,amazon,0,0,25,0,1,0
2024-05-12,SKU_002,amazon,0,0,40,0,0,0
2024-05-13,SKU_002,amazon,0,0,19,0,0,0
2024-05-14,SKU_002,amazon,0,0,18,0,0,0
2024-05-15,SKU_002,amazon,0,0,29,0,1,0
2024-05-16,SKU_002,amazon,0,0,30,0,0,0
2024-05-17,SKU_002,amazon,0,0,21,0,0,0
2024-05-18,SKU_002,amazon,0,0,42,0,0,0
2024-05-19,SKU_002,amazon,0,0,24,0,0,0
2024-05-20,SKU_002,amazon,0,0,12,0,0,0
2024-05-21,SKU_002,amazon,0,0,44,0,1,0
2024-05-22,SKU_002,amazon,0,0,36,0,0,0
2024-05-23,SKU_002,amazon,0,0,35,0,0,0
2024-05-24,SKU_002,amazon,0,0,13,0,0,0
2024-05-25,SKU_002,amazon,0,0,26,0,0,0
2024-05-26,SKU_002,amazon,0,0,31,0,0,0
2024-05-27,SKU_002,amazon,0,0,43,0,1,0
2024-05-28,SKU_002,amazon,0,0,26,0,0,0
2024-05-29,SKU_002,amazon,0,0,14,0,1,0
2024-05-30,SKU_002,amazon,0,0,20,0,0,0
2024-05-31,SKU_002,amazon,0,0,24,0,0,0
2024-06-01,SKU_002,amazon,0,0,28,0,0,0
2024-06-02,SKU_002,amazon,0,0,34,0,0,0
2024-06-03,SKU_002,amazon,0,0,24,0,0,0
2024-06-04,SKU_002,amazon,0,0,39,0,0,0
2024-06-05,SKU_002,amazon,0,0,14,0,0,0
2024-06-06,SKU_002,amazon,0,0,26,0,0,0
2024-06-07,SKU_002,amazon,0,0,20,0,0,0
2024-06-08,SKU_002,amazon,0,0,44,0,0,0
2024-06-09,SKU_002,amazon,0,0,21,0,0,0
2024-06-10,SKU_002,amazon,0,0,26,0,0,0
2024-06-11,SKU_002,amazon,0,0,26,0,0,0
2024-06-12,SKU_002,amazon,0,0,40,0,0,0
2024-06-13,SKU_002,amazon,0,0,25,0,0,0
2024-06-14,SKU_002,amazon,0,0,41,0,0,0
2024-06-15,SKU_002,amazon,0,0,41,0,0,0
2024-06-16,SKU_002,amazon,0,0,19,0,0,0
2024-06-17,SKU_002,amazon,0,0,12,0,0,0
2024-06-18,SKU_002,amazon,0,0,35,0,0,0
2024-06-19,SKU_002,amazon,0,0,31,0,0,0
2024-06-20,SKU_002,amazon,0,0,13,0,0,0
2024-06-21,SKU_002,amazon,0,0,11,0,0,0
2024-06-22,SKU_002,amazon,0,0,26,0,0,0
2024-06-23,SKU_002,amazon,0,0,30,0,0,0
2024-06-24,SKU_002,amazon,0,0,16,0,0,0
2024-06-25,SKU_002,amazon,0,0,8,0,1,0
2024-06-26,SKU_002,amazon,0,0,21,0,0,0
2024-06-27,SKU_002,amazon,0,0,39,0,0,0
2024-06-28,SKU_002,amazon,0,0,29,0,0,0
2024-06-29,SKU_002,amazon,0,0,21,0,0,0
2024-06-30,SKU_002,amazon,0,0,37,0,0,0
2024-07-01,SKU_002,amazon,0,0,30,0,0,0
2024-07-02,SKU_002,amazon,0,0,45,0,0,0
2024-07-03,SKU_002,amazon,0,0,18,0,0,0
2024-07-04,SKU_002,amazon,0,0,39,0,0,1
2024-07-05,SKU_002,amazon,0,0,43,0,0,0
2024-07-06,SKU_002,amazon,0,0,20,0,0,0
2024-07-07,SKU_002,amazon,0,0,39,0,1,0
2024-07-08,SKU_002,amazon,0,0,21,0,1,0
2024-07-09,SKU_002,amazon,0,0,6,0,0,0
2024-07-10,SKU_002,amazon,0,0,38,0,0,0
2024-07-11,SKU_002,amazon,0,0,36,0,0,0
2024-07-12,SKU_002,amazon,0,0,34,0,0,0
2024-07-13,SKU_002,amazon,0,0,15,0,0,0
2024-07-14,SKU_002,amazon,186,0,21,186,0,0
2024-07-15,SKU_002,amazon,152,34,0,0,1,0
2024-07-16,SKU_002,amazon,136,16,0,0,0,0
2024-07-17,SKU_002,amazon,110,26,0,0,0,0
2024-07-18,SKU_002,amazon,93,17,0,0,0,0
2024-07-19,SKU_002,amazon,65,28,0,0,0,0
2024-07-20,SKU_002,amazon,37,28,0,0,0,0
2024-07-21,SKU_002,amazon,15,22,0,0,0,0
2024-07-22,SKU_002,amazon,0,15,3,0,0,0
2024-07-23,SKU_002,amazon,0,0,35,0,0,0
2024-07-24,SKU_002,amazon,0,0,24,0,0,0
2024-07-25,SKU_002,amazon,0,0,44,0,0,0
2024-07-26,SKU_002,amazon,196,0,26,196,0,0
2024-07-27,SKU_002,amazon,171,25,0,0,0,0
2024-07-28,SKU_002,amazon,145,26,0,0,0,0
2024-07-29,SKU_002,amazon,126,19,0,0,0,0
2024-07-30,SKU_002,amazon,110,16,0,0,0,0
2024-07-31,SKU_002,amazon,81,29,0,0,0,0
2024-08-01,SKU_002,amazon,56,25,0,0,0,0
2024-08-02,SKU_002,amazon,36,20,0,0,1,0
2024-08-03,SKU_002,amazon,14,22,0,0,0,0
2024-08-04,SKU_002,amazon,0,14,17,0,1,0
2024-08-05,SKU_002,amazon,0,0,25,0,0,0
2024-08-06,SKU_002,amazon,0,0,27,0,0,0
2024-08-07,SKU_002,amazon,0,0,28,0,0,0
2024-08-08,SKU_002,amazon,0,0,16,0,0,0
2024-08-09,SKU_002,amazon,0,0,32,0,0,0
2024-08-10,SKU_002,amazon,0,0,31,0,0,0
2024-08-11,SKU_002,amazon,0,0,35,0,0,0
2024-08-12,SKU_002,amazon,0,0,40,0,0,0
2024-08-13,SKU_002,amazon,0,0,15,0,0,0
2024-08-14,SKU_002,amazon,0,0,20,0,0,0
2024-08-15,SKU_002,amazon,0,0,17,0,0,0
2024-08-16,SKU_002,amazon,0,0,31,0,0,0
2024-08-17,SKU_002,amazon,0,0,19,0,0,0
2024-08-18,SKU_002,amazon,0,0,30,0,0,0
2024-08-19,SKU_002,amazon,0,0,32,0,1,0
2024-08-20,SKU_002,amazon,0,0,29,0,0,0
2024-08-21,SKU_002,amazon,0,0,31,0,0,0
2024-08-22,SKU_002,amazon,0,0,34,0,0,0
2024-08-23,SKU_002,amazon,0,0,27,0,0,0
2024-08-24,SKU_002,amazon,0,0,30,0,0,0
2024-08-25,SKU_002,amazon,0,0,22,0,0,0
2024-08-26,SKU_002,amazon,0,0,33,0,0,0
2024-08-27,SKU_002,amazon,0,0,32,0,0,0
2024-08-28,SKU_002,amazon,0,0,32,0,0,0
2024-08-29,SKU_002,amazon,0,0,31,0,0,0
2024-08-30,SKU_002,amazon,0,0,30,0,0,0
2024-08-31,SKU_002,amazon,0,0,30,0,0,0
2024-09-01,SKU_002,amazon,0,0,23,0,0,0
2024-09-02,SKU_002,amazon,0,0,33,0,0,0
2024-09-03,SKU_002,amazon,0,0,20,0,0,0
2024-09-04,SKU_002,amazon,0,0,26,0,1,0
2024-09-05,SKU_002,amazon,0,0,44,0,0,0
2024-09-06,SKU_002,amazon,0,0,42,0,0,0
2024-09-07,SKU_002,amazon,0,0,35,0,0,0
2024-09-08,SKU_002,amazon,0,0,40,0,0,0
2024-09-09,SKU_002,amazon,0,0,32,0,0,0
2024-09-10,SKU_002,amazon,280,0,19,280,0,0
2024-09-11,SKU_002,amazon,242,38,0,0,0,0
2024-09-12,SKU_002,amazon,212,30,0,0,0,0
2024-09-13,SKU_002,amazon,182,30,0,0,0,0
2024-09-14,SKU_002,amazon,167,15,0,0,0,0
2024-09-15,SKU_002,amazon,140,27,0,0,0,0
2024-09-16,SKU_002,amazon,99,41,0,0,0,0
2024-09-17,SKU_002,amazon,86,13,0,0,0,0
2024-09-18,SKU_002,amazon,55,31,0,0,0,0
2024-09-19,SKU_002,amazon,16,39,0,0,0,0
2024-09-20,SKU_002,amazon,0,16,7,0,1,0
2024-09-21,SKU_002,amazon,0,0,22,0,0,0
2024-09-22,SKU_002,amazon,0,0,26,0,0,0
2024-09-23,SKU_002,amazon,0,0,28,0,0,0
2024-09-24,SKU_002,amazon,0,0,31,0,0,0
2024-09-25,SKU_002,amazon,0,0,30,0,0,0
2024-09-26,SKU_002,amazon,0,0,11,0,0,0
2024-09-27,SKU_002,amazon,0,0,22,0,0,0
2024-09-28,SKU_002,amazon,0,0,34,0,1,0
2024-09-29,SKU_002,amazon,0,0,28,0,0,0
2024-09-30,SKU_002,amazon,0,0,17,0,0,0
2024-10-01,SKU_002,amazon,0,0,25,0,0,0
2024-10-02,SKU_002,amazon,0,0,32,0,0,0
2024-10-03,SKU_002,amazon,0,0,22,0,0,0
2024-10-04,SKU_002,amazon,0,0,36,0,0,0
2024-10-05,SKU_002,amazon,0,0,34,0,0,0
2024-10-06,SKU_002,amazon,0,0,38,0,0,0
2024-10-07,SKU_002,amazon,0,0,29,0,1,0
2024-10-08,SKU_002,amazon,0,0,40,0,0,0
2024-10-09,SKU_002,amazon,0,0,17,0,0,0
2024-10-10,SKU_002,amazon,0,0,25,0,0,0
2024-10-11,SKU_002,amazon,197,0,29,197,0,0
2024-10-12,SKU_002,amazon,172,25,0,0,1,0
2024-10-13,SKU_002,amazon,138,34,0,0,0,0
2024-10-14,SKU_002,amazon,122,16,0,0,0,0
2024-10-15,SKU_002,amazon,101,21,0,0,0,0
2024-10-16,SKU_002,amazon,77,24,0,0,0,0
2024-10-17,SKU_002,amazon,50,27,0,0,0,0
2024-10-18,SKU_002,amazon,23,27,0,0,0,0
2024-10-19,SKU_002,amazon,0,23,10,0,0,0
2024-10-20,SKU_002,amazon,0,0,41,0,0,0
2024-10-21,SKU_002,amazon,0,0,28,0,0,0
2024-10-22,SKU_002,amazon,0,0,18,0,0,0
2024-10-23,SKU_002,amazon,0,0,28,0,0,0
2024-10-24,SKU_002,amazon,0,0,19,0,1,0
2024-10-25,SKU_002,amazon,0,0,24,0,0,0
2024-10-26,SKU_002,amazon,130,0,31,130,0,0
2024-10-27,SKU_002,amazon,90,40,0,0,0,0
2024-10-28,SKU_002,amazon,58,32,0,0,0,0
2024-10-29,SKU_002,amazon,42,16,0,0,0,0
2024-10-30,SKU_002,amazon,21,21,0,0,0,0
2024-10-31,SKU_002,amazon,0,21,2,0,0,0
2024-11-01,SKU_002,amazon,117,0,39,117,0,0
2024-11-02,SKU_002,amazon,87,30,0,0,1,0
2024-11-03,SKU_002,amazon,61,26,0,0,0,0
2024-11-04,SKU_002,amazon,19,42,0,0,1,0
2024-11-05,SKU_002,amazon,0,19,16,0,0,0
2024-11-06,SKU_002,amazon,0,0,26,0,0,0
2024-11-07,SKU_002,amazon,0,0,35,0,0,0
2024-11-08,SKU_002,amazon,0,0,15,0,0,0
2024-11-09,SKU_002,amazon,0,0,28,0,0,0
2024-11-10,SKU_002,amazon,0,0,16,0,0,0
2024-11-11,SKU_002,amazon,0,0,19,0,1,0
2024-11-12,SKU_002,amazon,0,0,31,0,0,0
2024-11-13,SKU_002,amazon,0,0,40,0,0,0
2024-11-14,SKU_002,amazon,0,0,28,0,0,0
2024-11-15,SKU_002,amazon,0,0,20,0,0,0
2024-11-16,SKU_002,amazon,0,0,16,0,0,0
2024-11-17,SKU_002,amazon,0,0,43,0,1,0
2024-11-18,SKU_002,amazon,0,0,11,0,0,0
2024-11-19,SKU_002,amazon,0,0,26,0,0,0
2024-11-20,SKU_002,amazon,287,0,20,287,0,0
2024-11-21,SKU_002,amazon,262,25,0,0,0,0
2024-11-22,SKU_002,amazon,234,28,0,0,0,0
2024-11-23,SKU_002,amazon,216,18,0,0,0,0
2024-11-24,SKU_002,amazon,183,33,0,0,0,0
2024-11-25,SKU_002,amazon,160,23,0,0,0,0
2024-11-26,SKU_002,amazon,135,25,0,0,0,0
2024-11-27,SKU_002,amazon,108,27,0,0,0,0
2024-11-28,SKU_002,amazon,80,28,0,0,0,1
2024-11-29,SKU_002,amazon,70,10,0,0,0,0
2024-11-30,SKU_002,amazon,53,17,0,0,0,0
2024-12-01,SKU_002,amazon,26,27,0,0,0,0
2024-12-02,SKU_002,amazon,15,11,0,0,0,0
2024-12-03,SKU_002,amazon,6,9,0,0,0,0
2024-12-04,SKU_002,amazon,0,6,39,0,0,0
2024-12-05,SKU_002,amazon,0,0,41,0,0,0
2024-12-06,SKU_002,amazon,0,0,26,0,1,0
2024-12-07,SKU_002,amazon,0,0,27,0,0,0
2024-12-08,SKU_002,amazon,0,0,22,0,0,0
2024-12-09,SKU_002,amazon,0,0,36,0,0,0
2024-12-10,SKU_002,amazon,0,0,33,0,0,0
2024-12-11,SKU_002,amazon,0,0,18,0,0,0
2024-12-12,SKU_002,amazon,297,0,41,297,1,0
2024-12-13,SKU_002,amazon,275,22,0,0,0,0
2024-12-14,SKU_002,amazon,243,32,0,0,0,0
2024-12-15,SKU_002,amazon,218,25,0,0,0,0
2024-12-16,SKU_002,amazon,199,19,0,0,0,0
2024-12-17,SKU_002,amazon,324,28,0,153,0,0
2024-12-18,SKU_002,amazon,309,15,0,0,1,0
2024-12-19,SKU_002,amazon,291,18,0,0,0,0
2024-12-20,SKU_002,amazon,269,22,0,0,0,0
2024-12-21,SKU_002,amazon,249,20,0,0,0,0
2024-12-22,SKU_002,amazon,228,21,0,0,0,0
2024-12-23,SKU_002,amazon,215,13,0,0,0,0
2024-12-24,SKU_002,amazon,182,33,0,0,0,0
2024-12-25,SKU_002,amazon,163,19,0,0,0,1
2024-12-26,SKU_002,amazon,143,20,0,0,1,0
2024-12-27,SKU_002,amazon,108,35,0,0,1,0
2024-12-28,SKU_002,amazon,82,26,0,0,0,0
2024-12-29,SKU_002,amazon,45,37,0,0,0,0
2024-12-30,SKU_002,amazon,22,23,0,0,0,0
2024-12-31,SKU_002,amazon,0,22,31,0,0,0
2023-01-01,SKU_003,store,472,28,0,0,0,1
2023-01-02,SKU_003,store,440,32,0,0,1,0
2023-01-03,SKU_003,store,679,38,0,277,1,0
2023-01-04,SKU_003,store,654,25,0,0,1,0
2023-01-05,SKU_003,store,630,24,0,0,0,0
2023-01-06,SKU_003,store,604,26,0,0,0,0
2023-01-07,SKU_003,store,777,22,0,195,0,0
2023-01-08,SKU_003,store,757,20,0,0,1,0
2023-01-09,SKU_003,store,734,23,0,0,0,0
2023-01-10,SKU_003,store,715,19,0,0,0,0
2023-01-11,SKU_003,store,699,16,0,0,0,0
2023-01-12,SKU_003,store,670,29,0,0,1,0
2023-01-13,SKU_003,store,637,33,0,0,0,0
2023-01-14,SKU_003,store,622,15,0,0,0,0
2023-01-15,SKU_003,store,585,37,0,0,0,0
2023-01-16,SKU_003,store,563,22,0,0,0,0
2023-01-17,SKU_003,store,543,20,0,0,0,0
2023-01-18,SKU_003,store,530,13,0,0,0,0
2023-01-19,SKU_003,store,508,22,0,0,0,0
2023-01-20,SKU_003,store,476,32,0,0,0,0
2023-01-21,SKU_003,store,456,20,0,0,0,0
2023-01-22,SKU_003,store,411,45,0,0,0,0
2023-01-23,SKU_003,store,495,17,0,101,0,0
2023-01-24,SKU_003,store,483,12,0,0,0,0
2023-01-25,SKU_003,store,469,14,0,0,1,0
2023-01-26,SKU_003,store,707,27,0,265,1,0
2023-01-27,SKU_003,store,676,31,0,0,0,0
2023-01-28,SKU_003,store,630,46,0,0,0,0
2023-01-29,SKU_003,store,612,18,0,0,0,0
2023-01-30,SKU_003,store,570,42,0,0,0,0
2023-01-31,SKU_003,store,551,19,0,0,0,0
2023-02-01,SKU_003,store,532,19,0,0,1,0
2023-02-02,SKU_003,store,516,16,0,0,0,0
2023-02-03,SKU_003,store,492,24,0,0,0,0
2023-02-04,SKU_003,store,479,13,0,0,1,0
2023-02-05,SKU_003,store,449,30,0,0,0,0
2023-02-06,SKU_003,store,429,20,0,0,0,0
2023-02-07,SKU_003,store,404,25,0,0,0,0
2023-02-08,SKU_003,store,383,21,0,0,0,0
2023-02-09,SKU_003,store,369,14,0,0,0,0
2023-02-10,SKU_003,store,353,16,0,0,0,0
2023-02-11,SKU_003,store,325,28,0,0,1,0
2023-02-12,SKU_003,store,301,24,0,0,0,0
2023-02-13,SKU_003,store,268,33,0,0,0,0
2023-02-14,SKU_003,store,234,34,0,0,0,0
2023-02-15,SKU_003,store,205,29,0,0,0,0
2023-02-16,SKU_003,store,331,25,0,151,0,0
2023-02-17,SKU_003,store,303,28,0,0,0,0
2023-02-18,SKU_003,store,280,23,0,0,1,0
2023-02-19,SKU_003,store,250,30,0,0,0,0
2023-02-20,SKU_003,store,223,27,0,0,0,0
2023-02-21,SKU_003,store,193,30,0,0,0,0
2023-02-22,SKU_003,store,162,31,0,0,0,0
2023-02-23,SKU_003,store,142,20,0,0,0,0
2023-02-24,SKU_003,store,108,34,0,0,0,0
2023-02-25,SKU_003,store,71,37,0,0,0,0
2023-02-26,SKU_003,store,46,25,0,0,0,0
2023-02-27,SKU_003,store,11,35,0,0,0,0
2023-02-28,SKU_003,store,0,11,27,0,0,0
2023-03-01,SKU_003,store,0,0,37,0,0,0
2023-03-02,SKU_003,store,0,0,20,0,0,0
2023-03-03,SKU_003,store,0,0,17,0,0,0
2023-03-04,SKU_003,store,0,0,23,0,0,0
2023-03-05,SKU_003,store,0,0,25,0,0,0
2023-03-06,SKU_003,store,0,0,26,0,0,0
2023-03-07,SKU_003,store,0,0,39,0,0,0
2023-03-08,SKU_003,store,0,0,25,0,0,0
2023-03-09,SKU_003,store,0,0,31,0,0,0
2023-03-10,SKU_003,store,0,0,15,0,0,0
2023-03-11,SKU_003,store,0,0,43,0,1,0
2023-03-12,SKU_003,store,0,0,27,0,0,0
2023-03-13,SKU_003,store,0,0,27,0,0,0
2023-03-14,SKU_003,store,0,0,22,0,0,0
2023-03-15,SKU_003,store,0,0,19,0,0,0
2023-03-16,SKU_003,store,0,0,22,0,0,0
2023-03-17,SKU_003,store,0,0,27,0,0,0
2023-03-18,SKU_003,store,0,0,21,0,0,0
2023-03-19,SKU_003,store,0,0,21,0,0,0
2023-03-20,SKU_003,store,102,0,29,102,0,0
2023-03-21,SKU_003,store,78,24,0,0,0,0
2023-03-22,SKU_003,store,37,41,0,0,0,0
2023-03-23,SKU_003,store,17,20,0,0,0,0
2023-03-24,SKU_003,store,0,17,25,0,0,0
2023-03-25,SKU_003,store,0,0,22,0,0,0
2023-03-26,SKU_003,store,0,0,21,0,0,0
2023-03-27,SKU_003,store,0,0,21,0,0,0
2023-03-28,SKU_003,store,154,0,18,154,0,0
2023-03-29,SKU_003,store,119,35,0,0,0,0
2023-03-30,SKU_003,store,85,34,0,0,0,0
2023-03-31,SKU_003,store,68,17,0,0,0,0
2023-04-01,SKU_003,store,42,26,0,0,0,0
2023-04-02,SKU_003,store,4,38,0,0,0,0
2023-04-03,SKU_003,store,0,4,16,0,0,0
2023-04-04,SKU_003,store,0,0,37,0,0,0
2023-04-05,SKU_003,store,0,0,26,0,0,0
2023-04-06,SKU_003,store,0,0,29,0,0,0
2023-04-07,SKU_003,store,0,0,16,0,0,0
2023-04-08,SKU_003,store,0,0,36,0,0,0
2023-04-09,SKU_003,store,0,0,22,0,0,0
2023-04-10,SKU_003,store,0,0,20,0,0,0
2023-04-11,SKU_003,store,0,0,37,0,1,0
2023-04-12,SKU_003,store,0,0,26,0,0,0
2023-04-13,SKU_003,store,0,0,27,0,0,0
2023-04-14,SKU_003,store,0,0,39,0,0,0
2023-04-15,SKU_003,store,0,0,15,0,0,0
2023-04-16,SKU_003,store,0,0,26,0,0,0
2023-04-17,SKU_003,store,113,0,44,113,0,0
2023-04-18,SKU_003,store,85,28,0,0,0,0
2023-04-19,SKU_003,store,69,16,0,0,0,0
2023-04-20,SKU_003,store,42,27,0,0,0,0
2023-04-21,SKU_003,store,12,30,0,0,0,0
2023-04-22,SKU_003,store,0,12,27,0,0,0
2023-04-23,SKU_003,store,0,0,16,0,0,0
2023-04-24,SKU_003,store,0,0,18,0,0,0
2023-04-25,SKU_003,store,0,0,24,0,0,0
2023-04-26,SKU_003,store,0,0,44,0,0,0
2023-04-27,SKU_003,store,248,0,9,248,0,0
2023-04-28,SKU_003,store,222,26,0,0,1,0
2023-04-29,SKU_003,store,199,23,0,0,0,0
2023-04-30,SKU_003,store,167,32,0,0,0,0
2023-05-01,SKU_003,store,135,32,0,0,0,0
2023-05-02,SKU_003,store,121,14,0,0,1,0
2023-05-03,SKU_003,store,100,21,0,0,0,0
2023-05-04,SKU_003,store,69,31,0,0,0,0
2023-05-05,SKU_003,store,26,43,0,0,0,0
2023-05-06,SKU_003,store,2,24,0,0,0,0
2023-05-07,SKU_003,store,0,2,17,0,1,0
2023-05-08,SKU_003,store,0,0,36,0,0,0
2023-05-09,SKU_003,store,0,0,43,0,0,0
2023-05-10,SKU_003,store,0,0,19,0,0,0
2023-05-11,SKU_003,store,0,0,46,0,0,0
2023-05-12,SKU_003,store,0,0,14,0,0,0
2023-05-13,SKU_003,store,0,0,21,0,0,0
2023-05-14,SKU_003,store,0,0,25,0,1,0
2023-05-15,SKU_003,store,0,0,36,0,0,0
2023-05-16,SKU_003,store,0,0,14,0,0,0
2023-05-17,SKU_003,store,0,0,29,0,0,0
2023-05-18,SKU_003,store,0,0,17,0,0,0
2023-05-19,SKU_003,store,0,0,26,0,0,0
2023-05-20,SKU_003,store,0,0,27,0,0,0
2023-05-21,SKU_003,store,0,0,24,0,0,0
2023-05-22,SKU_003,store,0,0,27,0,0,0
2023-05-23,SKU_003,store,184,0,29,184,0,0
2023-05-24,SKU_003,store,154,30,0,0,0,0
2023-05-25,SKU_003,store,135,19,0,0,0,0
2023-05-26,SKU_003,store,110,25,0,0,0,0
2023-05-27,SKU_003,store,85,25,0,0,0,0
2023-05-28,SKU_003,store,69,16,0,0,0,0
2023-05-29,SKU_003,store,53,16,0,0,0,0
2023-05-30,SKU_003,store,24,29,0,0,0,0
2023-05-31,SKU_003,store,0,24,13,0,0,0
2023-06-01,SKU_003,store,0,0,19,0,0,0
2023-06-02,SKU_003,store,0,0,38,0,1,0
2023-06-03,SKU_003,store,0,0,25,0,1,0
2023-06-04,SKU_003,store,0,0,34,0,0,0
2023-06-05,SKU_003,store,0,0,40,0,0,0
2023-06-06,SKU_003,store,0,0,27,0,0,0
2023-06-07,SKU_003,store,0,0,27,0,0,0
2023-06-08,SKU_003,store,0,0,35,0,0,0
2023-06-09,SKU_003,store,0,0,20,0,0,0
2023-06-10,SKU_003,store,0,0,27,0,1,0
2023-06-11,SKU_003,store,0,0,25,0,0,0
2023-06-12,SKU_003,store,0,0,24,0,0,0
2023-06-13,SKU_003,store,0,0,47,0,0,0
2023-06-14,SKU_003,store,0,0,16,0,0,0
2023-06-15,SKU_003,store,0,0,40,0,1,0
2023-06-16,SKU_003,store,0,0,33,0,0,0
2023-06-17,SKU_003,store,0,0,42,0,0,0
2023-06-18,SKU_003,store,0,0,16,0,0,0
2023-06-19,SKU_003,store,0,0,35,0,0,0
2023-06-20,SKU_003,store,0,0,19,0,0,0
2023-06-21,SKU_003,store,0,0,36,0,0,0
2023-06-22,SKU_003,store,0,0,28,0,0,0
2023-06-23,SKU_003,store,0,0,39,0,0,0
2023-06-24,SKU_003,store,0,0,23,0,0,0
2023-06-25,SKU_003,store,0,0,30,0,0,0
2023-06-26,SKU_003,store,0,0,23,0,0,0
2023-06-27,SKU_003,store,266,0,28,266,1,0
2023-06-28,SKU_003,store,250,16,0,0,0,0
2023-06-29,SKU_003,store,230,20,0,0,0,0
2023-06-30,SKU_003,store,207,23,0,0,0,0
2023-07-01,SKU_003,store,177,30,0,0,0,0
2023-07-02,SKU_003,store,141,36,0,0,0,0
2023-07-03,SKU_003,store,119,22,0,0,0,0
2023-07-04,SKU_003,store,93,26,0,0,0,1
2023-07-05,SKU_003,store,75,18,0,0,0,0
2023-07-06,SKU_003,store,59,16,0,0,0,0
2023-07-07,SKU_003,store,26,33,0,0,0,0
2023-07-08,SKU_003,store,6,20,0,0,0,0
2023-07-09,SKU_003,store,0,6,29,0,0,0
2023-07-10,SKU_003,store,0,0,46,0,0,0
2023-07-11,SKU_003,store,0,0,51,0,0,0
2023-07-12,SKU_003,store,0,0,28,0,0,0
2023-07-13,SKU_003,store,0,0,17,0,0,0
2023-07-14,SKU_003,store,0,0,21,0,0,0
2023-07-15,SKU_003,store,0,0,14,0,0,0
2023-07-16,SKU_003,store,0,0,15,0,0,0
2023-07-17,SKU_003,store,0,0,10,0,0,0
2023-07-18,SKU_003,store,0,0,35,0,0,0
2023-07-19,SKU_003,store,0,0,14,0,0,0
2023-07-20,SKU_003,store,0,0,16,0,0,0
2023-07-21,SKU_003,store,0,0,20,0,0,0
2023-07-22,SKU_003,store,0,0,28,0,0,0
2023-07-23,SKU_003,store,0,0,33,0,0,0
2023-07-24,SKU_003,store,117,0,29,117,0,0
2023-07-25,SKU_003,store,82,35,0,0,0,0
2023-07-26,SKU_003,store,42,40,0,0,0,0
2023-07-27,SKU_003,store,25,17,0,0,0,0
2023-07-28,SKU_003,store,9,16,0,0,0,0
2023-07-29,SKU_003,store,0,9,15,0,0,0
2023-07-30,SKU_003,store,0,0,24,0,0,0
2023-07-31,SKU_003,store,0,0,27,0,0,0
2023-08-01,SKU_003,store,0,0,32,0,0,0
2023-08-02,SKU_003,store,192,0,19,192,0,0
2023-08-03,SKU_003,store,170,22,0,0,0,0
2023-08-04,SKU_003,store,144,26,0,0,0,0
2023-08-05,SKU_003,store,312,37,0,205,0,0
2023-08-06,SKU_003,store,277,35,0,0,0,0
2023-08-07,SKU_003,store,245,32,0,0,0,0
2023-08-08,SKU_003,store,204,41,0,0,0,0
2023-08-09,SKU_003,store,169,35,0,0,0,0
2023-08-10,SKU_003,store,310,25,0,166,0,0
2023-08-11,SKU_003,store,291,19,0,0,0,0
2023-08-12,SKU_003,store,253,38,0,0,0,0
2023-08-13,SKU_003,store,240,13,0,0,0,0
2023-08-14,SKU_003,store,209,31,0,0,1,0
2023-08-15,SKU_003,store,187,22,0,0,0,0
2023-08-16,SKU_003,store,169,18,0,0,0,0
2023-08-17,SKU_003,store,137,32,0,0,0,0
2023-08-18,SKU_003,store,119,18,0,0,0,0
2023-08-19,SKU_003,store,99,20,0,0,0,0
2023-08-20,SKU_003,store,66,33,0,0,0,0
2023-08-21,SKU_003,store,40,26,0,0,0,0
2023-08-22,SKU_003,store,4,36,0,0,0,0
2023-08-23,SKU_003,store,0,4,18,0,0,0
2023-08-24,SKU_003,store,0,0,15,0,0,0
2023-08-25,SKU_003,store,0,0,31,0,0,0
2023-08-26,SKU_003,store,0,0,29,0,0,0
2023-08-27,SKU_003,store,0,0,38,0,0,0
2023-08-28,SKU_003,store,0,0,24,0,0,0
2023-08-29,SKU_003,store,0,0,33,0,0,0
2023-08-30,SKU_003,store,0,0,18,0,0,0
2023-08-31,SKU_003,store,0,0,35,0,0,0
2023-09-01,SKU_003,store,0,0,25,0,0,0
2023-09-02,SKU_003,store,0,0,20,0,0,0
2023-09-03,SKU_003,store,0,0,19,0,0,0
2023-09-04,SKU_003,store,0,0,19,0,0,0
2023-09-05,SKU_003,store,0,0,27,0,0,0
2023-09-06,SKU_003,store,0,0,37,0,0,0
2023-09-07,SKU_003,store,0,0,20,0,0,0
2023-09-08,SKU_003,store,0,0,14,0,0,0
2023-09-09,SKU_003,store,0,0,30,0,0,0
2023-09-10,SKU_003,store,0,0,35,0,0,0
2023-09-11,SKU_003,store,0,0,23,0,0,0
2023-09-12,SKU_003,store,0,0,24,0,0,0
2023-09-13,SKU_003,store,0,0,35,0,0,0
2023-09-14,SKU_003,store,0,0,35,0,0,0
2023-09-15,SKU_003,store,0,0,33,0,0,0
2023-09-16,SKU_003,store,0,0,30,0,0,0
2023-09-17,SKU_003,store,0,0,20,0,0,0
2023-09-18,SKU_003,store,0,0,33,0,0,0
2023-09-19,SKU_003,store,0,0,23,0,0,0
2023-09-20,SKU_003,store,0,0,32,0,0,0
2023-09-21,SKU_003,store,0,0,27,0,0,0
2023-09-22,SKU_003,store,0,0,41,0,1,0
2023-09-23,SKU_003,store,0,0,37,0,0,0
2023-09-24,SKU_003,store,0,0,25,0,0,0
2023-09-25,SKU_003,store,0,0,29,0,0,0
2023-09-26,SKU_003,store,0,0,27,0,0,0
2023-09-27,SKU_003,store,0,0,13,0,0,0
2023-09-28,SKU_003,store,0,0,20,0,0,0
2023-09-29,SKU_003,store,0,0,34,0,0,0
2023-09-30,SKU_003,store,0,0,24,0,0,0
2023-10-01,SKU_003,store,0,0,37,0,0,0
2023-10-02,SKU_003,store,0,0,27,0,0,0
2023-10-03,SKU_003,store,0,0,35,0,0,0
2023-10-04,SKU_003,store,0,0,23,0,0,0
2023-10-05,SKU_003,store,0,0,20,0,0,0
2023-10-06,SKU_003,store,0,0,26,0,0,0
2023-10-07,SKU_003,store,0,0,45,0,0,0
2023-10-08,SKU_003,store,0,0,44,0,0,0
2023-10-09,SKU_003,store,0,0,29,0,0,0
2023-10-10,SKU_003,store,0,0,25,0,0,0
2023-10-11,SKU_003,store,0,0,16,0,0,0
2023-10-12,SKU_003,store,0,0,10,0,0,0
2023-10-13,SKU_003,store,0,0,32,0,0,0
2023-10-14,SKU_003,store,0,0,16,0,0,0
2023-10-15,SKU_003,store,0,0,20,0,0,0
2023-10-16,SKU_003,store,0,0,19,0,0,0
2023-10-17,SKU_003,store,0,0,36,0,0,0
2023-10-18,SKU_003,store,0,0,34,0,1,0
2023-10-19,SKU_003,store,0,0,31,0,0,0
2023-10-20,SKU_003,store,0,0,44,0,0,0
2023-10-21,SKU_003,store,0,0,42,0,0,0
2023-10-22,SKU_003,store,0,0,28,0,0,0
2023-10-23,SKU_003,store,232,0,42,232,0,0
2023-10-24,SKU_003,store,213,19,0,0,0,0
2023-10-25,SKU_003,store,184,29,0,0,0,0
2023-10-26,SKU_003,store,171,13,0,0,0,0
2023-10-27,SKU_003,store,134,37,0,0,0,0
2023-10-28,SKU_003,store,97,37,0,0,0,0
2023-10-29,SKU_003,store,77,20,0,0,1,0
2023-10-30,SKU_003,store,62,15,0,0,0,0
2023-10-31,SKU_003,store,34,28,0,0,0,0
2023-11-01,SKU_003,store,0,34,10,0,0,0
2023-11-02,SKU_003,store,0,0,29,0,0,0
2023-11-03,SKU_003,store,0,0,35,0,0,0
2023-11-04,SKU_003,store,164,0,21,164,0,0
2023-11-05,SKU_003,store,131,33,0,0,0,0
2023-11-06,SKU_003,store,94,37,0,0,0,0
2023-11-07,SKU_003,store,62,32,0,0,0,0
2023-11-08,SKU_003,store,51,11,0,0,0,0
2023-11-09,SKU_003,store,31,20,0,0,0,0
2023-11-10,SKU_003,store,0,31,1,0,0,0
2023-11-11,SKU_003,store,0,0,43,0,0,0
2023-11-12,SKU_003,store,0,0,44,0,1,0
2023-11-13,SKU_003,store,0,0,29,0,0,0
2023-11-14,SKU_003,store,0,0,40,0,0,0
2023-11-15,SKU_003,store,245,0,33,245,0,0
2023-11-16,SKU_003,store,210,35,0,0,0,0
2023-11-17,SKU_003,store,184,26,0,0,0,0
2023-11-18,SKU_003,store,145,39,0,0,0,0
2023-11-19,SKU_003,store,130,15,0,0,0,0
2023-11-20,SKU_003,store,97,33,0,0,0,0
2023-11-21,SKU_003,store,61,36,0,0,0,0
2023-11-22,SKU_003,store,51,10,0,0,0,0
2023-11-23,SKU_003,store,19,32,0,0,0,1
2023-11-24,SKU_003,store,7,12,0,0,0,0
2023-11-25,SKU_003,store,0,7,9,0,0,0
2023-11-26,SKU_003,store,0,0,24,0,0,0
2023-11-27,SKU_003,store,0,0,40,0,0,0
2023-11-28,SKU_003,store,0,0,35,0,0,0
2023-11-29,SKU_003,store,0,0,44,0,0,0
2023-11-30,SKU_003,store,0,0,33,0,0,0
2023-12-01,SKU_003,store,0,0,21,0,0,0
2023-12-02,SKU_003,store,0,0,30,0,1,0
2023-12-03,SKU_003,store,0,0,15,0,0,0
2023-12-04,SKU_003,store,0,0,29,0,0,0
2023-12-05,SKU_003,store,0,0,26,0,0,0
2023-12-06,SKU_003,store,0,0,29,0,1,0
2023-12-07,SKU_003,store,0,0,49,0,0,0
2023-12-08,SKU_003,store,0,0,37,0,0,0
2023-12-09,SKU_003,store,0,0,23,0,0,0
2023-12-10,SKU_003,store,0,0,26,0,0,0
2023-12-11,SKU_003,store,0,0,41,0,0,0
2023-12-12,SKU_003,store,0,0,24,0,1,0
2023-12-13,SKU_003,store,0,0,35,0,0,0
2023-12-14,SKU_003,store,0,0,36,0,0,0
2023-12-15,SKU_003,store,0,0,12,0,0,0
2023-12-16,SKU_003,store,0,0,42,0,0,0
2023-12-17,SKU_003,store,0,0,30,0,0,0
2023-12-18,SKU_003,store,0,0,32,0,0,0
2023-12-19,SKU_003,store,0,0,20,0,0,0
2023-12-20,SKU_003,store,0,0,26,0,0,0
2023-12-21,SKU_003,store,0,0,17,0,0,0
2023-12-22,SKU_003,store,187,0,34,187,0,0
2023-12-23,SKU_003,store,163,24,0,0,1,0
2023-12-24,SKU_003,store,143,20,0,0,0,0
2023-12-25,SKU_003,store,123,20,0,0,0,1
2023-12-26,SKU_003,store,87,36,0,0,1,0
2023-12-27,SKU_003,store,67,20,0,0,0,0
2023-12-28,SKU_003,store,42,25,0,0,1,0
2023-12-29,SKU_003,store,20,22,0,0,0,0
2023-12-30,SKU_003,store,0,20,8,0,0,0
2023-12-31,SKU_003,store,0,0,15,0,0,0
2024-01-01,SKU_003,store,0,0,30,0,0,1
2024-01-02,SKU_003,store,0,0,18,0,0,0
2024-01-03,SKU_003,store,255,0,27,255,0,0
2024-01-04,SKU_003,store,229,26,0,0,0,0
2024-01-05,SKU_003,store,398,20,0,189,0,0
2024-01-06,SKU_003,store,491,19,0,112,1,0
2024-01-07,SKU_003,store,482,9,0,0,0,0
2024-01-08,SKU_003,store,455,27,0,0,0,0
2024-01-09,SKU_003,store,432,23,0,0,0,0
2024-01-10,SKU_003,store,398,34,0,0,0,0
2024-01-11,SKU_003,store,381,17,0,0,0,0
2024-01-12,SKU_003,store,554,20,0,193,0,0
2024-01-13,SKU_003,store,536,18,0,0,0,0
2024-01-14,SKU_003,store,516,20,0,0,0,0
2024-01-15,SKU_003,store,624,33,0,141,0,0
2024-01-16,SKU_003,store,599,25,0,0,0,0
2024-01-17,SKU_003,store,587,12,0,0,1,0
2024-01-18,SKU_003,store,572,15,0,0,0,0
2024-01-19,SKU_003,store,550,22,0,0,0,0
2024-01-20,SKU_003,store,529,21,0,0,1,0
2024-01-21,SKU_003,store,501,28,0,0,0,0
2024-01-22,SKU_003,store,479,22,0,0,0,0
2024-01-23,SKU_003,store,463,16,0,0,0,0
2024-01-24,SKU_003,store,427,36,0,0,0,0
2024-01-25,SKU_003,store,553,31,0,157,0,0
2024-01-26,SKU_003,store,539,14,0,0,1,0
2024-01-27,SKU_003,store,505,34,0,0,0,0
2024-01-28,SKU_003,store,482,23,0,0,0,0
2024-01-29,SKU_003,store,452,30,0,0,0,0
2024-01-30,SKU_003,store,421,31,0,0,1,0
2024-01-31,SKU_003,store,395,26,0,0,0,0
2024-02-01,SKU_003,store,358,37,0,0,0,0
2024-02-02,SKU_003,store,317,41,0,0,0,0
2024-02-03,SKU_003,store,282,35,0,0,0,0
2024-02-04,SKU_003,store,258,24,0,0,0,0
2024-02-05,SKU_003,store,478,17,0,237,0,0
2024-02-06,SKU_003,store,450,28,0,0,0,0
2024-02-07,SKU_003,store,431,19,0,0,0,0
2024-02-08,SKU_003,store,398,33,0,0,0,0
2024-02-09,SKU_003,store,574,24,0,200,0,0
2024-02-10,SKU_003,store,549,25,0,0,0,0
2024-02-11,SKU_003,store,517,32,0,0,1,0
2024-02-12,SKU_003,store,491,26,0,0,0,0
2024-02-13,SKU_003,store,458,33,0,0,0,0
2024-02-14,SKU_003,store,426,32,0,0,0,0
2024-02-15,SKU_003,store,402,24,0,0,0,0
2024-02-16,SKU_003,store,391,11,0,0,0,0
2024-02-17,SKU_003,store,369,22,0,0,0,0
2024-02-18,SKU_003,store,348,21,0,0,0,0
2024-02-19,SKU_003,store,317,31,0,0,0,0
2024-02-20,SKU_003,store,286,31,0,0,1,0
2024-02-21,SKU_003,store,273,13,0,0,0,0
2024-02-22,SKU_003,store,255,18,0,0,0,0
2024-02-23,SKU_003,store,221,34,0,0,0,0
2024-02-24,SKU_003,store,180,41,0,0,0,0
2024-02-25,SKU_003,store,160,20,0,0,1,0
2024-02-26,SKU_003,store,118,42,0,0,0,0
2024-02-27,SKU_003,store,100,18,0,0,0,0
2024-02-28,SKU_003,store,77,23,0,0,0,0
2024-02-29,SKU_003,store,55,22,0,0,0,0
2024-03-01,SKU_003,store,43,12,0,0,0,0
2024-03-02,SKU_003,store,25,18,0,0,1,0
2024-03-03,SKU_003,store,0,25,8,0,0,0
2024-03-04,SKU_003,store,0,0,21,0,0,0
2024-03-05,SKU_003,store,0,0,29,0,0,0
2024-03-06,SKU_003,store,0,0,16,0,0,0
2024-03-07,SKU_003,store,0,0,33,0,0,0
2024-03-08,SKU_003,store,0,0,29,0,0,0
2024-03-09,SKU_003,store,0,0,40,0,0,0
2024-03-10,SKU_003,store,0,0,31,0,0,0
2024-03-11,SKU_003,store,0,0,21,0,0,0
2024-03-12,SKU_003,store,0,0,17,0,0,0
2024-03-13,SKU_003,store,0,0,34,0,0,0
2024-03-14,SKU_003,store,0,0,16,0,0,0
2024-03-15,SKU_003,store,0,0,21,0,0,0
2024-03-16,SKU_003,store,0,0,25,0,0,0
2024-03-17,SKU_003,store,0,0,27,0,0,0
2024-03-18,SKU_003,store,0,0,33,0,0,0
2024-03-19,SKU_003,store,0,0,33,0,0,0
2024-03-20,SKU_003,store,0,0,32,0,0,0
2024-03-21,SKU_003,store,0,0,13,0,0,0
2024-03-22,SKU_003,store,0,0,25,0,0,0
2024-03-23,SKU_003,store,0,0,32,0,0,0
2024-03-24,SKU_003,store,0,0,36,0,0,0
2024-03-25,SKU_003,store,0,0,24,0,1,0
2024-03-26,SKU_003,store,0,0,24,0,0,0
2024-03-27,SKU_003,store,0,0,31,0,0,0
2024-03-28,SKU_003,store,0,0,18,0,1,0
2024-03-29,SKU_003,store,0,0,26,0,0,0
2024-03-30,SKU_003,store,0,0,33,0,0,0
2024-03-31,SKU_003,store,0,0,40,0,0,0
2024-04-01,SKU_003,store,0,0,31,0,0,0
2024-04-02,SKU_003,store,0,0,29,0,1,0
2024-04-03,SKU_003,store,0,0,22,0,0,0
2024-04-04,SKU_003,store,0,0,23,0,0,0
2024-04-05,SKU_003,store,0,0,27,0,0,0
2024-04-06,SKU_003,store,0,0,23,0,0,0
2024-04-07,SKU_003,store,0,0,23,0,0,0
2024-04-08,SKU_003,store,0,0,26,0,0,0
2024-04-09,SKU_003,store,0,0,32,0,0,0
2024-04-10,SKU_003,store,0,0,29,0,0,0
2024-04-11,SKU_003,store,0,0,19,0,0,0
2024-04-12,SKU_003,store,0,0,26,0,0,0
2024-04-13,SKU_003,store,0,0,31,0,0,0
2024-04-14,SKU_003,store,0,0,21,0,0,0
2024-04-15,SKU_003,store,0,0,25,0,0,0
2024-04-16,SKU_003,store,0,0,27,0,0,0
2024-04-17,SKU_003,store,0,0,23,0,0,0
2024-04-18,SKU_003,store,0,0,40,0,0,0
2024-04-19,SKU_003,store,0,0,38,0,0,0
2024-04-20,SKU_003,store,0,0,30,0,0,0
2024-04-21,SKU_003,store,0,0,17,0,1,0
2024-04-22,SKU_003,store,0,0,32,0,0,0
2024-04-23,SKU_003,store,0,0,31,0,0,0
2024-04-24,SKU_003,store,0,0,36,0,0,0
2024-04-25,SKU_003,store,0,0,31,0,0,0
2024-04-26,SKU_003,store,0,0,26,0,0,0
2024-04-27,SKU_003,store,0,0,10,0,0,0
2024-04-28,SKU_003,store,0,0,44,0,0,0
2024-04-29,SKU_003,store,0,0,17,0,0,0
2024-04-30,SKU_003,store,0,0,20,0,0,0
2024-05-01,SKU_003,store,0,0,26,0,0,0
2024-05-02,SKU_003,store,0,0,43,0,0,0
2024-05-03,SKU_003,store,0,0,30,0,0,0
2024-05-04,SKU_003,store,0,0,31,0,0,0
2024-05-05,SKU_003,store,0,0,48,0,0,0
2024-05-06,SKU_003,store,0,0,27,0,0,0
2024-05-07,SKU_003,store,0,0,27,0,0,0
2024-05-08,SKU_003,store,0,0,23,0,0,0
2024-05-09,SKU_003,store,0,0,24,0,0,0
2024-05-10,SKU_003,store,0,0,38,0,0,0
2024-05-11,SKU_003,store,0,0,12,0,0,0
2024-05-12,SKU_003,store,0,0,36,0,0,0
2024-05-13,SKU_003,store,0,0,31,0,0,0
2024-05-14,SKU_003,store,0,0,37,0,0,0
2024-05-15,SKU_003,store,0,0,23,0,0,0
2024-05-16,SKU_003,store,0,0,31,0,0,0
2024-05-17,SKU_003,store,0,0,35,0,1,0
2024-05-18,SKU_003,store,0,0,32,0,0,0
2024-05-19,SKU_003,store,0,0,16,0,0,0
2024-05-20,SKU_003,store,0,0,38,0,1,0
2024-05-21,SKU_003,store,252,0,45,252,0,0
2024-05-22,SKU_003,store,394,26,0,168,0,0
2024-05-23,SKU_003,store,349,45,0,0,0,0
2024-05-24,SKU_003,store,327,22,0,0,1,0
2024-05-25,SKU_003,store,300,27,0,0,0,0
2024-05-26,SKU_003,store,277,23,0,0,0,0
2024-05-27,SKU_003,store,238,39,0,0,1,0
2024-05-28,SKU_003,store,202,36,0,0,0,0
2024-05-29,SKU_003,store,181,21,0,0,1,0
2024-05-30,SKU_003,store,272,25,0,116,0,0
2024-05-31,SKU_003,store,241,31,0,0,0,0
2024-06-01,SKU_003,store,219,22,0,0,0,0
2024-06-02,SKU_003,store,200,19,0,0,0,0
2024-06-03,SKU_003,store,166,34,0,0,0,0
2024-06-04,SKU_003,store,140,26,0,0,0,0
2024-06-05,SKU_003,store,120,20,0,0,0,0
2024-06-06,SKU_003,store,84,36,0,0,0,0
2024-06-07,SKU_003,store,65,19,0,0,0,0
2024-06-08,SKU_003,store,38,27,0,0,0,0
2024-06-09,SKU_003,store,15,23,0,0,0,0
2024-06-10,SKU_003,store,0,15,4,0,0,0
2024-06-11,SKU_003,store,0,0,31,0,0,0
2024-06-12,SKU_003,store,0,0,34,0,0,0
2024-06-13,SKU_003,store,0,0,13,0,0,0
2024-06-14,SKU_003,store,0,0,22,0,0,0
2024-06-15,SKU_003,store,0,0,15,0,0,0
2024-06-16,SKU_003,store,0,0,14,0,0,0
2024-06-17,SKU_003,store,0,0,11,0,0,0
2024-06-18,SKU_003,store,0,0,27,0,0,0
2024-06-19,SKU_003,store,0,0,25,0,0,0
2024-06-20,SKU_003,store,0,0,15,0,0,0
2024-06-21,SKU_003,store,0,0,10,0,0,0
2024-06-22,SKU_003,store,0,0,26,0,1,0
2024-06-23,SKU_003,store,0,0,20,0,0,0
2024-06-24,SKU_003,store,0,0,28,0,0,0
2024-06-25,SKU_003,store,0,0,15,0,0,0
2024-06-26,SKU_003,store,205,0,16,205,0,0
2024-06-27,SKU_003,store,169,36,0,0,0,0
2024-06-28,SKU_003,store,152,17,0,0,0,0
2024-06-29,SKU_003,store,107,45,0,0,0,0
2024-06-30,SKU_003,store,80,27,0,0,0,0
2024-07-01,SKU_003,store,52,28,0,0,0,0
2024-07-02,SKU_003,store,14,38,0,0,0,0
2024-07-03,SKU_003,store,0,14,24,0,0,0
2024-07-04,SKU_003,store,0,0,26,0,0,1
2024-07-05,SKU_003,store,0,0,35,0,0,0
2024-07-06,SKU_003,store,0,0,25,0,0,0
2024-07-07,SKU_003,store,0,0,12,0,0,0
2024-07-08,SKU_003,store,0,0,17,0,0,0
2024-07-09,SKU_003,store,0,0,39,0,0,0
2024-07-10,SKU_003,store,0,0,25,0,0,0
2024-07-11,SKU_003,store,0,0,33,0,0,0
2024-07-12,SKU_003,store,0,0,35,0,0,0
2024-07-13,SKU_003,store,0,0,32,0,0,0
2024-07-14,SKU_003,store,0,0,26,0,0,0
2024-07-15,SKU_003,store,0,0,19,0,0,0
2024-07-16,SKU_003,store,265,0,40,265,0,0
2024-07-17,SKU_003,store,243,22,0,0,0,0
2024-07-18,SKU_003,store,195,48,0,0,0,0
2024-07-19,SKU_003,store,177,18,0,0,1,0
2024-07-20,SKU_003,store,148,29,0,0,0,0
2024-07-21,SKU_003,store,123,25,0,0,0,0
2024-07-22,SKU_003,store,100,23,0,0,0,0
2024-07-23,SKU_003,store,70,30,0,0,0,0
2024-07-24,SKU_003,store,49,21,0,0,0,0
2024-07-25,SKU_003,store,292,18,0,261,0,0
2024-07-26,SKU_003,store,278,14,0,0,0,0
2024-07-27,SKU_003,store,240,38,0,0,0,0
2024-07-28,SKU_003,store,205,35,0,0,0,0
2024-07-29,SKU_003,store,175,30,0,0,0,0
2024-07-30,SKU_003,store,160,15,0,0,0,0
2024-07-31,SKU_003,store,126,34,0,0,0,0
2024-08-01,SKU_003,store,90,36,0,0,0,0
2024-08-02,SKU_003,store,62,28,0,0,0,0
2024-08-03,SKU_003,store,34,28,0,0,0,0
2024-08-04,SKU_003,store,5,29,0,0,0,0
2024-08-05,SKU_003,store,0,5,16,0,0,0
2024-08-06,SKU_003,store,0,0,18,0,0,0
2024-08-07,SKU_003,store,158,0,39,158,0,0
2024-08-08,SKU_003,store,144,14,0,0,0,0
2024-08-09,SKU_003,store,111,33,0,0,0,0
2024-08-10,SKU_003,store,96,15,0,0,0,0
2024-08-11,SKU_003,store,61,35,0,0,0,0
2024-08-12,SKU_003,store,43,18,0,0,0,0
2024-08-13,SKU_003,store,226,22,0,205,0,0
2024-08-14,SKU_003,store,189,37,0,0,0,0
2024-08-15,SKU_003,store,163,26,0,0,1,0
2024-08-16,SKU_003,store,131,32,0,0,1,0
2024-08-17,SKU_003,store,101,30,0,0,0,0
2024-08-18,SKU_003,store,60,41,0,0,0,0
2024-08-19,SKU_003,store,36,24,0,0,0,0
2024-08-20,SKU_003,store,8,28,0,0,0,0
2024-08-21,SKU_003,store,242,8,21,242,0,0
2024-08-22,SKU_003,store,209,33,0,0,0,0
2024-08-23,SKU_003,store,171,38,0,0,0,0
2024-08-24,SKU_003,store,141,30,0,0,0,0
2024-08-25,SKU_003,store,116,25,0,0,0,0
2024-08-26,SKU_003,store,95,21,0,0,0,0
2024-08-27,SKU_003,store,74,21,0,0,0,0
2024-08-28,SKU_003,store,60,14,0,0,0,0
2024-08-29,SKU_003,store,32,28,0,0,0,0
2024-08-30,SKU_003,store,0,32,4,0,0,0
2024-08-31,SKU_003,store,0,0,17,0,1,0
2024-09-01,SKU_003,store,0,0,27,0,0,0
2024-09-02,SKU_003,store,0,0,33,0,0,0
2024-09-03,SKU_003,store,0,0,28,0,0,0
2024-09-04,SKU_003,store,0,0,32,0,0,0
2024-09-05,SKU_003,store,0,0,24,0,0,0
2024-09-06,SKU_003,store,0,0,34,0,0,0
2024-09-07,SKU_003,store,0,0,16,0,0,0
2024-09-08,SKU_003,store,0,0,18,0,0,0
2024-09-09,SKU_003,store,0,0,32,0,0,0
2024-09-10,SKU_003,store,0,0,26,0,0,0
2024-09-11,SKU_003,store,0,0,21,0,1,0
2024-09-12,SKU_003,store,0,0,34,0,0,0
2024-09-13,SKU_003,store,0,0,27,0,0,0
2024-09-14,SKU_003,store,0,0,31,0,0,0
2024-09-15,SKU_003,store,0,0,13,0,0,0
2024-09-16,SKU_003,store,0,0,11,0,0,0
2024-09-17,SKU_003,store,0,0,28,0,0,0
2024-09-18,SKU_003,store,0,0,29,0,0,0
2024-09-19,SKU_003,store,0,0,26,0,0,0
2024-09-20,SKU_003,store,0,0,15,0,0,0
2024-09-21,SKU_003,store,0,0,35,0,0,0
2024-09-22,SKU_003,store,0,0,25,0,1,0
2024-09-23,SKU_003,store,0,0,29,0,0,0
2024-09-24,SKU_003,store,0,0,36,0,0,0
2024-09-25,SKU_003,store,0,0,22,0,0,0
2024-09-26,SKU_003,store,0,0,32,0,0,0
2024-09-27,SKU_003,store,0,0,19,0,0,0
2024-09-28,SKU_003,store,0,0,30,0,0,0
2024-09-29,SKU_003,store,0,0,17,0,0,0
2024-09-30,SKU_003,store,0,0,16,0,0,0
2024-10-01,SKU_003,store,0,0,21,0,0,0
2024-10-02,SKU_003,store,0,0,41,0,0,0
2024-10-03,SKU_003,store,0,0,18,0,1,0
2024-10-04,SKU_003,store,0,0,17,0,0,0
2024-10-05,SKU_003,store,293,0,36,293,0,0
2024-10-06,SKU_003,store,272,21,0,0,0,0
2024-10-07,SKU_003,store,225,47,0,0,0,0
2024-10-08,SKU_003,store,192,33,0,0,0,0
2024-10-09,SKU_003,store,148,44,0,0,0,0
2024-10-10,SKU_003,store,122,26,0,0,0,0
2024-10-11,SKU_003,store,97,25,0,0,0,0
2024-10-12,SKU_003,store,84,13,0,0,0,0
2024-10-13,SKU_003,store,65,19,0,0,0,0
2024-10-14,SKU_003,store,36,29,0,0,0,0
2024-10-15,SKU_003,store,12,24,0,0,0,0
2024-10-16,SKU_003,store,0,12,10,0,0,0
2024-10-17,SKU_003,store,0,0,30,0,0,0
2024-10-18,SKU_003,store,0,0,31,0,0,0
2024-10-19,SKU_003,store,0,0,35,0,0,0
2024-10-20,SKU_003,store,0,0,35,0,0,0
2024-10-21,SKU_003,store,0,0,26,0,0,0
2024-10-22,SKU_003,store,0,0,34,0,0,0
2024-10-23,SKU_003,store,0,0,23,0,0,0
2024-10-24,SKU_003,store,0,0,30,0,0,0
2024-10-25,SKU_003,store,0,0,36,0,0,0
2024-10-26,SKU_003,store,0,0,36,0,0,0
2024-10-27,SKU_003,store,0,0,18,0,0,0
2024-10-28,SKU_003,store,0,0,29,0,0,0
2024-10-29,SKU_003,store,0,0,19,0,1,0
2024-10-30,SKU_003,store,0,0,17,0,0,0
2024-10-31,SKU_003,store,0,0,18,0,0,0
2024-11-01,SKU_003,store,0,0,28,0,0,0
2024-11-02,SKU_003,store,223,0,33,223,0,0
2024-11-03,SKU_003,store,196,27,0,0,0,0
2024-11-04,SKU_003,store,172,24,0,0,0,0
2024-11-05,SKU_003,store,141,31,0,0,0,0
2024-11-06,SKU_003,store,124,17,0,0,0,0
2024-11-07,SKU_003,store,99,25,0,0,0,0
2024-11-08,SKU_003,store,67,32,0,0,0,0
2024-11-09,SKU_003,store,35,32,0,0,0,0
2024-11-10,SKU_003,store,10,25,0,0,1,0
2024-11-11,SKU_003,store,0,10,5,0,0,0
2024-11-12,SKU_003,store,0,0,27,0,0,0
2024-11-13,SKU_003,store,0,0,18,0,0,0
2024-11-14,SKU_003,store,0,0,28,0,1,0
2024-11-15,SKU_003,store,0,0,42,0,0,0
2024-11-16,SKU_003,store,0,0,26,0,0,0
2024-11-17,SKU_003,store,0,0,19,0,0,0
2024-11-18,SKU_003,store,0,0,41,0,1,0
2024-11-19,SKU_003,store,0,0,35,0,0,0
2024-11-20,SKU_003,store,0,0,21,0,0,0
2024-11-21,SKU_003,store,0,0,16,0,0,0
2024-11-22,SKU_003,store,0,0,30,0,0,0
2024-11-23,SKU_003,store,0,0,17,0,0,0
2024-11-24,SKU_003,store,0,0,24,0,0,0
2024-11-25,SKU_003,store,0,0,18,0,1,0
2024-11-26,SKU_003,store,0,0,20,0,0,0
2024-11-27,SKU_003,store,0,0,19,0,0,0
2024-11-28,SKU_003,store,0,0,43,0,0,1
2024-11-29,SKU_003,store,0,0,37,0,0,0
2024-11-30,SKU_003,store,0,0,24,0,0,0
2024-12-01,SKU_003,store,0,0,22,0,0,0
2024-12-02,SKU_003,store,0,0,13,0,1,0
2024-12-03,SKU_003,store,183,0,9,183,0,0
2024-12-04,SKU_003,store,361,35,0,213,0,0
2024-12-05,SKU_003,store,327,34,0,0,1,0
2024-12-06,SKU_003,store,306,21,0,0,1,0
2024-12-07,SKU_003,store,279,27,0,0,0,0
2024-12-08,SKU_003,store,256,23,0,0,0,0
2024-12-09,SKU_003,store,233,23,0,0,1,0
2024-12-10,SKU_003,store,502,17,0,286,0,0
2024-12-11,SKU_003,store,462,40,0,0,0,0
2024-12-12,SKU_003,store,434,28,0,0,0,0
2024-12-13,SKU_003,store,416,18,0,0,0,0
2024-12-14,SKU_003,store,381,35,0,0,1,0
2024-12-15,SKU_003,store,339,42,0,0,0,0
2024-12-16,SKU_003,store,313,26,0,0,0,0
2024-12-17,SKU_003,store,280,33,0,0,0,0
2024-12-18,SKU_003,store,252,28,0,0,0,0
2024-12-19,SKU_003,store,203,49,0,0,0,0
2024-12-20,SKU_003,store,176,27,0,0,0,0
2024-12-21,SKU_003,store,160,16,0,0,0,0
2024-12-22,SKU_003,store,132,28,0,0,1,0
2024-12-23,SKU_003,store,100,32,0,0,0,0
2024-12-24,SKU_003,store,84,16,0,0,0,0
2024-12-25,SKU_003,store,56,28,0,0,0,1
2024-12-26,SKU_003,store,41,15,0,0,0,0
2024-12-27,SKU_003,store,4,37,0,0,0,0
2024-12-28,SKU_003,store,0,4,27,0,0,0
2024-12-29,SKU_003,store,0,0,13,0,0,0
2024-12-30,SKU_003,store,0,0,22,0,0,0
2024-12-31,SKU_003,store,0,0,29,0,0,0
2023-01-01,SKU_003,ecomm,478,22,0,0,0,1
2023-01-02,SKU_003,ecomm,459,19,0,0,0,0
2023-01-03,SKU_003,ecomm,423,36,0,0,0,0
2023-01-04,SKU_003,ecomm,384,39,0,0,0,0
2023-01-05,SKU_003,ecomm,368,16,0,0,0,0
2023-01-06,SKU_003,ecomm,345,23,0,0,1,0
2023-01-07,SKU_003,ecomm,317,28,0,0,0,0
2023-01-08,SKU_003,ecomm,302,15,0,0,0,0
2023-01-09,SKU_003,ecomm,261,41,0,0,0,0
2023-01-10,SKU_003,ecomm,217,44,0,0,0,0
2023-01-11,SKU_003,ecomm,199,18,0,0,0,0
2023-01-12,SKU_003,ecomm,170,29,0,0,0,0
2023-01-13,SKU_003,ecomm,137,33,0,0,0,0
2023-01-14,SKU_003,ecomm,112,25,0,0,0,0
2023-01-15,SKU_003,ecomm,87,25,0,0,0,0
2023-01-16,SKU_003,ecomm,42,45,0,0,1,0
2023-01-17,SKU_003,ecomm,15,27,0,0,1,0
2023-01-18,SKU_003,ecomm,0,15,11,0,0,0
2023-01-19,SKU_003,ecomm,0,0,43,0,0,0
2023-01-20,SKU_003,ecomm,0,0,32,0,0,0
2023-01-21,SKU_003,ecomm,0,0,15,0,1,0
2023-01-22,SKU_003,ecomm,0,0,20,0,0,0
2023-01-23,SKU_003,ecomm,0,0,30,0,0,0
2023-01-24,SKU_003,ecomm,0,0,32,0,0,0
2023-01-25,SKU_003,ecomm,0,0,29,0,0,0
2023-01-26,SKU_003,ecomm,0,0,18,0,0,0
2023-01-27,SKU_003,ecomm,0,0,26,0,0,0
2023-01-28,SKU_003,ecomm,0,0,12,0,0,0
2023-01-29,SKU_003,ecomm,0,0,16,0,0,0
2023-01-30,SKU_003,ecomm,0,0,24,0,0,0
2023-01-31,SKU_003,ecomm,0,0,29,0,0,0
2023-02-01,SKU_003,ecomm,0,0,14,0,0,0
2023-02-02,SKU_003,ecomm,0,0,38,0,0,0
2023-02-03,SKU_003,ecomm,0,0,32,0,0,0
2023-02-04,SKU_003,ecomm,0,0,38,0,0,0
2023-02-05,SKU_003,ecomm,0,0,27,0,0,0
2023-02-06,SKU_003,ecomm,0,0,34,0,0,0
2023-02-07,SKU_003,ecomm,0,0,46,0,0,0
2023-02-08,SKU_003,ecomm,0,0,38,0,0,0
2023-02-09,SKU_003,ecomm,0,0,28,0,0,0
2023-02-10,SKU_003,ecomm,0,0,29,0,0,0
2023-02-11,SKU_003,ecomm,0,0,32,0,0,0
2023-02-12,SKU_003,ecomm,155,0,36,155,0,0
2023-02-13,SKU_003,ecomm,133,22,0,0,0,0
2023-02-14,SKU_003,ecomm,97,36,0,0,1,0
2023-02-15,SKU_003,ecomm,63,34,0,0,0,0
2023-02-16,SKU_003,ecomm,43,20,0,0,0,0
2023-02-17,SKU_003,ecomm,10,33,0,0,0,0
2023-02-18,SKU_003,ecomm,0,10,25,0,0,0
2023-02-19,SKU_003,ecomm,0,0,44,0,0,0
2023-02-20,SKU_003,ecomm,0,0,30,0,0,0
2023-02-21,SKU_003,ecomm,0,0,34,0,0,0
2023-02-22,SKU_003,ecomm,0,0,25,0,0,0
2023-02-23,SKU_003,ecomm,0,0,31,0,0,0
2023-02-24,SKU_003,ecomm,0,0,26,0,0,0
2023-02-25,SKU_003,ecomm,0,0,34,0,1,0
2023-02-26,SKU_003,ecomm,0,0,33,0,1,0
2023-02-27,SKU_003,ecomm,0,0,34,0,0,0
2023-02-28,SKU_003,ecomm,0,0,40,0,0,0
2023-03-01,SKU_003,ecomm,0,0,21,0,0,0
2023-03-02,SKU_003,ecomm,0,0,30,0,1,0
2023-03-03,SKU_003,ecomm,0,0,39,0,0,0
2023-03-04,SKU_003,ecomm,0,0,10,0,0,0
2023-03-05,SKU_003,ecomm,0,0,27,0,0,0
2023-03-06,SKU_003,ecomm,0,0,26,0,0,0
2023-03-07,SKU_003,ecomm,0,0,19,0,0,0
2023-03-08,SKU_003,ecomm,0,0,20,0,0,0
2023-03-09,SKU_003,ecomm,0,0,24,0,0,0
2023-03-10,SKU_003,ecomm,0,0,28,0,0,0
2023-03-11,SKU_003,ecomm,0,0,28,0,0,0
2023-03-12,SKU_003,ecomm,0,0,27,0,0,0
2023-03-13,SKU_003,ecomm,0,0,25,0,0,0
2023-03-14,SKU_003,ecomm,257,0,29,257,0,0
2023-03-15,SKU_003,ecomm,222,35,0,0,0,0
2023-03-16,SKU_003,ecomm,193,29,0,0,0,0
2023-03-17,SKU_003,ecomm,158,35,0,0,0,0
2023-03-18,SKU_003,ecomm,131,27,0,0,0,0
2023-03-19,SKU_003,ecomm,94,37,0,0,0,0
2023-03-20,SKU_003,ecomm,75,19,0,0,0,0
2023-03-21,SKU_003,ecomm,46,29,0,0,0,0
2023-03-22,SKU_003,ecomm,23,23,0,0,1,0
2023-03-23,SKU_003,ecomm,0,23,11,0,0,0
2023-03-24,SKU_003,ecomm,0,0,33,0,0,0
2023-03-25,SKU_003,ecomm,0,0,30,0,0,0
2023-03-26,SKU_003,ecomm,0,0,28,0,0,0
2023-03-27,SKU_003,ecomm,0,0,16,0,0,0
2023-03-28,SKU_003,ecomm,0,0,35,0,0,0
2023-03-29,SKU_003,ecomm,0,0,31,0,0,0
2023-03-30,SKU_003,ecomm,0,0,21,0,0,0
2023-03-31,SKU_003,ecomm,0,0,62,0,0,0
2023-04-01,SKU_003,ecomm,0,0,15,0,0,0
2023-04-02,SKU_003,ecomm,0,0,25,0,0,0
2023-04-03,SKU_003,ecomm,0,0,31,0,0,0
2023-04-04,SKU_003,ecomm,197,0,17,197,0,0
2023-04-05,SKU_003,ecomm,171,26,0,0,0,0
2023-04-06,SKU_003,ecomm,124,47,0,0,0,0
2023-04-07,SKU_003,ecomm,99,25,0,0,0,0
2023-04-08,SKU_003,ecomm,66,33,0,0,0,0
2023-04-09,SKU_003,ecomm,21,45,0,0,0,0
2023-04-10,SKU_003,ecomm,0,21,10,0,0,0
2023-04-11,SKU_003,ecomm,0,0,19,0,0,0
2023-04-12,SKU_003,ecomm,0,0,16,0,0,0
2023-04-13,SKU_003,ecomm,0,0,27,0,1,0
2023-04-14,SKU_003,ecomm,0,0,45,0,0,0
2023-04-15,SKU_003,ecomm,0,0,24,0,0,0
2023-04-16,SKU_003,ecomm,0,0,32,0,0,0
2023-04-17,SKU_003,ecomm,0,0,29,0,0,0
2023-04-18,SKU_003,ecomm,0,0,38,0,0,0
2023-04-19,SKU_003,ecomm,0,0,18,0,1,0
2023-04-20,SKU_003,ecomm,0,0,33,0,0,0
2023-04-21,SKU_003,ecomm,0,0,21,0,0,0
2023-04-22,SKU_003,ecomm,0,0,20,0,0,0
2023-04-23,SKU_003,ecomm,125,0,24,125,0,0
2023-04-24,SKU_003,ecomm,97,28,0,0,0,0
2023-04-25,SKU_003,ecomm,87,10,0,0,0,0
2023-04-26,SKU_003,ecomm,71,16,0,0,0,0
2023-04-27,SKU_003,ecomm,28,43,0,0,0,0
2023-04-28,SKU_003,ecomm,0,28,3,0,0,0
2023-04-29,SKU_003,ecomm,0,0,19,0,1,0
2023-04-30,SKU_003,ecomm,0,0,23,0,0,0
2023-05-01,SKU_003,ecomm,0,0,18,0,0,0
2023-05-02,SKU_003,ecomm,0,0,41,0,1,0
2023-05-03,SKU_003,ecomm,0,0,40,0,0,0
2023-05-04,SKU_003,ecomm,0,0,21,0,0,0
2023-05-05,SKU_003,ecomm,0,0,25,0,0,0
2023-05-06,SKU_003,ecomm,0,0,34,0,0,0
2023-05-07,SKU_003,ecomm,0,0,26,0,0,0
2023-05-08,SKU_003,ecomm,0,0,42,0,0,0
2023-05-09,SKU_003,ecomm,0,0,23,0,0,0
2023-05-10,SKU_003,ecomm,0,0,27,0,0,0
2023-05-11,SKU_003,ecomm,0,0,21,0,0,0
2023-05-12,SKU_003,ecomm,0,0,15,0,0,0
2023-05-13,SKU_003,ecomm,0,0,35,0,0,0
2023-05-14,SKU_003,ecomm,0,0,33,0,0,0
2023-05-15,SKU_003,ecomm,0,0,25,0,0,0
2023-05-16,SKU_003,ecomm,0,0,41,0,0,0
2023-05-17,SKU_003,ecomm,0,0,41,0,1,0
2023-05-18,SKU_003,ecomm,0,0,30,0,0,0
2023-05-19,SKU_003,ecomm,0,0,20,0,0,0
2023-05-20,SKU_003,ecomm,0,0,27,0,1,0
2023-05-21,SKU_003,ecomm,0,0,36,0,0,0
2023-05-22,SKU_003,ecomm,0,0,37,0,0,0
2023-05-23,SKU_003,ecomm,0,0,24,0,0,0
2023-05-24,SKU_003,ecomm,0,0,29,0,0,0
2023-05-25,SKU_003,ecomm,0,0,40,0,0,0
2023-05-26,SKU_003,ecomm,0,0,20,0,0,0
2023-05-27,SKU_003,ecomm,0,0,24,0,1,0
2023-05-28,SKU_003,ecomm,0,0,41,0,0,0
2023-05-29,SKU_003,ecomm,0,0,29,0,0,0
2023-05-30,SKU_003,ecomm,0,0,24,0,0,0
2023-05-31,SKU_003,ecomm,0,0,24,0,0,0
2023-06-01,SKU_003,ecomm,194,0,21,194,0,0
2023-06-02,SKU_003,ecomm,156,38,0,0,0,0
2023-06-03,SKU_003,ecomm,140,16,0,0,0,0
2023-06-04,SKU_003,ecomm,105,35,0,0,0,0
2023-06-05,SKU_003,ecomm,58,47,0,0,0,0
2023-06-06,SKU_003,ecomm,22,36,0,0,0,0
2023-06-07,SKU_003,ecomm,0,22,20,0,0,0
2023-06-08,SKU_003,ecomm,0,0,22,0,0,0
2023-06-09,SKU_003,ecomm,0,0,22,0,0,0
2023-06-10,SKU_003,ecomm,0,0,27,0,0,0
2023-06-11,SKU_003,ecomm,0,0,27,0,0,0
2023-06-12,SKU_003,ecomm,0,0,18,0,0,0
2023-06-13,SKU_003,ecomm,0,0,31,0,0,0
2023-06-14,SKU_003,ecomm,0,0,20,0,0,0
2023-06-15,SKU_003,ecomm,0,0,17,0,0,0
2023-06-16,SKU_003,ecomm,260,0,27,260,0,0
2023-06-17,SKU_003,ecomm,221,39,0,0,0,0
2023-06-18,SKU_003,ecomm,189,32,0,0,0,0
2023-06-19,SKU_003,ecomm,157,32,0,0,0,0
2023-06-20,SKU_003,ecomm,117,40,0,0,1,0
2023-06-21,SKU_003,ecomm,83,34,0,0,1,0
2023-06-22,SKU_003,ecomm,51,32,0,0,0,0
2023-06-23,SKU_003,ecomm,9,42,0,0,0,0
2023-06-24,SKU_003,ecomm,0,9,27,0,0,0
2023-06-25,SKU_003,ecomm,0,0,16,0,1,0
2023-06-26,SKU_003,ecomm,0,0,23,0,1,0
2023-06-27,SKU_003,ecomm,0,0,46,0,0,0
2023-06-28,SKU_003,ecomm,0,0,20,0,0,0
2023-06-29,SKU_003,ecomm,0,0,27,0,0,0
2023-06-30,SKU_003,ecomm,0,0,41,0,0,0
2023-07-01,SKU_003,ecomm,0,0,41,0,0,0
2023-07-02,SKU_003,ecomm,0,0,23,0,1,0
2023-07-03,SKU_003,ecomm,0,0,23,0,0,0
2023-07-04,SKU_003,ecomm,0,0,23,0,1,1
2023-07-05,SKU_003,ecomm,186,0,35,186,0,0
2023-07-06,SKU_003,ecomm,166,20,0,0,0,0
2023-07-07,SKU_003,ecomm,127,39,0,0,0,0
2023-07-08,SKU_003,ecomm,107,20,0,0,0,0
2023-07-09,SKU_003,ecomm,80,27,0,0,0,0
2023-07-10,SKU_003,ecomm,43,37,0,0,0,0
2023-07-11,SKU_003,ecomm,10,33,0,0,0,0
2023-07-12,SKU_003,ecomm,0,10,25,0,0,0
2023-07-13,SKU_003,ecomm,0,0,32,0,0,0
2023-07-14,SKU_003,ecomm,0,0,23,0,0,0
2023-07-15,SKU_003,ecomm,0,0,16,0,0,0
2023-07-16,SKU_003,ecomm,0,0,21,0,0,0
2023-07-17,SKU_003,ecomm,0,0,28,0,0,0
2023-07-18,SKU_003,ecomm,0,0,38,0,0,0
2023-07-19,SKU_003,ecomm,0,0,11,0,0,0
2023-07-20,SKU_003,ecomm,0,0,24,0,0,0
2023-07-21,SKU_003,ecomm,0,0,30,0,0,0
2023-07-22,SKU_003,ecomm,0,0,12,0,0,0
2023-07-23,SKU_003,ecomm,227,0,22,227,0,0
2023-07-24,SKU_003,ecomm,188,39,0,0,0,0
2023-07-25,SKU_003,ecomm,151,37,0,0,0,0
2023-07-26,SKU_003,ecomm,131,20,0,0,0,0
2023-07-27,SKU_003,ecomm,98,33,0,0,1,0
2023-07-28,SKU_003,ecomm,67,31,0,0,0,0
2023-07-29,SKU_003,ecomm,37,30,0,0,1,0
2023-07-30,SKU_003,ecomm,0,37,14,0,0,0
2023-07-31,SKU_003,ecomm,0,0,36,0,0,0
2023-08-01,SKU_003,ecomm,0,0,8,0,0,0
2023-08-02,SKU_003,ecomm,0,0,20,0,0,0
2023-08-03,SKU_003,ecomm,0,0,35,0,0,0
2023-08-04,SKU_003,ecomm,0,0,18,0,1,0
2023-08-05,SKU_003,ecomm,0,0,15,0,0,0
2023-08-06,SKU_003,ecomm,0,0,27,0,0,0
2023-08-07,SKU_003,ecomm,0,0,41,0,0,0
2023-08-08,SKU_003,ecomm,0,0,29,0,0,0
2023-08-09,SKU_003,ecomm,0,0,25,0,0,0
2023-08-10,SKU_003,ecomm,0,0,15,0,0,0
2023-08-11,SKU_003,ecomm,0,0,28,0,1,0
2023-08-12,SKU_003,ecomm,0,0,30,0,0,0
2023-08-13,SKU_003,ecomm,0,0,28,0,0,0
2023-08-14,SKU_003,ecomm,0,0,19,0,1,0
2023-08-15,SKU_003,ecomm,202,0,25,202,0,0
2023-08-16,SKU_003,ecomm,160,42,0,0,0,0
2023-08-17,SKU_003,ecomm,119,41,0,0,0,0
2023-08-18,SKU_003,ecomm,90,29,0,0,1,0
2023-08-19,SKU_003,ecomm,70,20,0,0,0,0
2023-08-20,SKU_003,ecomm,296,33,0,259,0,0
2023-08-21,SKU_003,ecomm,269,27,0,0,0,0
2023-08-22,SKU_003,ecomm,428,23,0,182,0,0
2023-08-23,SKU_003,ecomm,412,16,0,0,0,0
2023-08-24,SKU_003,ecomm,372,40,0,0,0,0
2023-08-25,SKU_003,ecomm,354,18,0,0,0,0
2023-08-26,SKU_003,ecomm,342,12,0,0,0,0
2023-08-27,SKU_003,ecomm,320,22,0,0,0,0
2023-08-28,SKU_003,ecomm,296,24,0,0,0,0
2023-08-29,SKU_003,ecomm,384,22,0,110,0,0
2023-08-30,SKU_003,ecomm,363,21,0,0,0,0
2023-08-31,SKU_003,ecomm,347,16,0,0,0,0
2023-09-01,SKU_003,ecomm,323,24,0,0,0,0
2023-09-02,SKU_003,ecomm,301,22,0,0,0,0
2023-09-03,SKU_003,ecomm,265,36,0,0,0,0
2023-09-04,SKU_003,ecomm,234,31,0,0,0,0
2023-09-05,SKU_003,ecomm,193,41,0,0,0,0
2023-09-06,SKU_003,ecomm,156,37,0,0,0,0
2023-09-07,SKU_003,ecomm,128,28,0,0,0,0
2023-09-08,SKU_003,ecomm,103,25,0,0,0,0
2023-09-09,SKU_003,ecomm,67,36,0,0,0,0
2023-09-10,SKU_003,ecomm,47,20,0,0,0,0
2023-09-11,SKU_003,ecomm,304,35,0,292,0,0
2023-09-12,SKU_003,ecomm,271,33,0,0,0,0
2023-09-13,SKU_003,ecomm,255,16,0,0,0,0
2023-09-14,SKU_003,ecomm,225,30,0,0,0,0
2023-09-15,SKU_003,ecomm,207,18,0,0,0,0
2023-09-16,SKU_003,ecomm,182,25,0,0,0,0
2023-09-17,SKU_003,ecomm,152,30,0,0,0,0
2023-09-18,SKU_003,ecomm,121,31,0,0,0,0
2023-09-19,SKU_003,ecomm,85,36,0,0,0,0
2023-09-20,SKU_003,ecomm,70,15,0,0,0,0
2023-09-21,SKU_003,ecomm,201,27,0,158,0,0
2023-09-22,SKU_003,ecomm,171,30,0,0,0,0
2023-09-23,SKU_003,ecomm,158,13,0,0,0,0
2023-09-24,SKU_003,ecomm,437,14,0,293,1,0
2023-09-25,SKU_003,ecomm,417,20,0,0,0,0
2023-09-26,SKU_003,ecomm,370,47,0,0,0,0
2023-09-27,SKU_003,ecomm,350,20,0,0,0,0
2023-09-28,SKU_003,ecomm,314,36,0,0,0,0
2023-09-29,SKU_003,ecomm,285,29,0,0,0,0
2023-09-30,SKU_003,ecomm,274,11,0,0,0,0
2023-10-01,SKU_003,ecomm,247,27,0,0,0,0
2023-10-02,SKU_003,ecomm,212,35,0,0,0,0
2023-10-03,SKU_003,ecomm,188,24,0,0,0,0
2023-10-04,SKU_003,ecomm,164,24,0,0,0,0
2023-10-05,SKU_003,ecomm,144,20,0,0,0,0
2023-10-06,SKU_003,ecomm,119,25,0,0,0,0
2023-10-07,SKU_003,ecomm,89,30,0,0,1,0
2023-10-08,SKU_003,ecomm,71,18,0,0,0,0
2023-10-09,SKU_003,ecomm,52,19,0,0,0,0
2023-10-10,SKU_003,ecomm,233,24,0,205,0,0
2023-10-11,SKU_003,ecomm,210,23,0,0,0,0
2023-10-12,SKU_003,ecomm,171,39,0,0,0,0
2023-10-13,SKU_003,ecomm,142,29,0,0,0,0
2023-10-14,SKU_003,ecomm,126,16,0,0,0,0
2023-10-15,SKU_003,ecomm,92,34,0,0,0,0
2023-10-16,SKU_003,ecomm,74,18,0,0,0,0
2023-10-17,SKU_003,ecomm,48,26,0,0,0,0
2023-10-18,SKU_003,ecomm,220,42,0,214,0,0
2023-10-19,SKU_003,ecomm,201,19,0,0,0,0
2023-10-20,SKU_003,ecomm,160,41,0,0,0,0
2023-10-21,SKU_003,ecomm,144,16,0,0,0,0
2023-10-22,SKU_003,ecomm,100,44,0,0,0,0
2023-10-23,SKU_003,ecomm,92,8,0,0,0,0
2023-10-24,SKU_003,ecomm,79,13,0,0,1,0
2023-10-25,SKU_003,ecomm,42,37,0,0,1,0
2023-10-26,SKU_003,ecomm,1,41,0,0,0,0
2023-10-27,SKU_003,ecomm,0,1,43,0,0,0
2023-10-28,SKU_003,ecomm,207,0,19,207,0,0
2023-10-29,SKU_003,ecomm,186,21,0,0,0,0
2023-10-30,SKU_003,ecomm,153,33,0,0,0,0
2023-10-31,SKU_003,ecomm,128,25,0,0,0,0
2023-11-01,SKU_003,ecomm,113,15,0,0,0,0
2023-11-02,SKU_003,ecomm,93,20,0,0,0,0
2023-11-03,SKU_003,ecomm,61,32,0,0,0,0
2023-11-04,SKU_003,ecomm,25,36,0,0,0,0
2023-11-05,SKU_003,ecomm,0,25,17,0,0,0
2023-11-06,SKU_003,ecomm,0,0,34,0,0,0
2023-11-07,SKU_003,ecomm,0,0,27,0,0,0
2023-11-08,SKU_003,ecomm,0,0,17,0,0,0
2023-11-09,SKU_003,ecomm,0,0,24,0,0,0
2023-11-10,SKU_003,ecomm,207,0,21,207,0,0
2023-11-11,SKU_003,ecomm,183,24,0,0,1,0
2023-11-12,SKU_003,ecomm,152,31,0,0,0,0
2023-11-13,SKU_003,ecomm,233,40,0,121,1,0
2023-11-14,SKU_003,ecomm,206,27,0,0,0,0
2023-11-15,SKU_003,ecomm,176,30,0,0,0,0
2023-11-16,SKU_003,ecomm,146,30,0,0,0,0
2023-11-17,SKU_003,ecomm,134,12,0,0,0,0
2023-11-18,SKU_003,ecomm,100,34,0,0,1,0
2023-11-19,SKU_003,ecomm,57,43,0,0,0,0
2023-11-20,SKU_003,ecomm,23,34,0,0,0,0
2023-11-21,SKU_003,ecomm,0,23,1,0,0,0
2023-11-22,SKU_003,ecomm,0,0,41,0,0,0
2023-11-23,SKU_003,ecomm,0,0,40,0,0,1
2023-11-24,SKU_003,ecomm,0,0,32,0,1,0
2023-11-25,SKU_003,ecomm,0,0,22,0,0,0
2023-11-26,SKU_003,ecomm,0,0,15,0,0,0
2023-11-27,SKU_003,ecomm,0,0,21,0,0,0
2023-11-28,SKU_003,ecomm,0,0,17,0,0,0
2023-11-29,SKU_003,ecomm,0,0,35,0,0,0
2023-11-30,SKU_003,ecomm,0,0,29,0,0,0
2023-12-01,SKU_003,ecomm,263,0,28,263,0,0
2023-12-02,SKU_003,ecomm,241,22,0,0,0,0
2023-12-03,SKU_003,ecomm,229,12,0,0,0,0
2023-12-04,SKU_003,ecomm,188,41,0,0,0,0
2023-12-05,SKU_003,ecomm,156,32,0,0,0,0
2023-12-06,SKU_003,ecomm,139,17,0,0,0,0
2023-12-07,SKU_003,ecomm,113,26,0,0,0,0
2023-12-08,SKU_003,ecomm,81,32,0,0,0,0
2023-12-09,SKU_003,ecomm,46,35,0,0,0,0
2023-12-10,SKU_003,ecomm,30,16,0,0,0,0
2023-12-11,SKU_003,ecomm,0,30,5,0,0,0
2023-12-12,SKU_003,ecomm,0,0,32,0,1,0
2023-12-13,SKU_003,ecomm,0,0,35,0,0,0
2023-12-14,SKU_003,ecomm,0,0,31,0,0,0
2023-12-15,SKU_003,ecomm,0,0,42,0,0,0
2023-12-16,SKU_003,ecomm,0,0,26,0,0,0
2023-12-17,SKU_003,ecomm,0,0,43,0,0,0
2023-12-18,SKU_003,ecomm,0,0,19,0,0,0
2023-12-19,SKU_003,ecomm,0,0,26,0,0,0
2023-12-20,SKU_003,ecomm,0,0,39,0,0,0
2023-12-21,SKU_003,ecomm,0,0,23,0,0,0
2023-12-22,SKU_003,ecomm,0,0,32,0,1,0
2023-12-23,SKU_003,ecomm,0,0,33,0,0,0
2023-12-24,SKU_003,ecomm,0,0,26,0,1,0
2023-12-25,SKU_003,ecomm,0,0,14,0,0,1
2023-12-26,SKU_003,ecomm,0,0,27,0,0,0
2023-12-27,SKU_003,ecomm,0,0,25,0,0,0
2023-12-28,SKU_003,ecomm,0,0,27,0,0,0
2023-12-29,SKU_003,ecomm,0,0,27,0,0,0
2023-12-30,SKU_003,ecomm,0,0,16,0,0,0
2023-12-31,SKU_003,ecomm,0,0,20,0,0,0
2024-01-01,SKU_003,ecomm,100,0,11,100,0,1
2024-01-02,SKU_003,ecomm,84,16,0,0,0,0
2024-01-03,SKU_003,ecomm,66,18,0,0,0,0
2024-01-04,SKU_003,ecomm,36,30,0,0,0,0
2024-01-05,SKU_003,ecomm,13,23,0,0,0,0
2024-01-06,SKU_003,ecomm,0,13,17,0,0,0
2024-01-07,SKU_003,ecomm,0,0,33,0,0,0
2024-01-08,SKU_003,ecomm,0,0,10,0,0,0
2024-01-09,SKU_003,ecomm,0,0,17,0,0,0
2024-01-10,SKU_003,ecomm,0,0,20,0,0,0
2024-01-11,SKU_003,ecomm,0,0,21,0,0,0
2024-01-12,SKU_003,ecomm,0,0,22,0,0,0
2024-01-13,SKU_003,ecomm,0,0,34,0,0,0
2024-01-14,SKU_003,ecomm,0,0,20,0,0,0
2024-01-15,SKU_003,ecomm,0,0,33,0,0,0
2024-01-16,SKU_003,ecomm,0,0,22,0,0,0
2024-01-17,SKU_003,ecomm,0,0,31,0,0,0
2024-01-18,SKU_003,ecomm,0,0,13,0,0,0
2024-01-19,SKU_003,ecomm,0,0,38,0,0,0
2024-01-20,SKU_003,ecomm,0,0,27,0,1,0
2024-01-21,SKU_003,ecomm,0,0,24,0,0,0
2024-01-22,SKU_003,ecomm,0,0,39,0,0,0
2024-01-23,SKU_003,ecomm,0,0,30,0,0,0
2024-01-24,SKU_003,ecomm,0,0,23,0,0,0
2024-01-25,SKU_003,ecomm,0,0,33,0,0,0
2024-01-26,SKU_003,ecomm,0,0,39,0,0,0
2024-01-27,SKU_003,ecomm,0,0,35,0,0,0
2024-01-28,SKU_003,ecomm,0,0,35,0,0,0
2024-01-29,SKU_003,ecomm,0,0,32,0,0,0
2024-01-30,SKU_003,ecomm,0,0,21,0,0,0
2024-01-31,SKU_003,ecomm,0,0,27,0,0,0
2024-02-01,SKU_003,ecomm,0,0,20,0,0,0
2024-02-02,SKU_003,ecomm,0,0,38,0,0,0
2024-02-03,SKU_003,ecomm,0,0,33,0,0,0
2024-02-04,SKU_003,ecomm,0,0,22,0,0,0
2024-02-05,SKU_003,ecomm,0,0,34,0,0,0
2024-02-06,SKU_003,ecomm,0,0,39,0,0,0
2024-02-07,SKU_003,ecomm,0,0,41,0,0,0
2024-02-08,SKU_003,ecomm,0,0,46,0,0,0
2024-02-09,SKU_003,ecomm,0,0,26,0,0,0
2024-02-10,SKU_003,ecomm,0,0,39,0,0,0
2024-02-11,SKU_003,ecomm,0,0,19,0,0,0
2024-02-12,SKU_003,ecomm,0,0,26,0,0,0
2024-02-13,SKU_003,ecomm,0,0,35,0,1,0
2024-02-14,SKU_003,ecomm,0,0,19,0,0,0
2024-02-15,SKU_003,ecomm,0,0,28,0,1,0
2024-02-16,SKU_003,ecomm,0,0,31,0,0,0
2024-02-17,SKU_003,ecomm,0,0,38,0,0,0
2024-02-18,SKU_003,ecomm,0,0,25,0,0,0
2024-02-19,SKU_003,ecomm,0,0,42,0,0,0
2024-02-20,SKU_003,ecomm,0,0,27,0,0,0
2024-02-21,SKU_003,ecomm,0,0,17,0,0,0
2024-02-22,SKU_003,ecomm,0,0,29,0,0,0
2024-02-23,SKU_003,ecomm,0,0,30,0,0,0
2024-02-24,SKU_003,ecomm,0,0,15,0,0,0
2024-02-25,SKU_003,ecomm,0,0,39,0,0,0
2024-02-26,SKU_003,ecomm,0,0,18,0,0,0
2024-02-27,SKU_003,ecomm,0,0,20,0,0,0
2024-02-28,SKU_003,ecomm,0,0,22,0,0,0
2024-02-29,SKU_003,ecomm,0,0,27,0,0,0
2024-03-01,SKU_003,ecomm,0,0,36,0,0,0
2024-03-02,SKU_003,ecomm,0,0,35,0,0,0
2024-03-03,SKU_003,ecomm,0,0,22,0,0,0
2024-03-04,SKU_003,ecomm,0,0,11,0,1,0
2024-03-05,SKU_003,ecomm,0,0,37,0,0,0
2024-03-06,SKU_003,ecomm,0,0,22,0,1,0
2024-03-07,SKU_003,ecomm,0,0,36,0,0,0
2024-03-08,SKU_003,ecomm,0,0,25,0,0,0
2024-03-09,SKU_003,ecomm,0,0,44,0,0,0
2024-03-10,SKU_003,ecomm,0,0,17,0,0,0
2024-03-11,SKU_003,ecomm,0,0,32,0,0,0
2024-03-12,SKU_003,ecomm,0,0,25,0,0,0
2024-03-13,SKU_003,ecomm,0,0,33,0,0,0
2024-03-14,SKU_003,ecomm,0,0,26,0,0,0
2024-03-15,SKU_003,ecomm,0,0,21,0,0,0
2024-03-16,SKU_003,ecomm,0,0,23,0,0,0
2024-03-17,SKU_003,ecomm,0,0,18,0,0,0
2024-03-18,SKU_003,ecomm,0,0,35,0,0,0
2024-03-19,SKU_003,ecomm,0,0,14,0,0,0
2024-03-20,SKU_003,ecomm,0,0,22,0,0,0
2024-03-21,SKU_003,ecomm,0,0,29,0,0,0
2024-03-22,SKU_003,ecomm,0,0,11,0,0,0
2024-03-23,SKU_003,ecomm,0,0,36,0,0,0
2024-03-24,SKU_003,ecomm,0,0,20,0,1,0
2024-03-25,SKU_003,ecomm,0,0,30,0,0,0
2024-03-26,SKU_003,ecomm,0,0,43,0,0,0
2024-03-27,SKU_003,ecomm,0,0,38,0,0,0
2024-03-28,SKU_003,ecomm,0,0,28,0,0,0
2024-03-29,SKU_003,ecomm,0,0,29,0,0,0
2024-03-30,SKU_003,ecomm,0,0,12,0,1,0
2024-03-31,SKU_003,ecomm,0,0,12,0,0,0
2024-04-01,SKU_003,ecomm,0,0,31,0,0,0
2024-04-02,SKU_003,ecomm,0,0,28,0,0,0
2024-04-03,SKU_003,ecomm,0,0,38,0,0,0
2024-04-04,SKU_003,ecomm,0,0,19,0,0,0
2024-04-05,SKU_003,ecomm,0,0,20,0,0,0
2024-04-06,SKU_003,ecomm,0,0,36,0,0,0
2024-04-07,SKU_003,ecomm,145,0,28,145,0,0
2024-04-08,SKU_003,ecomm,135,10,0,0,1,0
2024-04-09,SKU_003,ecomm,109,26,0,0,0,0
2024-04-10,SKU_003,ecomm,69,40,0,0,0,0
2024-04-11,SKU_003,ecomm,48,21,0,0,0,0
2024-04-12,SKU_003,ecomm,34,14,0,0,0,0
2024-04-13,SKU_003,ecomm,2,32,0,0,1,0
2024-04-14,SKU_003,ecomm,0,2,31,0,0,0
2024-04-15,SKU_003,ecomm,0,0,30,0,0,0
2024-04-16,SKU_003,ecomm,0,0,15,0,0,0
2024-04-17,SKU_003,ecomm,0,0,43,0,0,0
2024-04-18,SKU_003,ecomm,0,0,22,0,0,0
2024-04-19,SKU_003,ecomm,0,0,28,0,0,0
2024-04-20,SKU_003,ecomm,0,0,19,0,1,0
2024-04-21,SKU_003,ecomm,0,0,47,0,0,0
2024-04-22,SKU_003,ecomm,0,0,17,0,0,0
2024-04-23,SKU_003,ecomm,0,0,22,0,0,0
2024-04-24,SKU_003,ecomm,0,0,19,0,0,0
2024-04-25,SKU_003,ecomm,0,0,18,0,0,0
2024-04-26,SKU_003,ecomm,0,0,12,0,0,0
2024-04-27,SKU_003,ecomm,0,0,11,0,0,0
2024-04-28,SKU_003,ecomm,0,0,10,0,0,0
2024-04-29,SKU_003,ecomm,0,0,31,0,0,0
2024-04-30,SKU_003,ecomm,0,0,21,0,0,0
2024-05-01,SKU_003,ecomm,0,0,13,0,0,0
2024-05-02,SKU_003,ecomm,0,0,37,0,1,0
2024-05-03,SKU_003,ecomm,0,0,31,0,0,0
2024-05-04,SKU_003,ecomm,0,0,17,0,0,0
2024-05-05,SKU_003,ecomm,0,0,39,0,0,0
2024-05-06,SKU_003,ecomm,0,0,18,0,0,0
2024-05-07,SKU_003,ecomm,0,0,25,0,0,0
2024-05-08,SKU_003,ecomm,0,0,16,0,1,0
2024-05-09,SKU_003,ecomm,0,0,20,0,0,0
2024-05-10,SKU_003,ecomm,0,0,6,0,0,0
2024-05-11,SKU_003,ecomm,0,0,15,0,0,0
2024-05-12,SKU_003,ecomm,0,0,17,0,0,0
2024-05-13,SKU_003,ecomm,0,0,16,0,0,0
2024-05-14,SKU_003,ecomm,0,0,39,0,0,0
2024-05-15,SKU_003,ecomm,0,0,39,0,0,0
2024-05-16,SKU_003,ecomm,0,0,36,0,0,0
2024-05-17,SKU_003,ecomm,0,0,19,0,0,0
2024-05-18,SKU_003,ecomm,0,0,31,0,0,0
2024-05-19,SKU_003,ecomm,0,0,30,0,0,0
2024-05-20,SKU_003,ecomm,0,0,35,0,0,0
2024-05-21,SKU_003,ecomm,0,0,17,0,0,0
2024-05-22,SKU_003,ecomm,0,0,25,0,1,0
2024-05-23,SKU_003,ecomm,0,0,20,0,0,0
2024-05-24,SKU_003,ecomm,0,0,38,0,0,0
2024-05-25,SKU_003,ecomm,0,0,25,0,0,0
2024-05-26,SKU_003,ecomm,0,0,23,0,0,0
2024-05-27,SKU_003,ecomm,0,0,16,0,1,0
2024-05-28,SKU_003,ecomm,0,0,23,0,0,0
2024-05-29,SKU_003,ecomm,0,0,40,0,0,0
2024-05-30,SKU_003,ecomm,0,0,40,0,0,0
2024-05-31,SKU_003,ecomm,0,0,26,0,0,0
2024-06-01,SKU_003,ecomm,0,0,35,0,0,0
2024-06-02,SKU_003,ecomm,0,0,24,0,1,0
2024-06-03,SKU_003,ecomm,0,0,23,0,0,0
2024-06-04,SKU_003,ecomm,0,0,35,0,0,0
2024-06-05,SKU_003,ecomm,0,0,36,0,1,0
2024-06-06,SKU_003,ecomm,0,0,23,0,1,0
2024-06-07,SKU_003,ecomm,0,0,27,0,0,0
2024-06-08,SKU_003,ecomm,0,0,27,0,0,0
2024-06-09,SKU_003,ecomm,0,0,25,0,0,0
2024-06-10,SKU_003,ecomm,0,0,15,0,0,0
2024-06-11,SKU_003,ecomm,0,0,21,0,0,0
2024-06-12,SKU_003,ecomm,0,0,13,0,0,0
2024-06-13,SKU_003,ecomm,0,0,18,0,1,0
2024-06-14,SKU_003,ecomm,0,0,29,0,0,0
2024-06-15,SKU_003,ecomm,0,0,24,0,0,0
2024-06-16,SKU_003,ecomm,0,0,28,0,0,0
2024-06-17,SKU_003,ecomm,0,0,30,0,0,0
2024-06-18,SKU_003,ecomm,0,0,35,0,0,0
2024-06-19,SKU_003,ecomm,0,0,36,0,0,0
2024-06-20,SKU_003,ecomm,0,0,20,0,0,0
2024-06-21,SKU_003,ecomm,0,0,10,0,0,0
2024-06-22,SKU_003,ecomm,0,0,31,0,0,0
2024-06-23,SKU_003,ecomm,0,0,22,0,0,0
2024-06-24,SKU_003,ecomm,0,0,16,0,0,0
2024-06-25,SKU_003,ecomm,0,0,40,0,0,0
2024-06-26,SKU_003,ecomm,0,0,33,0,0,0
2024-06-27,SKU_003,ecomm,0,0,15,0,0,0
2024-06-28,SKU_003,ecomm,0,0,17,0,0,0
2024-06-29,SKU_003,ecomm,0,0,24,0,0,0
2024-06-30,SKU_003,ecomm,0,0,21,0,0,0
2024-07-01,SKU_003,ecomm,0,0,18,0,0,0
2024-07-02,SKU_003,ecomm,0,0,34,0,0,0
2024-07-03,SKU_003,ecomm,0,0,20,0,0,0
2024-07-04,SKU_003,ecomm,0,0,28,0,0,1
2024-07-05,SKU_003,ecomm,0,0,20,0,1,0
2024-07-06,SKU_003,ecomm,0,0,37,0,0,0
2024-07-07,SKU_003,ecomm,0,0,41,0,0,0
2024-07-08,SKU_003,ecomm,0,0,12,0,0,0
2024-07-09,SKU_003,ecomm,0,0,23,0,0,0
2024-07-10,SKU_003,ecomm,0,0,20,0,0,0
2024-07-11,SKU_003,ecomm,0,0,24,0,0,0
2024-07-12,SKU_003,ecomm,0,0,24,0,1,0
2024-07-13,SKU_003,ecomm,0,0,41,0,0,0
2024-07-14,SKU_003,ecomm,129,0,14,129,0,0
2024-07-15,SKU_003,ecomm,93,36,0,0,0,0
2024-07-16,SKU_003,ecomm,54,39,0,0,0,0
2024-07-17,SKU_003,ecomm,10,44,0,0,0,0
2024-07-18,SKU_003,ecomm,0,10,0,0,0,0
2024-07-19,SKU_003,ecomm,0,0,15,0,0,0
2024-07-20,SKU_003,ecomm,0,0,17,0,0,0
2024-07-21,SKU_003,ecomm,0,0,18,0,0,0
2024-07-22,SKU_003,ecomm,0,0,33,0,0,0
2024-07-23,SKU_003,ecomm,0,0,21,0,0,0
2024-07-24,SKU_003,ecomm,0,0,36,0,0,0
2024-07-25,SKU_003,ecomm,211,0,16,211,0,0
2024-07-26,SKU_003,ecomm,175,36,0,0,0,0
2024-07-27,SKU_003,ecomm,147,28,0,0,0,0
2024-07-28,SKU_003,ecomm,125,22,0,0,0,0
2024-07-29,SKU_003,ecomm,83,42,0,0,0,0
2024-07-30,SKU_003,ecomm,52,31,0,0,0,0
2024-07-31,SKU_003,ecomm,27,25,0,0,0,0
2024-08-01,SKU_003,ecomm,0,27,7,0,0,0
2024-08-02,SKU_003,ecomm,0,0,31,0,0,0
2024-08-03,SKU_003,ecomm,0,0,20,0,0,0
2024-08-04,SKU_003,ecomm,0,0,42,0,0,0
2024-08-05,SKU_003,ecomm,0,0,26,0,0,0
2024-08-06,SKU_003,ecomm,0,0,24,0,0,0
2024-08-07,SKU_003,ecomm,0,0,29,0,0,0
2024-08-08,SKU_003,ecomm,0,0,32,0,0,0
2024-08-09,SKU_003,ecomm,0,0,39,0,0,0
2024-08-10,SKU_003,ecomm,0,0,29,0,0,0
2024-08-11,SKU_003,ecomm,0,0,36,0,0,0
2024-08-12,SKU_003,ecomm,107,0,30,107,0,0
2024-08-13,SKU_003,ecomm,77,30,0,0,0,0
2024-08-14,SKU_003,ecomm,43,34,0,0,0,0
2024-08-15,SKU_003,ecomm,17,26,0,0,0,0
2024-08-16,SKU_003,ecomm,0,17,3,0,0,0
2024-08-17,SKU_003,ecomm,0,0,35,0,0,0
2024-08-18,SKU_003,ecomm,0,0,27,0,0,0
2024-08-19,SKU_003,ecomm,0,0,15,0,0,0
2024-08-20,SKU_003,ecomm,0,0,37,0,0,0
2024-08-21,SKU_003,ecomm,0,0,27,0,0,0
2024-08-22,SKU_003,ecomm,0,0,23,0,0,0
2024-08-23,SKU_003,ecomm,0,0,36,0,0,0
2024-08-24,SKU_003,ecomm,0,0,21,0,1,0
2024-08-25,SKU_003,ecomm,0,0,34,0,0,0
2024-08-26,SKU_003,ecomm,169,0,19,169,0,0
2024-08-27,SKU_003,ecomm,144,25,0,0,0,0
2024-08-28,SKU_003,ecomm,110,34,0,0,0,0
2024-08-29,SKU_003,ecomm,84,26,0,0,0,0
2024-08-30,SKU_003,ecomm,48,36,0,0,0,0
2024-08-31,SKU_003,ecomm,27,21,0,0,0,0
2024-09-01,SKU_003,ecomm,3,24,0,0,0,0
2024-09-02,SKU_003,ecomm,0,3,22,0,1,0
2024-09-03,SKU_003,ecomm,0,0,25,0,0,0
2024-09-04,SKU_003,ecomm,0,0,24,0,0,0
2024-09-05,SKU_003,ecomm,0,0,27,0,0,0
2024-09-06,SKU_003,ecomm,0,0,36,0,0,0
2024-09-07,SKU_003,ecomm,241,0,25,241,0,0
2024-09-08,SKU_003,ecomm,224,17,0,0,0,0
2024-09-09,SKU_003,ecomm,207,17,0,0,0,0
2024-09-10,SKU_003,ecomm,181,26,0,0,0,0
2024-09-11,SKU_003,ecomm,310,56,0,185,0,0
2024-09-12,SKU_003,ecomm,271,39,0,0,0,0
2024-09-13,SKU_003,ecomm,241,30,0,0,1,0
2024-09-14,SKU_003,ecomm,218,23,0,0,0,0
2024-09-15,SKU_003,ecomm,185,33,0,0,0,0
2024-09-16,SKU_003,ecomm,169,16,0,0,0,0
2024-09-17,SKU_003,ecomm,128,41,0,0,0,0
2024-09-18,SKU_003,ecomm,84,44,0,0,0,0
2024-09-19,SKU_003,ecomm,68,16,0,0,0,0
2024-09-20,SKU_003,ecomm,46,22,0,0,0,0
2024-09-21,SKU_003,ecomm,17,29,0,0,0,0
2024-09-22,SKU_003,ecomm,0,17,16,0,0,0
2024-09-23,SKU_003,ecomm,0,0,30,0,0,0
2024-09-24,SKU_003,ecomm,292,0,29,292,0,0
2024-09-25,SKU_003,ecomm,275,17,0,0,0,0
2024-09-26,SKU_003,ecomm,245,30,0,0,0,0
2024-09-27,SKU_003,ecomm,209,36,0,0,0,0
2024-09-28,SKU_003,ecomm,184,25,0,0,0,0
2024-09-29,SKU_003,ecomm,144,40,0,0,0,0
2024-09-30,SKU_003,ecomm,135,9,0,0,0,0
2024-10-01,SKU_003,ecomm,115,20,0,0,0,0
2024-10-02,SKU_003,ecomm,83,32,0,0,0,0
2024-10-03,SKU_003,ecomm,38,45,0,0,0,0
2024-10-04,SKU_003,ecomm,27,11,0,0,0,0
2024-10-05,SKU_003,ecomm,143,27,12,143,0,0
2024-10-06,SKU_003,ecomm,109,34,0,0,0,0
2024-10-07,SKU_003,ecomm,67,42,0,0,0,0
2024-10-08,SKU_003,ecomm,48,19,0,0,0,0
2024-10-09,SKU_003,ecomm,26,22,0,0,0,0
2024-10-10,SKU_003,ecomm,0,26,8,0,0,0
2024-10-11,SKU_003,ecomm,0,0,37,0,0,0
2024-10-12,SKU_003,ecomm,0,0,38,0,1,0
2024-10-13,SKU_003,ecomm,0,0,16,0,0,0
2024-10-14,SKU_003,ecomm,0,0,27,0,0,0
2024-10-15,SKU_003,ecomm,0,0,36,0,0,0
2024-10-16,SKU_003,ecomm,0,0,19,0,0,0
2024-10-17,SKU_003,ecomm,0,0,43,0,0,0
2024-10-18,SKU_003,ecomm,0,0,20,0,0,0
2024-10-19,SKU_003,ecomm,0,0,19,0,1,0
2024-10-20,SKU_003,ecomm,0,0,27,0,0,0
2024-10-21,SKU_003,ecomm,0,0,18,0,0,0
2024-10-22,SKU_003,ecomm,0,0,27,0,0,0
2024-10-23,SKU_003,ecomm,0,0,30,0,0,0
2024-10-24,SKU_003,ecomm,0,0,17,0,0,0
2024-10-25,SKU_003,ecomm,0,0,40,0,0,0
2024-10-26,SKU_003,ecomm,0,0,26,0,0,0
2024-10-27,SKU_003,ecomm,0,0,36,0,0,0
2024-10-28,SKU_003,ecomm,0,0,26,0,0,0
2024-10-29,SKU_003,ecomm,0,0,28,0,1,0
2024-10-30,SKU_003,ecomm,0,0,35,0,0,0
2024-10-31,SKU_003,ecomm,0,0,25,0,0,0
2024-11-01,SKU_003,ecomm,0,0,18,0,0,0
2024-11-02,SKU_003,ecomm,0,0,15,0,0,0
2024-11-03,SKU_003,ecomm,0,0,39,0,0,0
2024-11-04,SKU_003,ecomm,0,0,29,0,0,0
2024-11-05,SKU_003,ecomm,0,0,16,0,0,0
2024-11-06,SKU_003,ecomm,0,0,55,0,0,0
2024-11-07,SKU_003,ecomm,0,0,21,0,0,0
2024-11-08,SKU_003,ecomm,0,0,27,0,0,0
2024-11-09,SKU_003,ecomm,0,0,18,0,0,0
2024-11-10,SKU_003,ecomm,0,0,10,0,0,0
2024-11-11,SKU_003,ecomm,259,0,27,259,0,0
2024-11-12,SKU_003,ecomm,231,28,0,0,0,0
2024-11-13,SKU_003,ecomm,209,22,0,0,0,0
2024-11-14,SKU_003,ecomm,187,22,0,0,0,0
2024-11-15,SKU_003,ecomm,166,21,0,0,0,0
2024-11-16,SKU_003,ecomm,126,40,0,0,0,0
2024-11-17,SKU_003,ecomm,105,21,0,0,0,0
2024-11-18,SKU_003,ecomm,78,27,0,0,0,0
2024-11-19,SKU_003,ecomm,55,23,0,0,1,0
2024-11-20,SKU_003,ecomm,13,42,0,0,0,0
2024-11-21,SKU_003,ecomm,0,13,22,0,0,0
2024-11-22,SKU_003,ecomm,0,0,33,0,0,0
2024-11-23,SKU_003,ecomm,0,0,13,0,0,0
2024-11-24,SKU_003,ecomm,0,0,21,0,0,0
2024-11-25,SKU_003,ecomm,0,0,17,0,0,0
2024-11-26,SKU_003,ecomm,0,0,27,0,0,0
2024-11-27,SKU_003,ecomm,0,0,19,0,0,0
2024-11-28,SKU_003,ecomm,0,0,17,0,1,1
2024-11-29,SKU_003,ecomm,0,0,35,0,1,0
2024-11-30,SKU_003,ecomm,0,0,16,0,0,0
2024-12-01,SKU_003,ecomm,0,0,32,0,0,0
2024-12-02,SKU_003,ecomm,0,0,18,0,0,0
2024-12-03,SKU_003,ecomm,0,0,30,0,0,0
2024-12-04,SKU_003,ecomm,0,0,31,0,0,0
2024-12-05,SKU_003,ecomm,0,0,36,0,0,0
2024-12-06,SKU_003,ecomm,0,0,12,0,0,0
2024-12-07,SKU_003,ecomm,0,0,25,0,0,0
2024-12-08,SKU_003,ecomm,0,0,36,0,0,0
2024-12-09,SKU_003,ecomm,0,0,32,0,0,0
2024-12-10,SKU_003,ecomm,0,0,19,0,0,0
2024-12-11,SKU_003,ecomm,0,0,25,0,1,0
2024-12-12,SKU_003,ecomm,0,0,21,0,0,0
2024-12-13,SKU_003,ecomm,0,0,31,0,0,0
2024-12-14,SKU_003,ecomm,0,0,33,0,0,0
2024-12-15,SKU_003,ecomm,0,0,33,0,0,0
2024-12-16,SKU_003,ecomm,0,0,28,0,0,0
2024-12-17,SKU_003,ecomm,0,0,22,0,0,0
2024-12-18,SKU_003,ecomm,0,0,16,0,0,0
2024-12-19,SKU_003,ecomm,0,0,29,0,0,0
2024-12-20,SKU_003,ecomm,0,0,29,0,0,0
2024-12-21,SKU_003,ecomm,0,0,40,0,0,0
2024-12-22,SKU_003,ecomm,0,0,32,0,0,0
2024-12-23,SKU_003,ecomm,0,0,17,0,0,0
2024-12-24,SKU_003,ecomm,0,0,21,0,0,0
2024-12-25,SKU_003,ecomm,0,0,35,0,0,1
2024-12-26,SKU_003,ecomm,0,0,17,0,1,0
2024-12-27,SKU_003,ecomm,0,0,44,0,1,0
2024-12-28,SKU_003,ecomm,0,0,24,0,0,0
2024-12-29,SKU_003,ecomm,0,0,15,0,0,0
2024-12-30,SKU_003,ecomm,0,0,33,0,0,0
2024-12-31,SKU_003,ecomm,0,0,23,0,0,0
2023-01-01,SKU_003,amazon,477,23,0,0,0,1
2023-01-02,SKU_003,amazon,437,40,0,0,0,0
2023-01-03,SKU_003,amazon,409,28,0,0,0,0
2023-01-04,SKU_003,amazon,385,24,0,0,0,0
2023-01-05,SKU_003,amazon,373,12,0,0,0,0
2023-01-06,SKU_003,amazon,347,26,0,0,0,0
2023-01-07,SKU_003,amazon,319,28,0,0,0,0
2023-01-08,SKU_003,amazon,296,23,0,0,0,0
2023-01-09,SKU_003,amazon,284,12,0,0,0,0
2023-01-10,SKU_003,amazon,263,21,0,0,1,0
2023-01-11,SKU_003,amazon,246,17,0,0,1,0
2023-01-12,SKU_003,amazon,214,32,0,0,0,0
2023-01-13,SKU_003,amazon,197,17,0,0,0,0
2023-01-14,SKU_003,amazon,157,40,0,0,0,0
2023-01-15,SKU_003,amazon,125,32,0,0,1,0
2023-01-16,SKU_003,amazon,108,17,0,0,0,0
2023-01-17,SKU_003,amazon,93,15,0,0,0,0
2023-01-18,SKU_003,amazon,52,41,0,0,0,0
2023-01-19,SKU_003,amazon,22,30,0,0,0,0
2023-01-20,SKU_003,amazon,0,22,9,0,0,0
2023-01-21,SKU_003,amazon,0,0,29,0,0,0
2023-01-22,SKU_003,amazon,0,0,24,0,0,0
2023-01-23,SKU_003,amazon,0,0,18,0,0,0
2023-01-24,SKU_003,amazon,0,0,37,0,0,0
2023-01-25,SKU_003,amazon,0,0,21,0,0,0
2023-01-26,SKU_003,amazon,0,0,30,0,0,0
2023-01-27,SKU_003,amazon,0,0,18,0,0,0
2023-01-28,SKU_003,amazon,0,0,42,0,0,0
2023-01-29,SKU_003,amazon,0,0,48,0,0,0
2023-01-30,SKU_003,amazon,0,0,25,0,0,0
2023-01-31,SKU_003,amazon,0,0,34,0,0,0
2023-02-01,SKU_003,amazon,0,0,24,0,0,0
2023-02-02,SKU_003,amazon,266,0,38,266,0,0
2023-02-03,SKU_003,amazon,221,45,0,0,0,0
2023-02-04,SKU_003,amazon,184,37,0,0,0,0
2023-02-05,SKU_003,amazon,150,34,0,0,0,0
2023-02-06,SKU_003,amazon,114,36,0,0,0,0
2023-02-07,SKU_003,amazon,86,28,0,0,0,0
2023-02-08,SKU_003,amazon,63,23,0,0,0,0
2023-02-09,SKU_003,amazon,46,17,0,0,0,0
2023-02-10,SKU_003,amazon,8,38,0,0,0,0
2023-02-11,SKU_003,amazon,0,8,7,0,0,0
2023-02-12,SKU_003,amazon,0,0,26,0,0,0
2023-02-13,SKU_003,amazon,0,0,26,0,0,0
2023-02-14,SKU_003,amazon,0,0,32,0,0,0
2023-02-15,SKU_003,amazon,0,0,26,0,0,0
2023-02-16,SKU_003,amazon,0,0,37,0,0,0
2023-02-17,SKU_003,amazon,0,0,33,0,0,0
2023-02-18,SKU_003,amazon,0,0,17,0,0,0
2023-02-19,SKU_003,amazon,0,0,16,0,0,0
2023-02-20,SKU_003,amazon,0,0,34,0,0,0
2023-02-21,SKU_003,amazon,0,0,31,0,0,0
2023-02-22,SKU_003,amazon,0,0,26,0,0,0
2023-02-23,SKU_003,amazon,0,0,31,0,0,0
2023-02-24,SKU_003,amazon,0,0,29,0,0,0
2023-02-25,SKU_003,amazon,106,0,42,106,0,0
2023-02-26,SKU_003,amazon,80,26,0,0,1,0
2023-02-27,SKU_003,amazon,58,22,0,0,0,0
2023-02-28,SKU_003,amazon,28,30,0,0,0,0
2023-03-01,SKU_003,amazon,11,17,0,0,0,0
2023-03-02,SKU_003,amazon,0,11,10,0,0,0
2023-03-03,SKU_003,amazon,0,0,28,0,0,0
2023-03-04,SKU_003,amazon,0,0,35,0,0,0
2023-03-05,SKU_003,amazon,0,0,31,0,0,0
2023-03-06,SKU_003,amazon,0,0,16,0,0,0
2023-03-07,SKU_003,amazon,0,0,18,0,0,0
2023-03-08,SKU_003,amazon,0,0,20,0,0,0
2023-03-09,SKU_003,amazon,0,0,34,0,1,0
2023-03-10,SKU_003,amazon,0,0,19,0,0,0
2023-03-11,SKU_003,amazon,0,0,19,0,0,0
2023-03-12,SKU_003,amazon,0,0,32,0,0,0
2023-03-13,SKU_003,amazon,286,0,39,286,0,0
2023-03-14,SKU_003,amazon,267,19,0,0,0,0
2023-03-15,SKU_003,amazon,235,32,0,0,0,0
2023-03-16,SKU_003,amazon,204,31,0,0,0,0
2023-03-17,SKU_003,amazon,177,27,0,0,0,0
2023-03-18,SKU_003,amazon,142,35,0,0,0,0
2023-03-19,SKU_003,amazon,100,42,0,0,0,0
2023-03-20,SKU_003,amazon,78,22,0,0,0,0
2023-03-21,SKU_003,amazon,45,33,0,0,0,0
2023-03-22,SKU_003,amazon,27,18,0,0,0,0
2023-03-23,SKU_003,amazon,0,27,5,0,0,0
2023-03-24,SKU_003,amazon,288,0,18,288,1,0
2023-03-25,SKU_003,amazon,267,21,0,0,0,0
2023-03-26,SKU_003,amazon,256,11,0,0,0,0
2023-03-27,SKU_003,amazon,232,24,0,0,0,0
2023-03-28,SKU_003,amazon,202,30,0,0,0,0
2023-03-29,SKU_003,amazon,154,48,0,0,0,0
2023-03-30,SKU_003,amazon,124,30,0,0,0,0
2023-03-31,SKU_003,amazon,104,20,0,0,0,0
2023-04-01,SKU_003,amazon,70,34,0,0,0,0
2023-04-02,SKU_003,amazon,308,27,0,265,0,0
2023-04-03,SKU_003,amazon,284,24,0,0,0,0
2023-04-04,SKU_003,amazon,269,15,0,0,0,0
2023-04-05,SKU_003,amazon,242,27,0,0,1,0
2023-04-06,SKU_003,amazon,198,44,0,0,0,0
2023-04-07,SKU_003,amazon,166,32,0,0,0,0
2023-04-08,SKU_003,amazon,137,29,0,0,0,0
2023-04-09,SKU_003,amazon,129,8,0,0,0,0
2023-04-10,SKU_003,amazon,113,16,0,0,1,0
2023-04-11,SKU_003,amazon,82,31,0,0,0,0
2023-04-12,SKU_003,amazon,58,24,0,0,0,0
2023-04-13,SKU_003,amazon,34,24,0,0,0,0
2023-04-14,SKU_003,amazon,2,32,0,0,0,0
2023-04-15,SKU_003,amazon,0,2,13,0,0,0
2023-04-16,SKU_003,amazon,0,0,33,0,0,0
2023-04-17,SKU_003,amazon,0,0,26,0,1,0
2023-04-18,SKU_003,amazon,0,0,34,0,0,0
2023-04-19,SKU_003,amazon,0,0,40,0,0,0
2023-04-20,SKU_003,amazon,0,0,35,0,0,0
2023-04-21,SKU_003,amazon,0,0,19,0,0,0
2023-04-22,SKU_003,amazon,0,0,22,0,0,0
2023-04-23,SKU_003,amazon,0,0,26,0,0,0
2023-04-24,SKU_003,amazon,0,0,14,0,0,0
2023-04-25,SKU_003,amazon,0,0,25,0,0,0
2023-04-26,SKU_003,amazon,0,0,36,0,0,0
2023-04-27,SKU_003,amazon,0,0,35,0,0,0
2023-04-28,SKU_003,amazon,0,0,26,0,0,0
2023-04-29,SKU_003,amazon,0,0,27,0,0,0
2023-04-30,SKU_003,amazon,0,0,26,0,1,0
2023-05-01,SKU_003,amazon,0,0,36,0,0,0
2023-05-02,SKU_003,amazon,0,0,17,0,0,0
2023-05-03,SKU_003,amazon,0,0,12,0,0,0
2023-05-04,SKU_003,amazon,0,0,33,0,0,0
2023-05-05,SKU_003,amazon,0,0,8,0,0,0
2023-05-06,SKU_003,amazon,0,0,48,0,0,0
2023-05-07,SKU_003,amazon,0,0,23,0,0,0
2023-05-08,SKU_003,amazon,0,0,19,0,0,0
2023-05-09,SKU_003,amazon,0,0,22,0,1,0
2023-05-10,SKU_003,amazon,0,0,35,0,0,0
2023-05-11,SKU_003,amazon,0,0,32,0,0,0
2023-05-12,SKU_003,amazon,0,0,33,0,0,0
2023-05-13,SKU_003,amazon,0,0,24,0,0,0
2023-05-14,SKU_003,amazon,0,0,30,0,1,0
2023-05-15,SKU_003,amazon,0,0,17,0,0,0
2023-05-16,SKU_003,amazon,0,0,13,0,1,0
2023-05-17,SKU_003,amazon,0,0,21,0,0,0
2023-05-18,SKU_003,amazon,0,0,30,0,1,0
2023-05-19,SKU_003,amazon,0,0,42,0,0,0
2023-05-20,SKU_003,amazon,0,0,23,0,0,0
2023-05-21,SKU_003,amazon,0,0,35,0,0,0
2023-05-22,SKU_003,amazon,0,0,34,0,0,0
2023-05-23,SKU_003,amazon,0,0,16,0,1,0
2023-05-24,SKU_003,amazon,0,0,39,0,0,0
2023-05-25,SKU_003,amazon,0,0,28,0,0,0
2023-05-26,SKU_003,amazon,0,0,19,0,0,0
2023-05-27,SKU_003,amazon,0,0,27,0,1,0
2023-05-28,SKU_003,amazon,0,0,19,0,0,0
2023-05-29,SKU_003,amazon,0,0,35,0,0,0
2023-05-30,SKU_003,amazon,0,0,19,0,0,0
2023-05-31,SKU_003,amazon,0,0,17,0,0,0
2023-06-01,SKU_003,amazon,0,0,43,0,0,0
2023-06-02,SKU_003,amazon,0,0,23,0,0,0
2023-06-03,SKU_003,amazon,0,0,10,0,0,0
2023-06-04,SKU_003,amazon,0,0,26,0,0,0
2023-06-05,SKU_003,amazon,0,0,28,0,0,0
2023-06-06,SKU_003,amazon,0,0,19,0,0,0
2023-06-07,SKU_003,amazon,0,0,15,0,0,0
2023-06-08,SKU_003,amazon,0,0,30,0,0,0
2023-06-09,SKU_003,amazon,0,0,26,0,1,0
2023-06-10,SKU_003,amazon,0,0,21,0,0,0
2023-06-11,SKU_003,amazon,0,0,27,0,0,0
2023-06-12,SKU_003,amazon,0,0,38,0,0,0
2023-06-13,SKU_003,amazon,0,0,48,0,0,0
2023-06-14,SKU_003,amazon,153,0,23,153,0,0
2023-06-15,SKU_003,amazon,117,36,0,0,0,0
2023-06-16,SKU_003,amazon,106,11,0,0,0,0
2023-06-17,SKU_003,amazon,82,24,0,0,0,0
2023-06-18,SKU_003,amazon,47,35,0,0,0,0
2023-06-19,SKU_003,amazon,28,19,0,0,0,0
2023-06-20,SKU_003,amazon,6,22,0,0,0,0
2023-06-21,SKU_003,amazon,0,6,11,0,1,0
2023-06-22,SKU_003,amazon,0,0,23,0,0,0
2023-06-23,SKU_003,amazon,0,0,36,0,0,0
2023-06-24,SKU_003,amazon,0,0,22,0,0,0
2023-06-25,SKU_003,amazon,0,0,12,0,1,0
2023-06-26,SKU_003,amazon,0,0,34,0,1,0
2023-06-27,SKU_003,amazon,0,0,38,0,0,0
2023-06-28,SKU_003,amazon,0,0,23,0,0,0
2023-06-29,SKU_003,amazon,0,0,20,0,0,0
2023-06-30,SKU_003,amazon,104,0,28,104,0,0
2023-07-01,SKU_003,amazon,65,39,0,0,0,0
2023-07-02,SKU_003,amazon,40,25,0,0,0,0
2023-07-03,SKU_003,amazon,11,29,0,0,0,0
2023-07-04,SKU_003,amazon,0,11,27,0,0,1
2023-07-05,SKU_003,amazon,0,0,25,0,0,0
2023-07-06,SKU_003,amazon,0,0,22,0,0,0
2023-07-07,SKU_003,amazon,0,0,17,0,0,0
2023-07-08,SKU_003,amazon,0,0,27,0,0,0
2023-07-09,SKU_003,amazon,0,0,43,0,0,0
2023-07-10,SKU_003,amazon,0,0,29,0,0,0
2023-07-11,SKU_003,amazon,0,0,25,0,0,0
2023-07-12,SKU_003,amazon,126,0,31,126,0,0
2023-07-13,SKU_003,amazon,87,39,0,0,0,0
2023-07-14,SKU_003,amazon,59,28,0,0,0,0
2023-07-15,SKU_003,amazon,41,18,0,0,0,0
2023-07-16,SKU_003,amazon,25,16,0,0,0,0
2023-07-17,SKU_003,amazon,5,20,0,0,0,0
2023-07-18,SKU_003,amazon,0,5,35,0,0,0
2023-07-19,SKU_003,amazon,0,0,39,0,0,0
2023-07-20,SKU_003,amazon,0,0,38,0,0,0
2023-07-21,SKU_003,amazon,123,0,37,123,0,0
2023-07-22,SKU_003,amazon,81,42,0,0,0,0
2023-07-23,SKU_003,amazon,65,16,0,0,0,0
2023-07-24,SKU_003,amazon,25,40,0,0,0,0
2023-07-25,SKU_003,amazon,108,25,15,108,0,0
2023-07-26,SKU_003,amazon,68,40,0,0,0,0
2023-07-27,SKU_003,amazon,30,38,0,0,0,0
2023-07-28,SKU_003,amazon,0,30,12,0,0,0
2023-07-29,SKU_003,amazon,0,0,26,0,0,0
2023-07-30,SKU_003,amazon,0,0,38,0,0,0
2023-07-31,SKU_003,amazon,0,0,23,0,0,0
2023-08-01,SKU_003,amazon,0,0,14,0,0,0
2023-08-02,SKU_003,amazon,0,0,35,0,0,0
2023-08-03,SKU_003,amazon,0,0,23,0,0,0
2023-08-04,SKU_003,amazon,0,0,19,0,0,0
2023-08-05,SKU_003,amazon,0,0,31,0,0,0
2023-08-06,SKU_003,amazon,0,0,23,0,0,0
2023-08-07,SKU_003,amazon,0,0,25,0,0,0
2023-08-08,SKU_003,amazon,0,0,36,0,0,0
2023-08-09,SKU_003,amazon,0,0,39,0,0,0
2023-08-10,SKU_003,amazon,0,0,44,0,0,0
2023-08-11,SKU_003,amazon,0,0,35,0,0,0
2023-08-12,SKU_003,amazon,0,0,12,0,0,0
2023-08-13,SKU_003,amazon,0,0,32,0,0,0
2023-08-14,SKU_003,amazon,202,0,16,202,0,0
2023-08-15,SKU_003,amazon,168,34,0,0,0,0
2023-08-16,SKU_003,amazon,126,42,0,0,1,0
2023-08-17,SKU_003,amazon,93,33,0,0,0,0
2023-08-18,SKU_003,amazon,54,39,0,0,0,0
2023-08-19,SKU_003,amazon,23,31,0,0,0,0
2023-08-20,SKU_003,amazon,4,19,0,0,0,0
2023-08-21,SKU_003,amazon,0,4,16,0,0,0
2023-08-22,SKU_003,amazon,0,0,29,0,0,0
2023-08-23,SKU_003,amazon,0,0,36,0,0,0
2023-08-24,SKU_003,amazon,0,0,30,0,0,0
2023-08-25,SKU_003,amazon,0,0,12,0,0,0
2023-08-26,SKU_003,amazon,0,0,18,0,0,0
2023-08-27,SKU_003,amazon,0,0,17,0,0,0
2023-08-28,SKU_003,amazon,0,0,38,0,0,0
2023-08-29,SKU_003,amazon,0,0,25,0,0,0
2023-08-30,SKU_003,amazon,0,0,43,0,1,0
2023-08-31,SKU_003,amazon,0,0,28,0,0,0
2023-09-01,SKU_003,amazon,0,0,26,0,0,0
2023-09-02,SKU_003,amazon,0,0,36,0,0,0
2023-09-03,SKU_003,amazon,0,0,17,0,0,0
2023-09-04,SKU_003,amazon,0,0,25,0,0,0
2023-09-05,SKU_003,amazon,0,0,31,0,0,0
2023-09-06,SKU_003,amazon,0,0,42,0,1,0
2023-09-07,SKU_003,amazon,0,0,36,0,0,0
2023-09-08,SKU_003,amazon,0,0,24,0,0,0
2023-09-09,SKU_003,amazon,0,0,30,0,0,0
2023-09-10,SKU_003,amazon,0,0,30,0,0,0
2023-09-11,SKU_003,amazon,0,0,13,0,0,0
2023-09-12,SKU_003,amazon,0,0,11,0,0,0
2023-09-13,SKU_003,amazon,0,0,29,0,0,0
2023-09-14,SKU_003,amazon,0,0,19,0,0,0
2023-09-15,SKU_003,amazon,0,0,21,0,0,0
2023-09-16,SKU_003,amazon,0,0,22,0,0,0
2023-09-17,SKU_003,amazon,0,0,22,0,1,0
2023-09-18,SKU_003,amazon,0,0,37,0,0,0
2023-09-19,SKU_003,amazon,0,0,25,0,0,0
2023-09-20,SKU_003,amazon,0,0,19,0,0,0
2023-09-21,SKU_003,amazon,0,0,41,0,0,0
2023-09-22,SKU_003,amazon,0,0,16,0,0,0
2023-09-23,SKU_003,amazon,0,0,26,0,0,0
2023-09-24,SKU_003,amazon,0,0,36,0,0,0
2023-09-25,SKU_003,amazon,0,0,38,0,0,0
2023-09-26,SKU_003,amazon,0,0,13,0,0,0
2023-09-27,SKU_003,amazon,136,0,43,136,0,0
2023-09-28,SKU_003,amazon,109,27,0,0,0,0
2023-09-29,SKU_003,amazon,83,26,0,0,0,0
2023-09-30,SKU_003,amazon,249,22,0,188,1,0
2023-10-01,SKU_003,amazon,224,25,0,0,0,0
2023-10-02,SKU_003,amazon,204,20,0,0,1,0
2023-10-03,SKU_003,amazon,166,38,0,0,0,0
2023-10-04,SKU_003,amazon,145,21,0,0,0,0
2023-10-05,SKU_003,amazon,108,37,0,0,0,0
2023-10-06,SKU_003,amazon,69,39,0,0,0,0
2023-10-07,SKU_003,amazon,30,39,0,0,0,0
2023-10-08,SKU_003,amazon,0,30,2,0,0,0
2023-10-09,SKU_003,amazon,0,0,26,0,0,0
2023-10-10,SKU_003,amazon,0,0,26,0,0,0
2023-10-11,SKU_003,amazon,0,0,26,0,0,0
2023-10-12,SKU_003,amazon,168,0,17,168,0,0
2023-10-13,SKU_003,amazon,148,20,0,0,1,0
2023-10-14,SKU_003,amazon,124,24,0,0,1,0
2023-10-15,SKU_003,amazon,74,50,0,0,0,0
2023-10-16,SKU_003,amazon,30,44,0,0,0,0
2023-10-17,SKU_003,amazon,0,30,6,0,0,0
2023-10-18,SKU_003,amazon,0,0,32,0,0,0
2023-10-19,SKU_003,amazon,0,0,14,0,0,0
2023-10-20,SKU_003,amazon,0,0,14,0,0,0
2023-10-21,SKU_003,amazon,0,0,21,0,0,0
2023-10-22,SKU_003,amazon,0,0,23,0,0,0
2023-10-23,SKU_003,amazon,0,0,38,0,0,0
2023-10-24,SKU_003,amazon,0,0,32,0,0,0
2023-10-25,SKU_003,amazon,0,0,19,0,0,0
2023-10-26,SKU_003,amazon,0,0,19,0,0,0
2023-10-27,SKU_003,amazon,0,0,25,0,0,0
2023-10-28,SKU_003,amazon,0,0,26,0,0,0
2023-10-29,SKU_003,amazon,0,0,46,0,0,0
2023-10-30,SKU_003,amazon,0,0,26,0,0,0
2023-10-31,SKU_003,amazon,0,0,14,0,0,0
2023-11-01,SKU_003,amazon,0,0,20,0,1,0
2023-11-02,SKU_003,amazon,0,0,14,0,1,0
2023-11-03,SKU_003,amazon,0,0,44,0,0,0
2023-11-04,SKU_003,amazon,0,0,20,0,1,0
2023-11-05,SKU_003,amazon,0,0,44,0,0,0
2023-11-06,SKU_003,amazon,0,0,25,0,0,0
2023-11-07,SKU_003,amazon,0,0,36,0,0,0
2023-11-08,SKU_003,amazon,212,0,27,212,0,0
2023-11-09,SKU_003,amazon,192,20,0,0,0,0
2023-11-10,SKU_003,amazon,162,30,0,0,0,0
2023-11-11,SKU_003,amazon,145,17,0,0,0,0
2023-11-12,SKU_003,amazon,118,27,0,0,0,0
2023-11-13,SKU_003,amazon,82,36,0,0,0,0
2023-11-14,SKU_003,amazon,51,31,0,0,0,0
2023-11-15,SKU_003,amazon,24,27,0,0,0,0
2023-11-16,SKU_003,amazon,0,24,16,0,0,0
2023-11-17,SKU_003,amazon,0,0,30,0,1,0
2023-11-18,SKU_003,amazon,0,0,28,0,0,0
2023-11-19,SKU_003,amazon,0,0,34,0,1,0
2023-11-20,SKU_003,amazon,0,0,41,0,0,0
2023-11-21,SKU_003,amazon,0,0,46,0,1,0
2023-11-22,SKU_003,amazon,0,0,28,0,0,0
2023-11-23,SKU_003,amazon,0,0,39,0,0,1
2023-11-24,SKU_003,amazon,0,0,15,0,0,0
2023-11-25,SKU_003,amazon,0,0,37,0,0,0
2023-11-26,SKU_003,amazon,210,0,31,210,0,0
2023-11-27,SKU_003,amazon,194,16,0,0,0,0
2023-11-28,SKU_003,amazon,167,27,0,0,0,0
2023-11-29,SKU_003,amazon,135,32,0,0,0,0
2023-11-30,SKU_003,amazon,111,24,0,0,0,0
2023-12-01,SKU_003,amazon,83,28,0,0,0,0
2023-12-02,SKU_003,amazon,51,32,0,0,0,0
2023-12-03,SKU_003,amazon,15,36,0,0,1,0
2023-12-04,SKU_003,amazon,0,15,15,0,0,0
2023-12-05,SKU_003,amazon,0,0,29,0,0,0
2023-12-06,SKU_003,amazon,0,0,31,0,0,0
2023-12-07,SKU_003,amazon,0,0,33,0,0,0
2023-12-08,SKU_003,amazon,0,0,34,0,0,0
2023-12-09,SKU_003,amazon,0,0,15,0,0,0
2023-12-10,SKU_003,amazon,140,0,26,140,0,0
2023-12-11,SKU_003,amazon,123,17,0,0,0,0
2023-12-12,SKU_003,amazon,77,46,0,0,0,0
2023-12-13,SKU_003,amazon,44,33,0,0,0,0
2023-12-14,SKU_003,amazon,0,44,6,0,0,0
2023-12-15,SKU_003,amazon,0,0,30,0,0,0
2023-12-16,SKU_003,amazon,0,0,27,0,0,0
2023-12-17,SKU_003,amazon,0,0,28,0,0,0
2023-12-18,SKU_003,amazon,0,0,21,0,1,0
2023-12-19,SKU_003,amazon,0,0,23,0,0,0
2023-12-20,SKU_003,amazon,0,0,27,0,0,0
2023-12-21,SKU_003,amazon,0,0,19,0,0,0
2023-12-22,SKU_003,amazon,148,0,23,148,0,0
2023-12-23,SKU_003,amazon,116,32,0,0,1,0
2023-12-24,SKU_003,amazon,93,23,0,0,0,0
2023-12-25,SKU_003,amazon,84,9,0,0,0,1
2023-12-26,SKU_003,amazon,55,29,0,0,0,0
2023-12-27,SKU_003,amazon,37,18,0,0,0,0
2023-12-28,SKU_003,amazon,8,29,0,0,1,0
2023-12-29,SKU_003,amazon,0,8,6,0,0,0
2023-12-30,SKU_003,amazon,0,0,18,0,0,0
2023-12-31,SKU_003,amazon,0,0,20,0,0,0
2024-01-01,SKU_003,amazon,0,0,32,0,0,1
2024-01-02,SKU_003,amazon,0,0,31,0,0,0
2024-01-03,SKU_003,amazon,0,0,35,0,0,0
2024-01-04,SKU_003,amazon,0,0,35,0,0,0
2024-01-05,SKU_003,amazon,0,0,33,0,0,0
2024-01-06,SKU_003,amazon,0,0,34,0,0,0
2024-01-07,SKU_003,amazon,0,0,16,0,0,0
2024-01-08,SKU_003,amazon,0,0,16,0,0,0
2024-01-09,SKU_003,amazon,0,0,16,0,0,0
2024-01-10,SKU_003,amazon,0,0,22,0,0,0
2024-01-11,SKU_003,amazon,0,0,24,0,0,0
2024-01-12,SKU_003,amazon,0,0,46,0,0,0
2024-01-13,SKU_003,amazon,0,0,28,0,0,0
2024-01-14,SKU_003,amazon,0,0,17,0,0,0
2024-01-15,SKU_003,amazon,0,0,35,0,0,0
2024-01-16,SKU_003,amazon,0,0,26,0,0,0
2024-01-17,SKU_003,amazon,0,0,24,0,0,0
2024-01-18,SKU_003,amazon,0,0,16,0,0,0
2024-01-19,SKU_003,amazon,0,0,27,0,0,0
2024-01-20,SKU_003,amazon,0,0,29,0,0,0
2024-01-21,SKU_003,amazon,0,0,25,0,0,0
2024-01-22,SKU_003,amazon,0,0,37,0,0,0
2024-01-23,SKU_003,amazon,284,0,26,284,0,0
2024-01-24,SKU_003,amazon,259,25,0,0,0,0
2024-01-25,SKU_003,amazon,222,37,0,0,0,0
2024-01-26,SKU_003,amazon,187,35,0,0,0,0
2024-01-27,SKU_003,amazon,165,22,0,0,0,0
2024-01-28,SKU_003,amazon,150,15,0,0,0,0
2024-01-29,SKU_003,amazon,123,27,0,0,1,0
2024-01-30,SKU_003,amazon,87,36,0,0,0,0
2024-01-31,SKU_003,amazon,53,34,0,0,0,0
2024-02-01,SKU_003,amazon,32,21,0,0,0,0
2024-02-02,SKU_003,amazon,6,26,0,0,0,0
2024-02-03,SKU_003,amazon,240,6,9,240,0,0
2024-02-04,SKU_003,amazon,205,35,0,0,0,0
2024-02-05,SKU_003,amazon,182,23,0,0,0,0
2024-02-06,SKU_003,amazon,163,19,0,0,1,0
2024-02-07,SKU_003,amazon,136,27,0,0,0,0
2024-02-08,SKU_003,amazon,124,12,0,0,0,0
2024-02-09,SKU_003,amazon,104,20,0,0,0,0
2024-02-10,SKU_003,amazon,347,24,0,267,1,0
2024-02-11,SKU_003,amazon,327,20,0,0,0,0
2024-02-12,SKU_003,amazon,470,25,0,168,0,0
2024-02-13,SKU_003,amazon,431,39,0,0,0,0
2024-02-14,SKU_003,amazon,405,26,0,0,0,0
2024-02-15,SKU_003,amazon,363,42,0,0,0,0
2024-02-16,SKU_003,amazon,331,32,0,0,0,0
2024-02-17,SKU_003,amazon,305,26,0,0,0,0
2024-02-18,SKU_003,amazon,269,36,0,0,0,0
2024-02-19,SKU_003,amazon,226,43,0,0,0,0
2024-02-20,SKU_003,amazon,200,26,0,0,0,0
2024-02-21,SKU_003,amazon,162,38,0,0,0,0
2024-02-22,SKU_003,amazon,143,19,0,0,0,0
2024-02-23,SKU_003,amazon,124,19,0,0,0,0
2024-02-24,SKU_003,amazon,90,34,0,0,1,0
2024-02-25,SKU_003,amazon,77,13,0,0,0,0
2024-02-26,SKU_003,amazon,58,19,0,0,0,0
2024-02-27,SKU_003,amazon,11,47,0,0,0,0
2024-02-28,SKU_003,amazon,0,11,16,0,0,0
2024-02-29,SKU_003,amazon,0,0,22,0,1,0
2024-03-01,SKU_003,amazon,0,0,32,0,0,0
2024-03-02,SKU_003,amazon,0,0,31,0,0,0
2024-03-03,SKU_003,amazon,0,0,16,0,0,0
2024-03-04,SKU_003,amazon,0,0,24,0,0,0
2024-03-05,SKU_003,amazon,0,0,27,0,0,0
2024-03-06,SKU_003,amazon,0,0,24,0,0,0
2024-03-07,SKU_003,amazon,0,0,36,0,0,0
2024-03-08,SKU_003,amazon,0,0,31,0,0,0
2024-03-09,SKU_003,amazon,0,0,38,0,0,0
2024-03-10,SKU_003,amazon,0,0,27,0,0,0
2024-03-11,SKU_003,amazon,0,0,22,0,0,0
2024-03-12,SKU_003,amazon,0,0,30,0,0,0
2024-03-13,SKU_003,amazon,0,0,26,0,0,0
2024-03-14,SKU_003,amazon,0,0,25,0,0,0
2024-03-15,SKU_003,amazon,0,0,28,0,0,0
2024-03-16,SKU_003,amazon,0,0,29,0,0,0
2024-03-17,SKU_003,amazon,0,0,29,0,0,0
2024-03-18,SKU_003,amazon,0,0,29,0,0,0
2024-03-19,SKU_003,amazon,0,0,32,0,0,0
2024-03-20,SKU_003,amazon,0,0,25,0,0,0
2024-03-21,SKU_003,amazon,0,0,13,0,0,0
2024-03-22,SKU_003,amazon,0,0,16,0,0,0
2024-03-23,SKU_003,amazon,0,0,27,0,0,0
2024-03-24,SKU_003,amazon,0,0,32,0,0,0
2024-03-25,SKU_003,amazon,0,0,33,0,1,0
2024-03-26,SKU_003,amazon,0,0,18,0,0,0
2024-03-27,SKU_003,amazon,0,0,23,0,0,0
2024-03-28,SKU_003,amazon,0,0,18,0,0,0
2024-03-29,SKU_003,amazon,0,0,34,0,0,0
2024-03-30,SKU_003,amazon,0,0,44,0,0,0
2024-03-31,SKU_003,amazon,0,0,31,0,0,0
2024-04-01,SKU_003,amazon,0,0,16,0,0,0
2024-04-02,SKU_003,amazon,0,0,29,0,0,0
2024-04-03,SKU_003,amazon,0,0,10,0,0,0
2024-04-04,SKU_003,amazon,0,0,16,0,0,0
2024-04-05,SKU_003,amazon,0,0,24,0,0,0
2024-04-06,SKU_003,amazon,0,0,43,0,0,0
2024-04-07,SKU_003,amazon,0,0,32,0,0,0
2024-04-08,SKU_003,amazon,203,0,25,203,0,0
2024-04-09,SKU_003,amazon,172,31,0,0,0,0
2024-04-10,SKU_003,amazon,149,23,0,0,0,0
2024-04-11,SKU_003,amazon,135,14,0,0,0,0
2024-04-12,SKU_003,amazon,113,22,0,0,0,0
2024-04-13,SKU_003,amazon,84,29,0,0,0,0
2024-04-14,SKU_003,amazon,51,33,0,0,0,0
2024-04-15,SKU_003,amazon,37,14,0,0,0,0
2024-04-16,SKU_003,amazon,275,6,0,244,1,0
2024-04-17,SKU_003,amazon,259,16,0,0,0,0
2024-04-18,SKU_003,amazon,245,14,0,0,0,0
2024-04-19,SKU_003,amazon,208,37,0,0,0,0
2024-04-20,SKU_003,amazon,186,22,0,0,0,0
2024-04-21,SKU_003,amazon,169,17,0,0,1,0
2024-04-22,SKU_003,amazon,143,26,0,0,0,0
2024-04-23,SKU_003,amazon,118,25,0,0,0,0
2024-04-24,SKU_003,amazon,97,21,0,0,0,0
2024-04-25,SKU_003,amazon,64,33,0,0,0,0
2024-04-26,SKU_003,amazon,26,38,0,0,1,0
2024-04-27,SKU_003,amazon,0,26,4,0,1,0
2024-04-28,SKU_003,amazon,0,0,22,0,0,0
2024-04-29,SKU_003,amazon,0,0,26,0,0,0
2024-04-30,SKU_003,amazon,0,0,36,0,0,0
2024-05-01,SKU_003,amazon,0,0,26,0,0,0
2024-05-02,SKU_003,amazon,0,0,22,0,0,0
2024-05-03,SKU_003,amazon,0,0,21,0,0,0
2024-05-04,SKU_003,amazon,0,0,24,0,0,0
2024-05-05,SKU_003,amazon,0,0,19,0,0,0
2024-05-06,SKU_003,amazon,0,0,25,0,0,0
2024-05-07,SKU_003,amazon,0,0,11,0,0,0
2024-05-08,SKU_003,amazon,0,0,22,0,0,0
2024-05-09,SKU_003,amazon,0,0,34,0,0,0
2024-05-10,SKU_003,amazon,0,0,20,0,0,0
2024-05-11,SKU_003,amazon,0,0,25,0,0,0
2024-05-12,SKU_003,amazon,0,0,38,0,1,0
2024-05-13,SKU_003,amazon,0,0,19,0,0,0
2024-05-14,SKU_003,amazon,0,0,26,0,0,0
2024-05-15,SKU_003,amazon,0,0,29,0,0,0
2024-05-16,SKU_003,amazon,0,0,30,0,0,0
2024-05-17,SKU_003,amazon,0,0,33,0,1,0
2024-05-18,SKU_003,amazon,0,0,43,0,0,0
2024-05-19,SKU_003,amazon,0,0,12,0,1,0
2024-05-20,SKU_003,amazon,0,0,32,0,0,0
2024-05-21,SKU_003,amazon,195,0,38,195,0,0
2024-05-22,SKU_003,amazon,177,18,0,0,0,0
2024-05-23,SKU_003,amazon,161,16,0,0,0,0
2024-05-24,SKU_003,amazon,127,34,0,0,0,0
2024-05-25,SKU_003,amazon,91,36,0,0,0,0
2024-05-26,SKU_003,amazon,56,35,0,0,0,0
2024-05-27,SKU_003,amazon,38,18,0,0,1,0
2024-05-28,SKU_003,amazon,9,29,0,0,0,0
2024-05-29,SKU_003,amazon,0,9,9,0,0,0
2024-05-30,SKU_003,amazon,0,0,20,0,0,0
2024-05-31,SKU_003,amazon,0,0,25,0,0,0
2024-06-01,SKU_003,amazon,0,0,26,0,0,0
2024-06-02,SKU_003,amazon,0,0,30,0,0,0
2024-06-03,SKU_003,amazon,0,0,35,0,0,0
2024-06-04,SKU_003,amazon,0,0,20,0,0,0
2024-06-05,SKU_003,amazon,0,0,21,0,0,0
2024-06-06,SKU_003,amazon,0,0,38,0,0,0
2024-06-07,SKU_003,amazon,0,0,33,0,0,0
2024-06-08,SKU_003,amazon,0,0,18,0,0,0
2024-06-09,SKU_003,amazon,116,0,42,116,0,0
2024-06-10,SKU_003,amazon,88,28,0,0,0,0
2024-06-11,SKU_003,amazon,72,16,0,0,1,0
2024-06-12,SKU_003,amazon,24,48,0,0,0,0
2024-06-13,SKU_003,amazon,0,24,6,0,0,0
2024-06-14,SKU_003,amazon,0,0,21,0,0,0
2024-06-15,SKU_003,amazon,0,0,39,0,0,0
2024-06-16,SKU_003,amazon,281,0,35,281,0,0
2024-06-17,SKU_003,amazon,262,19,0,0,0,0
2024-06-18,SKU_003,amazon,236,26,0,0,1,0
2024-06-19,SKU_003,amazon,208,28,0,0,0,0
2024-06-20,SKU_003,amazon,194,14,0,0,0,0
2024-06-21,SKU_003,amazon,161,33,0,0,0,0
2024-06-22,SKU_003,amazon,145,16,0,0,0,0
2024-06-23,SKU_003,amazon,126,19,0,0,0,0
2024-06-24,SKU_003,amazon,95,31,0,0,0,0
2024-06-25,SKU_003,amazon,83,12,0,0,0,0
2024-06-26,SKU_003,amazon,46,37,0,0,1,0
2024-06-27,SKU_003,amazon,7,39,0,0,0,0
2024-06-28,SKU_003,amazon,0,7,14,0,0,0
2024-06-29,SKU_003,amazon,0,0,16,0,0,0
2024-06-30,SKU_003,amazon,133,0,18,133,0,0
2024-07-01,SKU_003,amazon,119,14,0,0,0,0
2024-07-02,SKU_003,amazon,81,38,0,0,0,0
2024-07-03,SKU_003,amazon,62,19,0,0,0,0
2024-07-04,SKU_003,amazon,33,29,0,0,0,1
2024-07-05,SKU_003,amazon,15,18,0,0,0,0
2024-07-06,SKU_003,amazon,0,15,8,0,0,0
2024-07-07,SKU_003,amazon,0,0,35,0,0,0
2024-07-08,SKU_003,amazon,0,0,23,0,0,0
2024-07-09,SKU_003,amazon,0,0,36,0,0,0
2024-07-10,SKU_003,amazon,0,0,32,0,1,0
2024-07-11,SKU_003,amazon,0,0,21,0,0,0
2024-07-12,SKU_003,amazon,0,0,22,0,0,0
2024-07-13,SKU_003,amazon,116,0,39,116,0,0
2024-07-14,SKU_003,amazon,92,24,0,0,0,0
2024-07-15,SKU_003,amazon,58,34,0,0,0,0
2024-07-16,SKU_003,amazon,22,36,0,0,1,0
2024-07-17,SKU_003,amazon,0,22,14,0,0,0
2024-07-18,SKU_003,amazon,0,0,21,0,0,0
2024-07-19,SKU_003,amazon,0,0,27,0,0,0
2024-07-20,SKU_003,amazon,0,0,41,0,0,0
2024-07-21,SKU_003,amazon,0,0,26,0,0,0
2024-07-22,SKU_003,amazon,0,0,34,0,0,0
2024-07-23,SKU_003,amazon,0,0,35,0,0,0
2024-07-24,SKU_003,amazon,0,0,35,0,0,0
2024-07-25,SKU_003,amazon,0,0,30,0,0,0
2024-07-26,SKU_003,amazon,0,0,18,0,0,0
2024-07-27,SKU_003,amazon,0,0,25,0,0,0
2024-07-28,SKU_003,amazon,0,0,21,0,1,0
2024-07-29,SKU_003,amazon,0,0,32,0,0,0
2024-07-30,SKU_003,amazon,0,0,24,0,0,0
2024-07-31,SKU_003,amazon,0,0,22,0,0,0
2024-08-01,SKU_003,amazon,0,0,25,0,0,0
2024-08-02,SKU_003,amazon,0,0,23,0,0,0
2024-08-03,SKU_003,amazon,0,0,25,0,0,0
2024-08-04,SKU_003,amazon,0,0,36,0,0,0
2024-08-05,SKU_003,amazon,0,0,24,0,0,0
2024-08-06,SKU_003,amazon,0,0,21,0,0,0
2024-08-07,SKU_003,amazon,0,0,18,0,0,0
2024-08-08,SKU_003,amazon,0,0,39,0,0,0
2024-08-09,SKU_003,amazon,0,0,27,0,0,0
2024-08-10,SKU_003,amazon,0,0,17,0,0,0
2024-08-11,SKU_003,amazon,0,0,17,0,0,0
2024-08-12,SKU_003,amazon,0,0,23,0,0,0
2024-08-13,SKU_003,amazon,0,0,40,0,0,0
2024-08-14,SKU_003,amazon,0,0,25,0,0,0
2024-08-15,SKU_003,amazon,0,0,27,0,0,0
2024-08-16,SKU_003,amazon,0,0,32,0,1,0
2024-08-17,SKU_003,amazon,0,0,23,0,0,0
2024-08-18,SKU_003,amazon,0,0,33,0,1,0
2024-08-19,SKU_003,amazon,0,0,22,0,0,0
2024-08-20,SKU_003,amazon,0,0,28,0,0,0
2024-08-21,SKU_003,amazon,0,0,21,0,0,0
2024-08-22,SKU_003,amazon,0,0,32,0,0,0
2024-08-23,SKU_003,amazon,0,0,21,0,1,0
2024-08-24,SKU_003,amazon,0,0,32,0,0,0
2024-08-25,SKU_003,amazon,0,0,25,0,0,0
2024-08-26,SKU_003,amazon,123,0,15,123,0,0
2024-08-27,SKU_003,amazon,105,18,0,0,0,0
2024-08-28,SKU_003,amazon,94,11,0,0,0,0
2024-08-29,SKU_003,amazon,73,21,0,0,0,0
2024-08-30,SKU_003,amazon,37,36,0,0,0,0
2024-08-31,SKU_003,amazon,150,21,0,134,0,0
2024-09-01,SKU_003,amazon,143,7,0,0,0,0
2024-09-02,SKU_003,amazon,115,28,0,0,1,0
2024-09-03,SKU_003,amazon,80,35,0,0,0,0
2024-09-04,SKU_003,amazon,39,41,0,0,0,0
2024-09-05,SKU_003,amazon,24,15,0,0,0,0
2024-09-06,SKU_003,amazon,0,24,12,0,0,0
2024-09-07,SKU_003,amazon,0,0,17,0,0,0
2024-09-08,SKU_003,amazon,0,0,16,0,0,0
2024-09-09,SKU_003,amazon,0,0,18,0,1,0
2024-09-10,SKU_003,amazon,0,0,14,0,0,0
2024-09-11,SKU_003,amazon,0,0,26,0,1,0
2024-09-12,SKU_003,amazon,0,0,40,0,0,0
2024-09-13,SKU_003,amazon,0,0,19,0,0,0
2024-09-14,SKU_003,amazon,0,0,24,0,0,0
2024-09-15,SKU_003,amazon,0,0,18,0,0,0
2024-09-16,SKU_003,amazon,261,0,32,261,0,0
2024-09-17,SKU_003,amazon,230,31,0,0,0,0
2024-09-18,SKU_003,amazon,206,24,0,0,0,0
2024-09-19,SKU_003,amazon,443,29,0,266,0,0
2024-09-20,SKU_003,amazon,421,22,0,0,0,0
2024-09-21,SKU_003,amazon,395,26,0,0,0,0
2024-09-22,SKU_003,amazon,352,43,0,0,0,0
2024-09-23,SKU_003,amazon,333,19,0,0,0,0
2024-09-24,SKU_003,amazon,312,21,0,0,0,0
2024-09-25,SKU_003,amazon,271,41,0,0,0,0
2024-09-26,SKU_003,amazon,239,32,0,0,0,0
2024-09-27,SKU_003,amazon,210,29,0,0,1,0
2024-09-28,SKU_003,amazon,183,27,0,0,0,0
2024-09-29,SKU_003,amazon,175,8,0,0,0,0
2024-09-30,SKU_003,amazon,154,21,0,0,0,0
2024-10-01,SKU_003,amazon,132,22,0,0,0,0
2024-10-02,SKU_003,amazon,102,30,0,0,0,0
2024-10-03,SKU_003,amazon,78,24,0,0,0,0
2024-10-04,SKU_003,amazon,58,20,0,0,0,0
2024-10-05,SKU_003,amazon,40,18,0,0,0,0
2024-10-06,SKU_003,amazon,150,26,0,136,0,0
2024-10-07,SKU_003,amazon,115,35,0,0,0,0
2024-10-08,SKU_003,amazon,87,28,0,0,0,0
2024-10-09,SKU_003,amazon,71,16,0,0,0,0
2024-10-10,SKU_003,amazon,57,14,0,0,0,0
2024-10-11,SKU_003,amazon,29,28,0,0,1,0
2024-10-12,SKU_003,amazon,0,29,3,0,0,0
2024-10-13,SKU_003,amazon,0,0,32,0,0,0
2024-10-14,SKU_003,amazon,0,0,32,0,0,0
2024-10-15,SKU_003,amazon,0,0,32,0,1,0
2024-10-16,SKU_003,amazon,0,0,43,0,0,0
2024-10-17,SKU_003,amazon,0,0,36,0,1,0
2024-10-18,SKU_003,amazon,0,0,29,0,1,0
2024-10-19,SKU_003,amazon,0,0,21,0,0,0
2024-10-20,SKU_003,amazon,0,0,28,0,0,0
2024-10-21,SKU_003,amazon,0,0,37,0,0,0
2024-10-22,SKU_003,amazon,0,0,18,0,0,0
2024-10-23,SKU_003,amazon,0,0,24,0,0,0
2024-10-24,SKU_003,amazon,0,0,11,0,1,0
2024-10-25,SKU_003,amazon,0,0,37,0,0,0
2024-10-26,SKU_003,amazon,123,0,20,123,0,0
2024-10-27,SKU_003,amazon,88,35,0,0,0,0
2024-10-28,SKU_003,amazon,58,30,0,0,0,0
2024-10-29,SKU_003,amazon,14,44,0,0,0,0
2024-10-30,SKU_003,amazon,0,14,3,0,0,0
2024-10-31,SKU_003,amazon,0,0,11,0,0,0
2024-11-01,SKU_003,amazon,0,0,37,0,0,0
2024-11-02,SKU_003,amazon,0,0,23,0,0,0
2024-11-03,SKU_003,amazon,0,0,15,0,0,0
2024-11-04,SKU_003,amazon,0,0,34,0,0,0
2024-11-05,SKU_003,amazon,0,0,21,0,0,0
2024-11-06,SKU_003,amazon,0,0,23,0,0,0
2024-11-07,SKU_003,amazon,0,0,9,0,1,0
2024-11-08,SKU_003,amazon,0,0,26,0,0,0
2024-11-09,SKU_003,amazon,0,0,21,0,1,0
2024-11-10,SKU_003,amazon,0,0,18,0,0,0
2024-11-11,SKU_003,amazon,0,0,42,0,0,0
2024-11-12,SKU_003,amazon,0,0,42,0,0,0
2024-11-13,SKU_003,amazon,0,0,14,0,0,0
2024-11-14,SKU_003,amazon,257,0,28,257,0,0
2024-11-15,SKU_003,amazon,230,27,0,0,0,0
2024-11-16,SKU_003,amazon,216,14,0,0,1,0
2024-11-17,SKU_003,amazon,199,17,0,0,1,0
2024-11-18,SKU_003,amazon,181,18,0,0,0,0
2024-11-19,SKU_003,amazon,158,23,0,0,0,0
2024-11-20,SKU_003,amazon,138,20,0,0,0,0
2024-11-21,SKU_003,amazon,98,40,0,0,0,0
2024-11-22,SKU_003,amazon,59,39,0,0,0,0
2024-11-23,SKU_003,amazon,33,26,0,0,0,0
2024-11-24,SKU_003,amazon,7,26,0,0,0,0
2024-11-25,SKU_003,amazon,105,7,12,105,0,0
2024-11-26,SKU_003,amazon,72,33,0,0,0,0
2024-11-27,SKU_003,amazon,56,16,0,0,0,0
2024-11-28,SKU_003,amazon,36,20,0,0,1,1
2024-11-29,SKU_003,amazon,0,36,6,0,0,0
2024-11-30,SKU_003,amazon,0,0,19,0,0,0
2024-12-01,SKU_003,amazon,0,0,26,0,0,0
2024-12-02,SKU_003,amazon,0,0,26,0,0,0
2024-12-03,SKU_003,amazon,0,0,21,0,0,0
2024-12-04,SKU_003,amazon,0,0,37,0,0,0
2024-12-05,SKU_003,amazon,0,0,39,0,0,0
2024-12-06,SKU_003,amazon,0,0,21,0,1,0
2024-12-07,SKU_003,amazon,0,0,22,0,0,0
2024-12-08,SKU_003,amazon,0,0,36,0,0,0
2024-12-09,SKU_003,amazon,0,0,25,0,0,0
2024-12-10,SKU_003,amazon,0,0,17,0,1,0
2024-12-11,SKU_003,amazon,0,0,36,0,0,0
2024-12-12,SKU_003,amazon,0,0,21,0,0,0
2024-12-13,SKU_003,amazon,0,0,21,0,0,0
2024-12-14,SKU_003,amazon,0,0,29,0,0,0
2024-12-15,SKU_003,amazon,0,0,25,0,0,0
2024-12-16,SKU_003,amazon,0,0,24,0,0,0
2024-12-17,SKU_003,amazon,0,0,35,0,0,0
2024-12-18,SKU_003,amazon,0,0,16,0,0,0
2024-12-19,SKU_003,amazon,0,0,41,0,0,0
2024-12-20,SKU_003,amazon,0,0,20,0,0,0
2024-12-21,SKU_003,amazon,0,0,26,0,0,0
2024-12-22,SKU_003,amazon,0,0,24,0,0,0
2024-12-23,SKU_003,amazon,0,0,10,0,0,0
2024-12-24,SKU_003,amazon,0,0,25,0,1,0
2024-12-25,SKU_003,amazon,0,0,32,0,1,1
2024-12-26,SKU_003,amazon,0,0,27,0,0,0
2024-12-27,SKU_003,amazon,0,0,21,0,1,0
2024-12-28,SKU_003,amazon,0,0,30,0,0,0
2024-12-29,SKU_003,amazon,0,0,40,0,0,0
2024-12-30,SKU_003,amazon,0,0,30,0,0,0
2024-12-31,SKU_003,amazon,0,0,30,0,0,0
2023-01-01,SKU_004,store,475,25,0,0,0,1
2023-01-02,SKU_004,store,434,41,0,0,0,0
2023-01-03,SKU_004,store,400,34,0,0,0,0
2023-01-04,SKU_004,store,365,35,0,0,0,0
2023-01-05,SKU_004,store,328,37,0,0,1,0
2023-01-06,SKU_004,store,321,7,0,0,0,0
2023-01-07,SKU_004,store,296,25,0,0,0,0
2023-01-08,SKU_004,store,282,14,0,0,0,0
2023-01-09,SKU_004,store,252,30,0,0,1,0
2023-01-10,SKU_004,store,228,24,0,0,0,0
2023-01-11,SKU_004,store,213,15,0,0,0,0
2023-01-12,SKU_004,store,319,35,0,141,0,0
2023-01-13,SKU_004,store,297,22,0,0,0,0
2023-01-14,SKU_004,store,277,20,0,0,0,0
2023-01-15,SKU_004,store,236,41,0,0,0,0
2023-01-16,SKU_004,store,226,10,0,0,0,0
2023-01-17,SKU_004,store,194,32,0,0,0,0
2023-01-18,SKU_004,store,173,21,0,0,0,0
2023-01-19,SKU_004,store,158,15,0,0,0,0
2023-01-20,SKU_004,store,380,34,0,256,0,0
2023-01-21,SKU_004,store,354,26,0,0,0,0
2023-01-22,SKU_004,store,314,40,0,0,0,0
2023-01-23,SKU_004,store,301,13,0,0,0,0
2023-01-24,SKU_004,store,267,34,0,0,0,0
2023-01-25,SKU_004,store,245,22,0,0,0,0
2023-01-26,SKU_004,store,200,45,0,0,0,0
2023-01-27,SKU_004,store,185,15,0,0,0,0
2023-01-28,SKU_004,store,163,22,0,0,0,0
2023-01-29,SKU_004,store,147,16,0,0,0,0
2023-01-30,SKU_004,store,124,23,0,0,0,0
2023-01-31,SKU_004,store,83,41,0,0,0,0
2023-02-01,SKU_004,store,55,28,0,0,0,0
2023-02-02,SKU_004,store,31,24,0,0,0,0
2023-02-03,SKU_004,store,0,31,10,0,0,0
2023-02-04,SKU_004,store,0,0,52,0,1,0
2023-02-05,SKU_004,store,0,0,24,0,0,0
2023-02-06,SKU_004,store,0,0,27,0,0,0
2023-02-07,SKU_004,store,127,0,31,127,0,0
2023-02-08,SKU_004,store,105,22,0,0,0,0
2023-02-09,SKU_004,store,80,25,0,0,0,0
2023-02-10,SKU_004,store,55,25,0,0,0,0
2023-02-11,SKU_004,store,250,25,0,220,0,0
2023-02-12,SKU_004,store,216,34,0,0,0,0
2023-02-13,SKU_004,store,179,37,0,0,0,0
2023-02-14,SKU_004,store,136,43,0,0,0,0
2023-02-15,SKU_004,store,126,10,0,0,0,0
2023-02-16,SKU_004,store,107,19,0,0,0,0
2023-02-17,SKU_004,store,74,33,0,0,0,0
2023-02-18,SKU_004,store,49,25,0,0,0,0
2023-02-19,SKU_004,store,20,29,0,0,0,0
2023-02-20,SKU_004,store,0,20,17,0,0,0
2023-02-21,SKU_004,store,0,0,19,0,0,0
2023-02-22,SKU_004,store,0,0,13,0,0,0
2023-02-23,SKU_004,store,0,0,14,0,0,0
2023-02-24,SKU_004,store,0,0,29,0,0,0
2023-02-25,SKU_004,store,0,0,28,0,0,0
2023-02-26,SKU_004,store,0,0,30,0,0,0
2023-02-27,SKU_004,store,0,0,10,0,0,0
2023-02-28,SKU_004,store,0,0,23,0,0,0
2023-03-01,SKU_004,store,0,0,24,0,1,0
2023-03-02,SKU_004,store,0,0,24,0,0,0
2023-03-03,SKU_004,store,0,0,29,0,0,0
2023-03-04,SKU_004,store,0,0,34,0,0,0
2023-03-05,SKU_004,store,0,0,15,0,0,0
2023-03-06,SKU_004,store,0,0,33,0,0,0
2023-03-07,SKU_004,store,0,0,30,0,0,0
2023-03-08,SKU_004,store,0,0,27,0,0,0
2023-03-09,SKU_004,store,0,0,27,0,0,0
2023-03-10,SKU_004,store,0,0,28,0,0,0
2023-03-11,SKU_004,store,0,0,32,0,0,0
2023-03-12,SKU_004,store,0,0,21,0,0,0
2023-03-13,SKU_004,store,0,0,26,0,1,0
2023-03-14,SKU_004,store,0,0,33,0,0,0
2023-03-15,SKU_004,store,0,0,25,0,0,0
2023-03-16,SKU_004,store,0,0,26,0,0,0
2023-03-17,SKU_004,store,0,0,39,0,0,0
2023-03-18,SKU_004,store,271,0,21,271,0,0
2023-03-19,SKU_004,store,250,21,0,0,0,0
2023-03-20,SKU_004,store,228,22,0,0,0,0
2023-03-21,SKU_004,store,470,29,0,271,0,0
2023-03-22,SKU_004,store,748,9,0,287,0,0
2023-03-23,SKU_004,store,721,27,0,0,0,0
2023-03-24,SKU_004,store,694,27,0,0,0,0
2023-03-25,SKU_004,store,677,17,0,0,0,0
2023-03-26,SKU_004,store,756,45,0,124,0,0
2023-03-27,SKU_004,store,731,25,0,0,0,0
2023-03-28,SKU_004,store,706,25,0,0,0,0
2023-03-29,SKU_004,store,683,23,0,0,0,0
2023-03-30,SKU_004,store,659,24,0,0,0,0
2023-03-31,SKU_004,store,627,32,0,0,0,0
2023-04-01,SKU_004,store,610,17,0,0,0,0
2023-04-02,SKU_004,store,577,33,0,0,0,0
2023-04-03,SKU_004,store,540,37,0,0,0,0
2023-04-04,SKU_004,store,517,23,0,0,0,0
2023-04-05,SKU_004,store,485,32,0,0,1,0
2023-04-06,SKU_004,store,451,34,0,0,0,0
2023-04-07,SKU_004,store,427,24,0,0,0,0
2023-04-08,SKU_004,store,405,22,0,0,0,0
2023-04-09,SKU_004,store,377,28,0,0,0,0
2023-04-10,SKU_004,store,345,32,0,0,0,0
2023-04-11,SKU_004,store,303,42,0,0,0,0
2023-04-12,SKU_004,store,269,34,0,0,0,0
2023-04-13,SKU_004,store,254,15,0,0,0,0
2023-04-14,SKU_004,store,238,16,0,0,0,0
2023-04-15,SKU_004,store,224,14,0,0,0,0
2023-04-16,SKU_004,store,197,27,0,0,0,0
2023-04-17,SKU_004,store,170,27,0,0,1,0
2023-04-18,SKU_004,store,136,34,0,0,0,0
2023-04-19,SKU_004,store,337,13,0,214,0,0
2023-04-20,SKU_004,store,307,30,0,0,0,0
2023-04-21,SKU_004,store,263,44,0,0,1,0
2023-04-22,SKU_004,store,230,33,0,0,0,0
2023-04-23,SKU_004,store,208,22,0,0,0,0
2023-04-24,SKU_004,store,180,28,0,0,0,0
2023-04-25,SKU_004,store,152,28,0,0,0,0
2023-04-26,SKU_004,store,139,13,0,0,0,0
2023-04-27,SKU_004,store,113,26,0,0,0,0
2023-04-28,SKU_004,store,86,27,0,0,0,0
2023-04-29,SKU_004,store,73,13,0,0,0,0
2023-04-30,SKU_004,store,54,19,0,0,0,0
2023-05-01,SKU_004,store,21,33,0,0,0,0
2023-05-02,SKU_004,store,0,21,9,0,0,0
2023-05-03,SKU_004,store,0,0,27,0,0,0
2023-05-04,SKU_004,store,0,0,23,0,0,0
2023-05-05,SKU_004,store,0,0,19,0,0,0
2023-05-06,SKU_004,store,0,0,12,0,0,0
2023-05-07,SKU_004,store,0,0,30,0,0,0
2023-05-08,SKU_004,store,0,0,29,0,0,0
2023-05-09,SKU_004,store,0,0,18,0,0,0
2023-05-10,SKU_004,store,0,0,29,0,0,0
2023-05-11,SKU_004,store,0,0,33,0,0,0
2023-05-12,SKU_004,store,0,0,39,0,1,0
2023-05-13,SKU_004,store,0,0,24,0,0,0
2023-05-14,SKU_004,store,0,0,23,0,0,0
2023-05-15,SKU_004,store,0,0,26,0,0,0
2023-05-16,SKU_004,store,0,0,21,0,0,0
2023-05-17,SKU_004,store,0,0,39,0,0,0
2023-05-18,SKU_004,store,0,0,32,0,1,0
2023-05-19,SKU_004,store,0,0,24,0,0,0
2023-05-20,SKU_004,store,168,0,31,168,0,0
2023-05-21,SKU_004,store,154,14,0,0,0,0
2023-05-22,SKU_004,store,107,47,0,0,0,0
2023-05-23,SKU_004,store,83,24,0,0,1,0
2023-05-24,SKU_004,store,63,20,0,0,0,0
2023-05-25,SKU_004,store,49,14,0,0,0,0
2023-05-26,SKU_004,store,32,17,0,0,0,0
2023-05-27,SKU_004,store,0,32,0,0,1,0
2023-05-28,SKU_004,store,0,0,23,0,0,0
2023-05-29,SKU_004,store,0,0,12,0,1,0
2023-05-30,SKU_004,store,0,0,26,0,0,0
2023-05-31,SKU_004,store,0,0,32,0,0,0
2023-06-01,SKU_004,store,0,0,33,0,0,0
2023-06-02,SKU_004,store,0,0,42,0,0,0
2023-06-03,SKU_004,store,0,0,16,0,0,0
2023-06-04,SKU_004,store,0,0,11,0,0,0
2023-06-05,SKU_004,store,0,0,19,0,0,0
2023-06-06,SKU_004,store,0,0,39,0,0,0
2023-06-07,SKU_004,store,0,0,14,0,0,0
2023-06-08,SKU_004,store,222,0,22,222,1,0
2023-06-09,SKU_004,store,189,33,0,0,0,0
2023-06-10,SKU_004,store,150,39,0,0,0,0
2023-06-11,SKU_004,store,128,22,0,0,0,0
2023-06-12,SKU_004,store,92,36,0,0,0,0
2023-06-13,SKU_004,store,63,29,0,0,0,0
2023-06-14,SKU_004,store,47,16,0,0,0,0
2023-06-15,SKU_004,store,10,37,0,0,0,0
2023-06-16,SKU_004,store,0,10,8,0,0,0
2023-06-17,SKU_004,store,0,0,22,0,0,0
2023-06-18,SKU_004,store,0,0,40,0,1,0
2023-06-19,SKU_004,store,0,0,26,0,0,0
2023-06-20,SKU_004,store,0,0,27,0,0,0
2023-06-21,SKU_004,store,0,0,21,0,0,0
2023-06-22,SKU_004,store,0,0,13,0,0,0
2023-06-23,SKU_004,store,0,0,35,0,0,0
2023-06-24,SKU_004,store,0,0,23,0,1,0
2023-06-25,SKU_004,store,0,0,22,0,1,0
2023-06-26,SKU_004,store,0,0,37,0,0,0
2023-06-27,SKU_004,store,0,0,13,0,0,0
2023-06-28,SKU_004,store,0,0,18,0,0,0
2023-06-29,SKU_004,store,0,0,24,0,0,0
2023-06-30,SKU_004,store,0,0,29,0,0,0
2023-07-01,SKU_004,store,0,0,39,0,0,0
2023-07-02,SKU_004,store,0,0,29,0,0,0
2023-07-03,SKU_004,store,0,0,37,0,0,0
2023-07-04,SKU_004,store,0,0,22,0,0,1
2023-07-05,SKU_004,store,0,0,34,0,0,0
2023-07-06,SKU_004,store,0,0,24,0,0,0
2023-07-07,SKU_004,store,0,0,43,0,0,0
2023-07-08,SKU_004,store,0,0,14,0,0,0
2023-07-09,SKU_004,store,0,0,19,0,0,0
2023-07-10,SKU_004,store,0,0,18,0,0,0
2023-07-11,SKU_004,store,0,0,29,0,0,0
2023-07-12,SKU_004,store,0,0,36,0,0,0
2023-07-13,SKU_004,store,0,0,28,0,0,0
2023-07-14,SKU_004,store,0,0,34,0,0,0
2023-07-15,SKU_004,store,0,0,20,0,0,0
2023-07-16,SKU_004,store,0,0,32,0,0,0
2023-07-17,SKU_004,store,0,0,19,0,0,0
2023-07-18,SKU_004,store,0,0,29,0,0,0
2023-07-19,SKU_004,store,0,0,17,0,0,0
2023-07-20,SKU_004,store,0,0,18,0,1,0
2023-07-21,SKU_004,store,138,0,22,138,0,0
2023-07-22,SKU_004,store,118,20,0,0,0,0
2023-07-23,SKU_004,store,81,37,0,0,0,0
2023-07-24,SKU_004,store,64,17,0,0,0,0
2023-07-25,SKU_004,store,41,23,0,0,0,0
2023-07-26,SKU_004,store,13,28,0,0,0,0
2023-07-27,SKU_004,store,127,13,19,127,0,0
2023-07-28,SKU_004,store,109,18,0,0,0,0
2023-07-29,SKU_004,store,85,24,0,0,0,0
2023-07-30,SKU_004,store,64,21,0,0,0,0
2023-07-31,SKU_004,store,34,30,0,0,0,0
2023-08-01,SKU_004,store,0,34,3,0,0,0
2023-08-02,SKU_004,store,0,0,25,0,0,0
2023-08-03,SKU_004,store,0,0,14,0,0,0
2023-08-04,SKU_004,store,0,0,19,0,0,0
2023-08-05,SKU_004,store,0,0,18,0,0,0
2023-08-06,SKU_004,store,0,0,33,0,0,0
2023-08-07,SKU_004,store,0,0,39,0,0,0
2023-08-08,SKU_004,store,0,0,16,0,1,0
2023-08-09,SKU_004,store,0,0,26,0,0,0
2023-08-10,SKU_004,store,0,0,35,0,1,0
2023-08-11,SKU_004,store,0,0,18,0,0,0
2023-08-12,SKU_004,store,0,0,19,0,0,0
2023-08-13,SKU_004,store,0,0,34,0,0,0
2023-08-14,SKU_004,store,0,0,40,0,0,0
2023-08-15,SKU_004,store,0,0,39,0,0,0
2023-08-16,SKU_004,store,0,0,27,0,0,0
2023-08-17,SKU_004,store,0,0,43,0,0,0
2023-08-18,SKU_004,store,259,0,23,259,0,0
2023-08-19,SKU_004,store,228,31,0,0,0,0
2023-08-20,SKU_004,store,212,16,0,0,0,0
2023-08-21,SKU_004,store,160,52,0,0,1,0
2023-08-22,SKU_004,store,140,20,0,0,1,0
2023-08-23,SKU_004,store,108,32,0,0,0,0
2023-08-24,SKU_004,store,78,30,0,0,0,0
2023-08-25,SKU_004,store,44,34,0,0,0,0
2023-08-26,SKU_004,store,2,42,0,0,0,0
2023-08-27,SKU_004,store,0,2,24,0,0,0
2023-08-28,SKU_004,store,0,0,24,0,0,0
2023-08-29,SKU_004,store,0,0,36,0,0,0
2023-08-30,SKU_004,store,0,0,32,0,0,0
2023-08-31,SKU_004,store,0,0,34,0,0,0
2023-09-01,SKU_004,store,0,0,43,0,0,0
2023-09-02,SKU_004,store,0,0,16,0,0,0
2023-09-03,SKU_004,store,0,0,20,0,0,0
2023-09-04,SKU_004,store,0,0,21,0,0,0
2023-09-05,SKU_004,store,0,0,36,0,0,0
2023-09-06,SKU_004,store,0,0,25,0,0,0
2023-09-07,SKU_004,store,0,0,21,0,0,0
2023-09-08,SKU_004,store,0,0,17,0,0,0
2023-09-09,SKU_004,store,0,0,32,0,0,0
2023-09-10,SKU_004,store,0,0,28,0,1,0
2023-09-11,SKU_004,store,0,0,31,0,0,0
2023-09-12,SKU_004,store,0,0,38,0,0,0
2023-09-13,SKU_004,store,0,0,32,0,0,0
2023-09-14,SKU_004,store,0,0,23,0,0,0
2023-09-15,SKU_004,store,0,0,24,0,0,0
2023-09-16,SKU_004,store,180,0,36,180,0,0
2023-09-17,SKU_004,store,162,18,0,0,0,0
2023-09-18,SKU_004,store,137,25,0,0,0,0
2023-09-19,SKU_004,store,127,10,0,0,0,0
2023-09-20,SKU_004,store,101,26,0,0,0,0
2023-09-21,SKU_004,store,72,29,0,0,0,0
2023-09-22,SKU_004,store,44,28,0,0,1,0
2023-09-23,SKU_004,store,261,26,0,243,0,0
2023-09-24,SKU_004,store,220,41,0,0,0,0
2023-09-25,SKU_004,store,202,18,0,0,0,0
2023-09-26,SKU_004,store,180,22,0,0,0,0
2023-09-27,SKU_004,store,162,18,0,0,0,0
2023-09-28,SKU_004,store,124,38,0,0,1,0
2023-09-29,SKU_004,store,98,26,0,0,0,0
2023-09-30,SKU_004,store,71,27,0,0,0,0
2023-10-01,SKU_004,store,38,33,0,0,0,0
2023-10-02,SKU_004,store,257,23,0,242,0,0
2023-10-03,SKU_004,store,218,39,0,0,1,0
2023-10-04,SKU_004,store,190,28,0,0,0,0
2023-10-05,SKU_004,store,169,21,0,0,0,0
2023-10-06,SKU_004,store,155,14,0,0,0,0
2023-10-07,SKU_004,store,124,31,0,0,0,0
2023-10-08,SKU_004,store,106,18,0,0,0,0
2023-10-09,SKU_004,store,85,21,0,0,1,0
2023-10-10,SKU_004,store,56,29,0,0,0,0
2023-10-11,SKU_004,store,16,40,0,0,0,0
2023-10-12,SKU_004,store,0,16,6,0,1,0
2023-10-13,SKU_004,store,0,0,33,0,0,0
2023-10-14,SKU_004,store,0,0,32,0,0,0
2023-10-15,SKU_004,store,0,0,39,0,0,0
2023-10-16,SKU_004,store,0,0,19,0,0,0
2023-10-17,SKU_004,store,0,0,26,0,0,0
2023-10-18,SKU_004,store,0,0,20,0,0,0
2023-10-19,SKU_004,store,0,0,37,0,0,0
2023-10-20,SKU_004,store,0,0,17,0,1,0
2023-10-21,SKU_004,store,0,0,32,0,0,0
2023-10-22,SKU_004,store,0,0,24,0,0,0
2023-10-23,SKU_004,store,0,0,14,0,0,0
2023-10-24,SKU_004,store,0,0,30,0,0,0
2023-10-25,SKU_004,store,0,0,21,0,0,0
2023-10-26,SKU_004,store,0,0,27,0,0,0
2023-10-27,SKU_004,store,259,0,44,259,0,0
2023-10-28,SKU_004,store,238,21,0,0,0,0
2023-10-29,SKU_004,store,217,21,0,0,0,0
2023-10-30,SKU_004,store,169,48,0,0,0,0
2023-10-31,SKU_004,store,144,25,0,0,0,0
2023-11-01,SKU_004,store,100,44,0,0,0,0
2023-11-02,SKU_004,store,70,30,0,0,0,0
2023-11-03,SKU_004,store,56,14,0,0,0,0
2023-11-04,SKU_004,store,38,18,0,0,0,0
2023-11-05,SKU_004,store,0,38,0,0,0,0
2023-11-06,SKU_004,store,0,0,37,0,0,0
2023-11-07,SKU_004,store,0,0,22,0,0,0
2023-11-08,SKU_004,store,0,0,20,0,0,0
2023-11-09,SKU_004,store,0,0,36,0,0,0
2023-11-10,SKU_004,store,0,0,32,0,0,0
2023-11-11,SKU_004,store,0,0,16,0,0,0
2023-11-12,SKU_004,store,0,0,17,0,0,0
2023-11-13,SKU_004,store,0,0,31,0,0,0
2023-11-14,SKU_004,store,0,0,16,0,0,0
2023-11-15,SKU_004,store,0,0,36,0,1,0
2023-11-16,SKU_004,store,0,0,25,0,0,0
2023-11-17,SKU_004,store,0,0,21,0,0,0
2023-11-18,SKU_004,store,0,0,39,0,0,0
2023-11-19,SKU_004,store,0,0,16,0,0,0
2023-11-20,SKU_004,store,0,0,27,0,1,0
2023-11-21,SKU_004,store,0,0,28,0,0,0
2023-11-22,SKU_004,store,0,0,31,0,0,0
2023-11-23,SKU_004,store,0,0,29,0,1,1
2023-11-24,SKU_004,store,0,0,13,0,0,0
2023-11-25,SKU_004,store,0,0,18,0,0,0
2023-11-26,SKU_004,store,0,0,24,0,0,0
2023-11-27,SKU_004,store,0,0,23,0,0,0
2023-11-28,SKU_004,store,0,0,23,0,0,0
2023-11-29,SKU_004,store,0,0,30,0,0,0
2023-11-30,SKU_004,store,0,0,30,0,0,0
2023-12-01,SKU_004,store,0,0,44,0,0,0
2023-12-02,SKU_004,store,0,0,22,0,0,0
2023-12-03,SKU_004,store,0,0,25,0,0,0
2023-12-04,SKU_004,store,0,0,40,0,0,0
2023-12-05,SKU_004,store,0,0,27,0,0,0
2023-12-06,SKU_004,store,0,0,39,0,0,0
2023-12-07,SKU_004,store,0,0,37,0,0,0
2023-12-08,SKU_004,store,0,0,17,0,0,0
2023-12-09,SKU_004,store,0,0,16,0,1,0
2023-12-10,SKU_004,store,0,0,32,0,0,0
2023-12-11,SKU_004,store,0,0,17,0,0,0
2023-12-12,SKU_004,store,0,0,20,0,0,0
2023-12-13,SKU_004,store,0,0,20,0,1,0
2023-12-14,SKU_004,store,0,0,32,0,0,0
2023-12-15,SKU_004,store,0,0,17,0,0,0
2023-12-16,SKU_004,store,0,0,42,0,0,0
2023-12-17,SKU_004,store,0,0,32,0,0,0
2023-12-18,SKU_004,store,0,0,28,0,0,0
2023-12-19,SKU_004,store,0,0,37,0,1,0
2023-12-20,SKU_004,store,0,0,23,0,0,0
2023-12-21,SKU_004,store,0,0,27,0,0,0
2023-12-22,SKU_004,store,0,0,12,0,0,0
2023-12-23,SKU_004,store,0,0,16,0,0,0
2023-12-24,SKU_004,store,0,0,12,0,0,0
2023-12-25,SKU_004,store,0,0,26,0,0,1
2023-12-26,SKU_004,store,0,0,14,0,0,0
2023-12-27,SKU_004,store,0,0,19,0,0,0
2023-12-28,SKU_004,store,0,0,19,0,0,0
2023-12-29,SKU_004,store,0,0,24,0,0,0
2023-12-30,SKU_004,store,0,0,16,0,0,0
2023-12-31,SKU_004,store,0,0,23,0,1,0
2024-01-01,SKU_004,store,0,0,16,0,0,1
2024-01-02,SKU_004,store,0,0,35,0,0,0
2024-01-03,SKU_004,store,0,0,38,0,0,0
2024-01-04,SKU_004,store,0,0,26,0,0,0
2024-01-05,SKU_004,store,0,0,17,0,0,0
2024-01-06,SKU_004,store,0,0,26,0,1,0
2024-01-07,SKU_004,store,0,0,16,0,0,0
2024-01-08,SKU_004,store,0,0,37,0,0,0
2024-01-09,SKU_004,store,0,0,28,0,0,0
2024-01-10,SKU_004,store,0,0,22,0,1,0
2024-01-11,SKU_004,store,0,0,13,0,0,0
2024-01-12,SKU_004,store,0,0,25,0,0,0
2024-01-13,SKU_004,store,0,0,26,0,0,0
2024-01-14,SKU_004,store,0,0,38,0,0,0
2024-01-15,SKU_004,store,0,0,21,0,0,0
2024-01-16,SKU_004,store,0,0,32,0,0,0
2024-01-17,SKU_004,store,0,0,25,0,0,0
2024-01-18,SKU_004,store,0,0,16,0,0,0
2024-01-19,SKU_004,store,0,0,15,0,0,0
2024-01-20,SKU_004,store,0,0,27,0,0,0
2024-01-21,SKU_004,store,0,0,35,0,0,0
2024-01-22,SKU_004,store,0,0,22,0,0,0
2024-01-23,SKU_004,store,0,0,35,0,0,0
2024-01-24,SKU_004,store,0,0,15,0,0,0
2024-01-25,SKU_004,store,0,0,22,0,0,0
2024-01-26,SKU_004,store,0,0,34,0,0,0
2024-01-27,SKU_004,store,0,0,37,0,0,0
2024-01-28,SKU_004,store,0,0,29,0,0,0
2024-01-29,SKU_004,store,260,0,18,260,1,0
2024-01-30,SKU_004,store,231,29,0,0,0,0
2024-01-31,SKU_004,store,213,18,0,0,0,0
2024-02-01,SKU_004,store,186,27,0,0,0,0
2024-02-02,SKU_004,store,176,10,0,0,0,0
2024-02-03,SKU_004,store,150,26,0,0,0,0
2024-02-04,SKU_004,store,124,26,0,0,0,0
2024-02-05,SKU_004,store,91,33,0,0,1,0
2024-02-06,SKU_004,store,61,30,0,0,0,0
2024-02-07,SKU_004,store,27,34,0,0,0,0
2024-02-08,SKU_004,store,5,22,0,0,0,0
2024-02-09,SKU_004,store,0,5,34,0,0,0
2024-02-10,SKU_004,store,0,0,36,0,0,0
2024-02-11,SKU_004,store,0,0,17,0,0,0
2024-02-12,SKU_004,store,0,0,40,0,0,0
2024-02-13,SKU_004,store,149,0,15,149,0,0
2024-02-14,SKU_004,store,125,24,0,0,0,0
2024-02-15,SKU_004,store,335,43,0,253,1,0
2024-02-16,SKU_004,store,314,21,0,0,0,0
2024-02-17,SKU_004,store,286,28,0,0,0,0
2024-02-18,SKU_004,store,247,39,0,0,0,0
2024-02-19,SKU_004,store,222,25,0,0,1,0
2024-02-20,SKU_004,store,197,25,0,0,0,0
2024-02-21,SKU_004,store,167,30,0,0,0,0
2024-02-22,SKU_004,store,132,35,0,0,0,0
2024-02-23,SKU_004,store,108,24,0,0,0,0
2024-02-24,SKU_004,store,91,17,0,0,0,0
2024-02-25,SKU_004,store,54,37,0,0,0,0
2024-02-26,SKU_004,store,23,31,0,0,1,0
2024-02-27,SKU_004,store,0,23,0,0,0,0
2024-02-28,SKU_004,store,0,0,17,0,0,0
2024-02-29,SKU_004,store,0,0,28,0,0,0
2024-03-01,SKU_004,store,0,0,23,0,0,0
2024-03-02,SKU_004,store,0,0,27,0,0,0
2024-03-03,SKU_004,store,0,0,41,0,0,0
2024-03-04,SKU_004,store,0,0,45,0,1,0
2024-03-05,SKU_004,store,132,0,33,132,0,0
2024-03-06,SKU_004,store,84,48,0,0,0,0
2024-03-07,SKU_004,store,182,39,0,137,0,0
2024-03-08,SKU_004,store,167,15,0,0,0,0
2024-03-09,SKU_004,store,137,30,0,0,0,0
2024-03-10,SKU_004,store,111,26,0,0,0,0
2024-03-11,SKU_004,store,92,19,0,0,0,0
2024-03-12,SKU_004,store,63,29,0,0,0,0
2024-03-13,SKU_004,store,34,29,0,0,0,0
2024-03-14,SKU_004,store,9,25,0,0,1,0
2024-03-15,SKU_004,store,0,9,28,0,0,0
2024-03-16,SKU_004,store,0,0,23,0,0,0
2024-03-17,SKU_004,store,0,0,22,0,0,0
2024-03-18,SKU_004,store,0,0,23,0,0,0
2024-03-19,SKU_004,store,0,0,21,0,0,0
2024-03-20,SKU_004,store,0,0,42,0,0,0
2024-03-21,SKU_004,store,0,0,32,0,0,0
2024-03-22,SKU_004,store,0,0,22,0,0,0
2024-03-23,SKU_004,store,0,0,13,0,1,0
2024-03-24,SKU_004,store,0,0,17,0,0,0
2024-03-25,SKU_004,store,0,0,26,0,0,0
2024-03-26,SKU_004,store,0,0,26,0,0,0
2024-03-27,SKU_004,store,0,0,34,0,0,0
2024-03-28,SKU_004,store,0,0,15,0,0,0
2024-03-29,SKU_004,store,0,0,8,0,0,0
2024-03-30,SKU_004,store,0,0,17,0,0,0
2024-03-31,SKU_004,store,0,0,25,0,0,0
2024-04-01,SKU_004,store,0,0,24,0,0,0
2024-04-02,SKU_004,store,0,0,14,0,0,0
2024-04-03,SKU_004,store,0,0,28,0,0,0
2024-04-04,SKU_004,store,0,0,18,0,0,0
2024-04-05,SKU_004,store,0,0,29,0,0,0
2024-04-06,SKU_004,store,0,0,22,0,0,0
2024-04-07,SKU_004,store,0,0,22,0,0,0
2024-04-08,SKU_004,store,139,0,23,139,0,0
2024-04-09,SKU_004,store,108,31,0,0,0,0
2024-04-10,SKU_004,store,83,25,0,0,0,0
2024-04-11,SKU_004,store,44,39,0,0,0,0
2024-04-12,SKU_004,store,32,12,0,0,0,0
2024-04-13,SKU_004,store,0,32,1,0,1,0
2024-04-14,SKU_004,store,0,0,19,0,0,0
2024-04-15,SKU_004,store,0,0,27,0,0,0
2024-04-16,SKU_004,store,0,0,19,0,0,0
2024-04-17,SKU_004,store,0,0,14,0,0,0
2024-04-18,SKU_004,store,0,0,34,0,0,0
2024-04-19,SKU_004,store,0,0,50,0,0,0
2024-04-20,SKU_004,store,0,0,42,0,0,0
2024-04-21,SKU_004,store,0,0,28,0,0,0
2024-04-22,SKU_004,store,0,0,30,0,0,0
2024-04-23,SKU_004,store,0,0,32,0,0,0
2024-04-24,SKU_004,store,0,0,18,0,0,0
2024-04-25,SKU_004,store,0,0,31,0,0,0
2024-04-26,SKU_004,store,0,0,15,0,0,0
2024-04-27,SKU_004,store,0,0,35,0,0,0
2024-04-28,SKU_004,store,0,0,32,0,0,0
2024-04-29,SKU_004,store,0,0,19,0,0,0
2024-04-30,SKU_004,store,0,0,26,0,0,0
2024-05-01,SKU_004,store,0,0,22,0,0,0
2024-05-02,SKU_004,store,0,0,18,0,1,0
2024-05-03,SKU_004,store,245,0,21,245,0,0
2024-05-04,SKU_004,store,218,27,0,0,0,0
2024-05-05,SKU_004,store,210,8,0,0,0,0
2024-05-06,SKU_004,store,172,38,0,0,0,0
2024-05-07,SKU_004,store,139,33,0,0,0,0
2024-05-08,SKU_004,store,99,40,0,0,0,0
2024-05-09,SKU_004,store,324,20,0,245,1,0
2024-05-10,SKU_004,store,314,10,0,0,0,0
2024-05-11,SKU_004,store,402,20,0,108,0,0
2024-05-12,SKU_004,store,376,26,0,0,0,0
2024-05-13,SKU_004,store,345,31,0,0,0,0
2024-05-14,SKU_004,store,321,24,0,0,0,0
2024-05-15,SKU_004,store,287,34,0,0,0,0
2024-05-16,SKU_004,store,257,30,0,0,0,0
2024-05-17,SKU_004,store,239,18,0,0,0,0
2024-05-18,SKU_004,store,213,26,0,0,0,0
2024-05-19,SKU_004,store,193,20,0,0,0,0
2024-05-20,SKU_004,store,152,41,0,0,0,0
2024-05-21,SKU_004,store,122,30,0,0,1,0
2024-05-22,SKU_004,store,93,29,0,0,0,0
2024-05-23,SKU_004,store,60,33,0,0,0,0
2024-05-24,SKU_004,store,21,39,0,0,0,0
2024-05-25,SKU_004,store,0,21,9,0,1,0
2024-05-26,SKU_004,store,0,0,31,0,1,0
2024-05-27,SKU_004,store,0,0,15,0,0,0
2024-05-28,SKU_004,store,0,0,21,0,0,0
2024-05-29,SKU_004,store,0,0,26,0,0,0
2024-05-30,SKU_004,store,0,0,22,0,0,0
2024-05-31,SKU_004,store,0,0,52,0,0,0
2024-06-01,SKU_004,store,0,0,21,0,0,0
2024-06-02,SKU_004,store,0,0,43,0,1,0
2024-06-03,SKU_004,store,0,0,23,0,0,0
2024-06-04,SKU_004,store,0,0,27,0,0,0
2024-06-05,SKU_004,store,0,0,42,0,1,0
2024-06-06,SKU_004,store,0,0,18,0,0,0
2024-06-07,SKU_004,store,0,0,29,0,0,0
2024-06-08,SKU_004,store,0,0,20,0,0,0
2024-06-09,SKU_004,store,0,0,22,0,0,0
2024-06-10,SKU_004,store,0,0,44,0,1,0
2024-06-11,SKU_004,store,0,0,22,0,1,0
2024-06-12,SKU_004,store,0,0,44,0,0,0
2024-06-13,SKU_004,store,0,0,25,0,0,0
2024-06-14,SKU_004,store,0,0,25,0,0,0
2024-06-15,SKU_004,store,0,0,17,0,0,0
2024-06-16,SKU_004,store,0,0,36,0,0,0
2024-06-17,SKU_004,store,0,0,34,0,0,0
2024-06-18,SKU_004,store,0,0,34,0,0,0
2024-06-19,SKU_004,store,0,0,35,0,0,0
2024-06-20,SKU_004,store,0,0,22,0,0,0
2024-06-21,SKU_004,store,0,0,28,0,0,0
2024-06-22,SKU_004,store,0,0,29,0,1,0
2024-06-23,SKU_004,store,0,0,36,0,0,0
2024-06-24,SKU_004,store,0,0,16,0,0,0
2024-06-25,SKU_004,store,0,0,28,0,0,0
2024-06-26,SKU_004,store,138,0,47,138,0,0
2024-06-27,SKU_004,store,121,17,0,0,0,0
2024-06-28,SKU_004,store,104,17,0,0,0,0
2024-06-29,SKU_004,store,84,20,0,0,0,0
2024-06-30,SKU_004,store,48,36,0,0,0,0
2024-07-01,SKU_004,store,31,17,0,0,1,0
2024-07-02,SKU_004,store,20,11,0,0,0,0
2024-07-03,SKU_004,store,175,19,0,174,0,0
2024-07-04,SKU_004,store,309,23,0,157,0,1
2024-07-05,SKU_004,store,265,44,0,0,0,0
2024-07-06,SKU_004,store,236,29,0,0,0,0
2024-07-07,SKU_004,store,206,30,0,0,0,0
2024-07-08,SKU_004,store,172,34,0,0,0,0
2024-07-09,SKU_004,store,150,22,0,0,0,0
2024-07-10,SKU_004,store,134,16,0,0,0,0
2024-07-11,SKU_004,store,101,33,0,0,0,0
2024-07-12,SKU_004,store,73,28,0,0,0,0
2024-07-13,SKU_004,store,55,18,0,0,0,0
2024-07-14,SKU_004,store,31,24,0,0,0,0
2024-07-15,SKU_004,store,0,31,1,0,0,0
2024-07-16,SKU_004,store,0,0,30,0,0,0
2024-07-17,SKU_004,store,0,0,42,0,0,0
2024-07-18,SKU_004,store,0,0,27,0,0,0
2024-07-19,SKU_004,store,120,0,31,120,0,0
2024-07-20,SKU_004,store,102,18,0,0,0,0
2024-07-21,SKU_004,store,88,14,0,0,0,0
2024-07-22,SKU_004,store,68,20,0,0,0,0
2024-07-23,SKU_004,store,42,26,0,0,0,0
2024-07-24,SKU_004,store,23,19,0,0,0,0
2024-07-25,SKU_004,store,0,23,11,0,0,0
2024-07-26,SKU_004,store,192,0,23,192,0,0
2024-07-27,SKU_004,store,176,16,0,0,0,0
2024-07-28,SKU_004,store,154,22,0,0,0,0
2024-07-29,SKU_004,store,116,38,0,0,0,0
2024-07-30,SKU_004,store,252,25,0,161,0,0
2024-07-31,SKU_004,store,225,27,0,0,0,0
2024-08-01,SKU_004,store,198,27,0,0,0,0
2024-08-02,SKU_004,store,388,28,0,218,0,0
2024-08-03,SKU_004,store,366,22,0,0,0,0
2024-08-04,SKU_004,store,341,25,0,0,0,0
2024-08-05,SKU_004,store,296,45,0,0,0,0
2024-08-06,SKU_004,store,279,17,0,0,0,0
2024-08-07,SKU_004,store,398,45,0,164,0,0
2024-08-08,SKU_004,store,355,43,0,0,0,0
2024-08-09,SKU_004,store,324,31,0,0,1,0
2024-08-10,SKU_004,store,541,29,0,246,0,0
2024-08-11,SKU_004,store,516,25,0,0,0,0
2024-08-12,SKU_004,store,492,24,0,0,0,0
2024-08-13,SKU_004,store,472,20,0,0,0,0
2024-08-14,SKU_004,store,445,27,0,0,0,0
2024-08-15,SKU_004,store,421,24,0,0,0,0
2024-08-16,SKU_004,store,393,28,0,0,0,0
2024-08-17,SKU_004,store,366,27,0,0,0,0
2024-08-18,SKU_004,store,337,29,0,0,1,0
2024-08-19,SKU_004,store,305,32,0,0,0,0
2024-08-20,SKU_004,store,461,31,0,187,0,0
2024-08-21,SKU_004,store,423,38,0,0,0,0
2024-08-22,SKU_004,store,397,26,0,0,0,0
2024-08-23,SKU_004,store,380,17,0,0,0,0
2024-08-24,SKU_004,store,365,15,0,0,0,0
2024-08-25,SKU_004,store,349,16,0,0,0,0
2024-08-26,SKU_004,store,330,19,0,0,0,0
2024-08-27,SKU_004,store,316,14,0,0,0,0
2024-08-28,SKU_004,store,414,26,0,124,0,0
2024-08-29,SKU_004,store,380,34,0,0,0,0
2024-08-30,SKU_004,store,350,30,0,0,0,0
2024-08-31,SKU_004,store,324,26,0,0,0,0
2024-09-01,SKU_004,store,421,40,0,137,0,0
2024-09-02,SKU_004,store,399,22,0,0,0,0
2024-09-03,SKU_004,store,377,22,0,0,0,0
2024-09-04,SKU_004,store,344,33,0,0,0,0
2024-09-05,SKU_004,store,330,14,0,0,0,0
2024-09-06,SKU_004,store,299,31,0,0,0,0
2024-09-07,SKU_004,store,264,35,0,0,0,0
2024-09-08,SKU_004,store,237,27,0,0,0,0
2024-09-09,SKU_004,store,220,17,0,0,0,0
2024-09-10,SKU_004,store,181,39,0,0,0,0
2024-09-11,SKU_004,store,156,25,0,0,0,0
2024-09-12,SKU_004,store,125,31,0,0,0,0
2024-09-13,SKU_004,store,84,41,0,0,0,0
2024-09-14,SKU_004,store,41,43,0,0,0,0
2024-09-15,SKU_004,store,19,22,0,0,0,0
2024-09-16,SKU_004,store,0,19,22,0,0,0
2024-09-17,SKU_004,store,0,0,31,0,0,0
2024-09-18,SKU_004,store,0,0,11,0,0,0
2024-09-19,SKU_004,store,0,0,15,0,0,0
2024-09-20,SKU_004,store,0,0,41,0,0,0
2024-09-21,SKU_004,store,0,0,40,0,0,0
2024-09-22,SKU_004,store,0,0,27,0,0,0
2024-09-23,SKU_004,store,0,0,41,0,0,0
2024-09-24,SKU_004,store,0,0,14,0,0,0
2024-09-25,SKU_004,store,0,0,23,0,0,0
2024-09-26,SKU_004,store,0,0,18,0,0,0
2024-09-27,SKU_004,store,0,0,16,0,0,0
2024-09-28,SKU_004,store,0,0,27,0,0,0
2024-09-29,SKU_004,store,0,0,22,0,0,0
2024-09-30,SKU_004,store,0,0,35,0,0,0
2024-10-01,SKU_004,store,0,0,17,0,0,0
2024-10-02,SKU_004,store,0,0,15,0,0,0
2024-10-03,SKU_004,store,0,0,34,0,0,0
2024-10-04,SKU_004,store,0,0,19,0,0,0
2024-10-05,SKU_004,store,0,0,12,0,0,0
2024-10-06,SKU_004,store,0,0,17,0,0,0
2024-10-07,SKU_004,store,0,0,29,0,0,0
2024-10-08,SKU_004,store,0,0,38,0,0,0
2024-10-09,SKU_004,store,0,0,17,0,0,0
2024-10-10,SKU_004,store,0,0,24,0,0,0
2024-10-11,SKU_004,store,0,0,36,0,0,0
2024-10-12,SKU_004,store,0,0,23,0,0,0
2024-10-13,SKU_004,store,0,0,30,0,1,0
2024-10-14,SKU_004,store,0,0,33,0,0,0
2024-10-15,SKU_004,store,0,0,23,0,1,0
2024-10-16,SKU_004,store,0,0,14,0,0,0
2024-10-17,SKU_004,store,0,0,19,0,0,0
2024-10-18,SKU_004,store,0,0,41,0,0,0
2024-10-19,SKU_004,store,0,0,35,0,0,0
2024-10-20,SKU_004,store,0,0,32,0,0,0
2024-10-21,SKU_004,store,0,0,30,0,0,0
2024-10-22,SKU_004,store,0,0,17,0,0,0
2024-10-23,SKU_004,store,0,0,15,0,0,0
2024-10-24,SKU_004,store,0,0,26,0,0,0
2024-10-25,SKU_004,store,0,0,35,0,0,0
2024-10-26,SKU_004,store,0,0,41,0,0,0
2024-10-27,SKU_004,store,0,0,29,0,0,0
2024-10-28,SKU_004,store,0,0,15,0,1,0
2024-10-29,SKU_004,store,0,0,33,0,0,0
2024-10-30,SKU_004,store,0,0,26,0,0,0
2024-10-31,SKU_004,store,0,0,19,0,0,0
2024-11-01,SKU_004,store,0,0,23,0,0,0
2024-11-02,SKU_004,store,0,0,25,0,0,0
2024-11-03,SKU_004,store,0,0,25,0,0,0
2024-11-04,SKU_004,store,0,0,34,0,0,0
2024-11-05,SKU_004,store,0,0,17,0,0,0
2024-11-06,SKU_004,store,0,0,33,0,0,0
2024-11-07,SKU_004,store,0,0,17,0,0,0
2024-11-08,SKU_004,store,0,0,28,0,1,0
2024-11-09,SKU_004,store,0,0,31,0,1,0
2024-11-10,SKU_004,store,269,0,18,269,0,0
2024-11-11,SKU_004,store,243,26,0,0,0,0
2024-11-12,SKU_004,store,236,7,0,0,0,0
2024-11-13,SKU_004,store,221,15,0,0,0,0
2024-11-14,SKU_004,store,180,41,0,0,0,0
2024-11-15,SKU_004,store,166,14,0,0,1,0
2024-11-16,SKU_004,store,123,43,0,0,0,0
2024-11-17,SKU_004,store,87,36,0,0,1,0
2024-11-18,SKU_004,store,61,26,0,0,0,0
2024-11-19,SKU_004,store,44,17,0,0,0,0
2024-11-20,SKU_004,store,13,31,0,0,0,0
2024-11-21,SKU_004,store,0,13,4,0,0,0
2024-11-22,SKU_004,store,0,0,23,0,0,0
2024-11-23,SKU_004,store,0,0,15,0,0,0
2024-11-24,SKU_004,store,0,0,22,0,0,0
2024-11-25,SKU_004,store,0,0,26,0,1,0
2024-11-26,SKU_004,store,0,0,36,0,0,0
2024-11-27,SKU_004,store,0,0,27,0,0,0
2024-11-28,SKU_004,store,133,0,32,133,0,1
2024-11-29,SKU_004,store,112,21,0,0,1,0
2024-11-30,SKU_004,store,76,36,0,0,0,0
2024-12-01,SKU_004,store,328,27,0,279,0,0
2024-12-02,SKU_004,store,501,22,0,195,0,0
2024-12-03,SKU_004,store,475,26,0,0,1,0
2024-12-04,SKU_004,store,455,20,0,0,0,0
2024-12-05,SKU_004,store,415,40,0,0,0,0
2024-12-06,SKU_004,store,399,16,0,0,0,0
2024-12-07,SKU_004,store,364,35,0,0,0,0
2024-12-08,SKU_004,store,337,27,0,0,0,0
2024-12-09,SKU_004,store,294,43,0,0,0,0
2024-12-10,SKU_004,store,265,29,0,0,0,0
2024-12-11,SKU_004,store,252,13,0,0,0,0
2024-12-12,SKU_004,store,220,32,0,0,0,0
2024-12-13,SKU_004,store,466,32,0,278,1,0
2024-12-14,SKU_004,store,428,38,0,0,0,0
2024-12-15,SKU_004,store,407,21,0,0,0,0
2024-12-16,SKU_004,store,368,39,0,0,0,0
2024-12-17,SKU_004,store,341,27,0,0,0,0
2024-12-18,SKU_004,store,315,26,0,0,0,0
2024-12-19,SKU_004,store,272,43,0,0,0,0
2024-12-20,SKU_004,store,258,14,0,0,0,0
2024-12-21,SKU_004,store,236,22,0,0,0,0
2024-12-22,SKU_004,store,212,24,0,0,0,0
2024-12-23,SKU_004,store,193,19,0,0,0,0
2024-12-24,SKU_004,store,166,27,0,0,0,0
2024-12-25,SKU_004,store,151,15,0,0,0,1
2024-12-26,SKU_004,store,127,24,0,0,1,0
2024-12-27,SKU_004,store,110,17,0,0,0,0
2024-12-28,SKU_004,store,75,35,0,0,0,0
2024-12-29,SKU_004,store,34,41,0,0,0,0
2024-12-30,SKU_004,store,11,23,0,0,0,0
2024-12-31,SKU_004,store,0,11,16,0,1,0
2023-01-01,SKU_004,ecomm,474,26,0,0,0,1
2023-01-02,SKU_004,ecomm,453,21,0,0,0,0
2023-01-03,SKU_004,ecomm,432,21,0,0,0,0
2023-01-04,SKU_004,ecomm,416,16,0,0,0,0
2023-01-05,SKU_004,ecomm,537,15,0,136,1,0
2023-01-06,SKU_004,ecomm,516,21,0,0,0,0
2023-01-07,SKU_004,ecomm,500,16,0,0,1,0
2023-01-08,SKU_004,ecomm,470,30,0,0,0,0
2023-01-09,SKU_004,ecomm,433,37,0,0,0,0
2023-01-10,SKU_004,ecomm,412,21,0,0,0,0
2023-01-11,SKU_004,ecomm,379,33,0,0,0,0
2023-01-12,SKU_004,ecomm,328,51,0,0,0,0
2023-01-13,SKU_004,ecomm,322,6,0,0,0,0
2023-01-14,SKU_004,ecomm,285,37,0,0,0,0
2023-01-15,SKU_004,ecomm,247,38,0,0,1,0
2023-01-16,SKU_004,ecomm,220,27,0,0,0,0
2023-01-17,SKU_004,ecomm,197,23,0,0,0,0
2023-01-18,SKU_004,ecomm,168,29,0,0,0,0
2023-01-19,SKU_004,ecomm,131,37,0,0,0,0
2023-01-20,SKU_004,ecomm,109,22,0,0,0,0
2023-01-21,SKU_004,ecomm,90,19,0,0,0,0
2023-01-22,SKU_004,ecomm,52,38,0,0,0,0
2023-01-23,SKU_004,ecomm,18,34,0,0,0,0
2023-01-24,SKU_004,ecomm,0,18,15,0,0,0
2023-01-25,SKU_004,ecomm,0,0,38,0,0,0
2023-01-26,SKU_004,ecomm,0,0,32,0,0,0
2023-01-27,SKU_004,ecomm,0,0,17,0,1,0
2023-01-28,SKU_004,ecomm,0,0,31,0,0,0
2023-01-29,SKU_004,ecomm,0,0,19,0,0,0
2023-01-30,SKU_004,ecomm,0,0,31,0,0,0
2023-01-31,SKU_004,ecomm,0,0,19,0,0,0
2023-02-01,SKU_004,ecomm,0,0,35,0,0,0
2023-02-02,SKU_004,ecomm,0,0,11,0,0,0
2023-02-03,SKU_004,ecomm,0,0,15,0,0,0
2023-02-04,SKU_004,ecomm,0,0,25,0,0,0
2023-02-05,SKU_004,ecomm,0,0,25,0,0,0
2023-02-06,SKU_004,ecomm,0,0,32,0,0,0
2023-02-07,SKU_004,ecomm,0,0,27,0,0,0
2023-02-08,SKU_004,ecomm,142,0,23,142,0,0
2023-02-09,SKU_004,ecomm,125,17,0,0,0,0
2023-02-10,SKU_004,ecomm,100,25,0,0,0,0
2023-02-11,SKU_004,ecomm,69,31,0,0,1,0
2023-02-12,SKU_004,ecomm,44,25,0,0,0,0
2023-02-13,SKU_004,ecomm,1,43,0,0,0,0
2023-02-14,SKU_004,ecomm,0,1,22,0,0,0
2023-02-15,SKU_004,ecomm,0,0,34,0,0,0
2023-02-16,SKU_004,ecomm,0,0,26,0,0,0
2023-02-17,SKU_004,ecomm,0,0,19,0,0,0
2023-02-18,SKU_004,ecomm,0,0,27,0,0,0
2023-02-19,SKU_004,ecomm,0,0,33,0,0,0
2023-02-20,SKU_004,ecomm,0,0,19,0,0,0
2023-02-21,SKU_004,ecomm,0,0,26,0,0,0
2023-02-22,SKU_004,ecomm,0,0,21,0,0,0
2023-02-23,SKU_004,ecomm,0,0,23,0,0,0
2023-02-24,SKU_004,ecomm,0,0,22,0,0,0
2023-02-25,SKU_004,ecomm,0,0,25,0,0,0
2023-02-26,SKU_004,ecomm,146,0,13,146,0,0
2023-02-27,SKU_004,ecomm,116,30,0,0,0,0
2023-02-28,SKU_004,ecomm,86,30,0,0,0,0
2023-03-01,SKU_004,ecomm,45,41,0,0,0,0
2023-03-02,SKU_004,ecomm,16,29,0,0,0,0
2023-03-03,SKU_004,ecomm,0,16,17,0,0,0
2023-03-04,SKU_004,ecomm,0,0,23,0,1,0
2023-03-05,SKU_004,ecomm,0,0,27,0,0,0
2023-03-06,SKU_004,ecomm,0,0,24,0,0,0
2023-03-07,SKU_004,ecomm,0,0,39,0,1,0
2023-03-08,SKU_004,ecomm,0,0,33,0,0,0
2023-03-09,SKU_004,ecomm,0,0,12,0,0,0
2023-03-10,SKU_004,ecomm,0,0,41,0,0,0
2023-03-11,SKU_004,ecomm,0,0,20,0,1,0
2023-03-12,SKU_004,ecomm,0,0,24,0,0,0
2023-03-13,SKU_004,ecomm,0,0,18,0,0,0
2023-03-14,SKU_004,ecomm,0,0,26,0,0,0
2023-03-15,SKU_004,ecomm,0,0,34,0,0,0
2023-03-16,SKU_004,ecomm,0,0,16,0,0,0
2023-03-17,SKU_004,ecomm,0,0,23,0,0,0
2023-03-18,SKU_004,ecomm,156,0,25,156,1,0
2023-03-19,SKU_004,ecomm,114,42,0,0,0,0
2023-03-20,SKU_004,ecomm,82,32,0,0,0,0
2023-03-21,SKU_004,ecomm,62,20,0,0,0,0
2023-03-22,SKU_004,ecomm,46,16,0,0,0,0
2023-03-23,SKU_004,ecomm,17,29,0,0,1,0
2023-03-24,SKU_004,ecomm,0,17,3,0,0,0
2023-03-25,SKU_004,ecomm,0,0,30,0,0,0
2023-03-26,SKU_004,ecomm,0,0,33,0,0,0
2023-03-27,SKU_004,ecomm,0,0,29,0,1,0
2023-03-28,SKU_004,ecomm,0,0,22,0,0,0
2023-03-29,SKU_004,ecomm,0,0,18,0,0,0
2023-03-30,SKU_004,ecomm,0,0,25,0,0,0
2023-03-31,SKU_004,ecomm,0,0,24,0,0,0
2023-04-01,SKU_004,ecomm,0,0,38,0,1,0
2023-04-02,SKU_004,ecomm,0,0,35,0,0,0
2023-04-03,SKU_004,ecomm,0,0,17,0,0,0
2023-04-04,SKU_004,ecomm,0,0,43,0,0,0
2023-04-05,SKU_004,ecomm,0,0,17,0,0,0
2023-04-06,SKU_004,ecomm,0,0,15,0,0,0
2023-04-07,SKU_004,ecomm,0,0,27,0,0,0
2023-04-08,SKU_004,ecomm,0,0,43,0,0,0
2023-04-09,SKU_004,ecomm,0,0,12,0,0,0
2023-04-10,SKU_004,ecomm,0,0,34,0,0,0
2023-04-11,SKU_004,ecomm,0,0,19,0,0,0
2023-04-12,SKU_004,ecomm,0,0,27,0,0,0
2023-04-13,SKU_004,ecomm,0,0,32,0,0,0
2023-04-14,SKU_004,ecomm,0,0,41,0,0,0
2023-04-15,SKU_004,ecomm,0,0,25,0,0,0
2023-04-16,SKU_004,ecomm,0,0,41,0,0,0
2023-04-17,SKU_004,ecomm,0,0,27,0,0,0
2023-04-18,SKU_004,ecomm,0,0,14,0,0,0
2023-04-19,SKU_004,ecomm,0,0,32,0,1,0
2023-04-20,SKU_004,ecomm,0,0,36,0,0,0
2023-04-21,SKU_004,ecomm,0,0,28,0,0,0
2023-04-22,SKU_004,ecomm,0,0,32,0,0,0
2023-04-23,SKU_004,ecomm,0,0,24,0,0,0
2023-04-24,SKU_004,ecomm,0,0,19,0,0,0
2023-04-25,SKU_004,ecomm,0,0,23,0,0,0
2023-04-26,SKU_004,ecomm,0,0,11,0,0,0
2023-04-27,SKU_004,ecomm,0,0,33,0,0,0
2023-04-28,SKU_004,ecomm,0,0,33,0,0,0
2023-04-29,SKU_004,ecomm,0,0,21,0,0,0
2023-04-30,SKU_004,ecomm,0,0,44,0,0,0
2023-05-01,SKU_004,ecomm,0,0,34,0,0,0
2023-05-02,SKU_004,ecomm,0,0,38,0,0,0
2023-05-03,SKU_004,ecomm,246,0,24,246,0,0
2023-05-04,SKU_004,ecomm,223,23,0,0,0,0
2023-05-05,SKU_004,ecomm,185,38,0,0,1,0
2023-05-06,SKU_004,ecomm,167,18,0,0,0,0
2023-05-07,SKU_004,ecomm,358,14,0,205,0,0
2023-05-08,SKU_004,ecomm,330,28,0,0,0,0
2023-05-09,SKU_004,ecomm,303,27,0,0,0,0
2023-05-10,SKU_004,ecomm,278,25,0,0,0,0
2023-05-11,SKU_004,ecomm,241,37,0,0,0,0
2023-05-12,SKU_004,ecomm,209,32,0,0,1,0
2023-05-13,SKU_004,ecomm,191,18,0,0,0,0
2023-05-14,SKU_004,ecomm,165,26,0,0,0,0
2023-05-15,SKU_004,ecomm,146,19,0,0,0,0
2023-05-16,SKU_004,ecomm,119,27,0,0,0,0
2023-05-17,SKU_004,ecomm,79,40,0,0,0,0
2023-05-18,SKU_004,ecomm,38,41,0,0,0,0
2023-05-19,SKU_004,ecomm,0,38,2,0,0,0
2023-05-20,SKU_004,ecomm,0,0,37,0,0,0
2023-05-21,SKU_004,ecomm,0,0,31,0,0,0
2023-05-22,SKU_004,ecomm,0,0,21,0,0,0
2023-05-23,SKU_004,ecomm,0,0,44,0,0,0
2023-05-24,SKU_004,ecomm,0,0,39,0,0,0
2023-05-25,SKU_004,ecomm,0,0,34,0,0,0
2023-05-26,SKU_004,ecomm,0,0,30,0,0,0
2023-05-27,SKU_004,ecomm,0,0,23,0,0,0
2023-05-28,SKU_004,ecomm,0,0,18,0,0,0
2023-05-29,SKU_004,ecomm,0,0,21,0,0,0
2023-05-30,SKU_004,ecomm,0,0,35,0,0,0
2023-05-31,SKU_004,ecomm,0,0,26,0,0,0
2023-06-01,SKU_004,ecomm,0,0,35,0,0,0
2023-06-02,SKU_004,ecomm,0,0,42,0,0,0
2023-06-03,SKU_004,ecomm,0,0,44,0,0,0
2023-06-04,SKU_004,ecomm,0,0,28,0,0,0
2023-06-05,SKU_004,ecomm,0,0,18,0,0,0
2023-06-06,SKU_004,ecomm,0,0,38,0,0,0
2023-06-07,SKU_004,ecomm,0,0,36,0,0,0
2023-06-08,SKU_004,ecomm,0,0,19,0,0,0
2023-06-09,SKU_004,ecomm,0,0,35,0,0,0
2023-06-10,SKU_004,ecomm,0,0,30,0,0,0
2023-06-11,SKU_004,ecomm,0,0,23,0,1,0
2023-06-12,SKU_004,ecomm,0,0,17,0,0,0
2023-06-13,SKU_004,ecomm,0,0,14,0,0,0
2023-06-14,SKU_004,ecomm,0,0,11,0,0,0
2023-06-15,SKU_004,ecomm,0,0,42,0,0,0
2023-06-16,SKU_004,ecomm,0,0,18,0,0,0
2023-06-17,SKU_004,ecomm,0,0,26,0,1,0
2023-06-18,SKU_004,ecomm,288,0,21,288,0,0
2023-06-19,SKU_004,ecomm,272,16,0,0,0,0
2023-06-20,SKU_004,ecomm,238,34,0,0,0,0
2023-06-21,SKU_004,ecomm,198,40,0,0,0,0
2023-06-22,SKU_004,ecomm,170,28,0,0,0,0
2023-06-23,SKU_004,ecomm,143,27,0,0,0,0
2023-06-24,SKU_004,ecomm,103,40,0,0,0,0
2023-06-25,SKU_004,ecomm,82,21,0,0,0,0
2023-06-26,SKU_004,ecomm,56,26,0,0,0,0
2023-06-27,SKU_004,ecomm,37,19,0,0,0,0
2023-06-28,SKU_004,ecomm,18,19,0,0,0,0
2023-06-29,SKU_004,ecomm,0,18,4,0,0,0
2023-06-30,SKU_004,ecomm,168,0,13,168,0,0
2023-07-01,SKU_004,ecomm,145,23,0,0,0,0
2023-07-02,SKU_004,ecomm,114,31,0,0,0,0
2023-07-03,SKU_004,ecomm,85,29,0,0,0,0
2023-07-04,SKU_004,ecomm,74,11,0,0,0,1
2023-07-05,SKU_004,ecomm,55,19,0,0,1,0
2023-07-06,SKU_004,ecomm,41,14,0,0,1,0
2023-07-07,SKU_004,ecomm,29,12,0,0,0,0
2023-07-08,SKU_004,ecomm,0,29,1,0,0,0
2023-07-09,SKU_004,ecomm,0,0,25,0,0,0
2023-07-10,SKU_004,ecomm,0,0,24,0,0,0
2023-07-11,SKU_004,ecomm,0,0,19,0,0,0
2023-07-12,SKU_004,ecomm,0,0,28,0,0,0
2023-07-13,SKU_004,ecomm,0,0,27,0,0,0
2023-07-14,SKU_004,ecomm,0,0,16,0,0,0
2023-07-15,SKU_004,ecomm,0,0,23,0,0,0
2023-07-16,SKU_004,ecomm,0,0,16,0,0,0
2023-07-17,SKU_004,ecomm,0,0,48,0,0,0
2023-07-18,SKU_004,ecomm,125,0,28,125,0,0
2023-07-19,SKU_004,ecomm,98,27,0,0,0,0
2023-07-20,SKU_004,ecomm,84,14,0,0,0,0
2023-07-21,SKU_004,ecomm,47,37,0,0,0,0
2023-07-22,SKU_004,ecomm,11,36,0,0,1,0
2023-07-23,SKU_004,ecomm,0,11,29,0,0,0
2023-07-24,SKU_004,ecomm,0,0,15,0,0,0
2023-07-25,SKU_004,ecomm,0,0,14,0,0,0
2023-07-26,SKU_004,ecomm,0,0,33,0,0,0
2023-07-27,SKU_004,ecomm,0,0,22,0,0,0
2023-07-28,SKU_004,ecomm,0,0,25,0,0,0
2023-07-29,SKU_004,ecomm,0,0,24,0,1,0
2023-07-30,SKU_004,ecomm,0,0,25,0,0,0
2023-07-31,SKU_004,ecomm,0,0,38,0,0,0
2023-08-01,SKU_004,ecomm,0,0,39,0,0,0
2023-08-02,SKU_004,ecomm,0,0,38,0,0,0
2023-08-03,SKU_004,ecomm,0,0,31,0,0,0
2023-08-04,SKU_004,ecomm,0,0,21,0,0,0
2023-08-05,SKU_004,ecomm,0,0,18,0,0,0
2023-08-06,SKU_004,ecomm,0,0,34,0,0,0
2023-08-07,SKU_004,ecomm,0,0,35,0,0,0
2023-08-08,SKU_004,ecomm,0,0,27,0,0,0
2023-08-09,SKU_004,ecomm,0,0,17,0,1,0
2023-08-10,SKU_004,ecomm,0,0,20,0,0,0
2023-08-11,SKU_004,ecomm,0,0,39,0,0,0
2023-08-12,SKU_004,ecomm,0,0,28,0,0,0
2023-08-13,SKU_004,ecomm,0,0,20,0,0,0
2023-08-14,SKU_004,ecomm,0,0,27,0,0,0
2023-08-15,SKU_004,ecomm,0,0,23,0,0,0
2023-08-16,SKU_004,ecomm,0,0,18,0,0,0
2023-08-17,SKU_004,ecomm,0,0,21,0,0,0
2023-08-18,SKU_004,ecomm,0,0,34,0,0,0
2023-08-19,SKU_004,ecomm,0,0,17,0,0,0
2023-08-20,SKU_004,ecomm,0,0,14,0,1,0
2023-08-21,SKU_004,ecomm,0,0,32,0,0,0
2023-08-22,SKU_004,ecomm,0,0,41,0,0,0
2023-08-23,SKU_004,ecomm,0,0,13,0,0,0
2023-08-24,SKU_004,ecomm,0,0,17,0,1,0
2023-08-25,SKU_004,ecomm,0,0,37,0,0,0
2023-08-26,SKU_004,ecomm,0,0,30,0,0,0
2023-08-27,SKU_004,ecomm,0,0,18,0,0,0
2023-08-28,SKU_004,ecomm,0,0,16,0,0,0
2023-08-29,SKU_004,ecomm,0,0,21,0,0,0
2023-08-30,SKU_004,ecomm,0,0,32,0,0,0
2023-08-31,SKU_004,ecomm,0,0,26,0,0,0
2023-09-01,SKU_004,ecomm,0,0,31,0,0,0
2023-09-02,SKU_004,ecomm,0,0,16,0,0,0
2023-09-03,SKU_004,ecomm,0,0,27,0,0,0
2023-09-04,SKU_004,ecomm,0,0,33,0,0,0
2023-09-05,SKU_004,ecomm,190,0,23,190,0,0
2023-09-06,SKU_004,ecomm,148,42,0,0,0,0
2023-09-07,SKU_004,ecomm,128,20,0,0,0,0
2023-09-08,SKU_004,ecomm,373,29,0,274,0,0
2023-09-09,SKU_004,ecomm,340,33,0,0,0,0
2023-09-10,SKU_004,ecomm,492,17,0,169,0,0
2023-09-11,SKU_004,ecomm,459,33,0,0,0,0
2023-09-12,SKU_004,ecomm,446,13,0,0,0,0
2023-09-13,SKU_004,ecomm,422,24,0,0,0,0
2023-09-14,SKU_004,ecomm,400,22,0,0,0,0
2023-09-15,SKU_004,ecomm,384,16,0,0,1,0
2023-09-16,SKU_004,ecomm,366,18,0,0,0,0
2023-09-17,SKU_004,ecomm,318,48,0,0,1,0
2023-09-18,SKU_004,ecomm,281,37,0,0,0,0
2023-09-19,SKU_004,ecomm,251,30,0,0,0,0
2023-09-20,SKU_004,ecomm,221,30,0,0,0,0
2023-09-21,SKU_004,ecomm,194,27,0,0,0,0
2023-09-22,SKU_004,ecomm,164,30,0,0,1,0
2023-09-23,SKU_004,ecomm,149,15,0,0,0,0
2023-09-24,SKU_004,ecomm,138,11,0,0,0,0
2023-09-25,SKU_004,ecomm,120,18,0,0,0,0
2023-09-26,SKU_004,ecomm,80,40,0,0,0,0
2023-09-27,SKU_004,ecomm,53,27,0,0,0,0
2023-09-28,SKU_004,ecomm,34,19,0,0,0,0
2023-09-29,SKU_004,ecomm,17,17,0,0,0,0
2023-09-30,SKU_004,ecomm,0,17,26,0,1,0
2023-10-01,SKU_004,ecomm,0,0,34,0,0,0
2023-10-02,SKU_004,ecomm,0,0,17,0,0,0
2023-10-03,SKU_004,ecomm,0,0,21,0,0,0
2023-10-04,SKU_004,ecomm,0,0,21,0,0,0
2023-10-05,SKU_004,ecomm,100,0,39,100,0,0
2023-10-06,SKU_004,ecomm,65,35,0,0,0,0
2023-10-07,SKU_004,ecomm,23,42,0,0,1,0
2023-10-08,SKU_004,ecomm,0,23,10,0,0,0
2023-10-09,SKU_004,ecomm,0,0,21,0,0,0
2023-10-10,SKU_004,ecomm,0,0,26,0,0,0
2023-10-11,SKU_004,ecomm,0,0,29,0,0,0
2023-10-12,SKU_004,ecomm,0,0,13,0,0,0
2023-10-13,SKU_004,ecomm,0,0,42,0,0,0
2023-10-14,SKU_004,ecomm,0,0,16,0,0,0
2023-10-15,SKU_004,ecomm,0,0,25,0,1,0
2023-10-16,SKU_004,ecomm,0,0,32,0,0,0
2023-10-17,SKU_004,ecomm,0,0,19,0,0,0
2023-10-18,SKU_004,ecomm,0,0,36,0,0,0
2023-10-19,SKU_004,ecomm,0,0,30,0,0,0
2023-10-20,SKU_004,ecomm,0,0,24,0,0,0
2023-10-21,SKU_004,ecomm,0,0,17,0,0,0
2023-10-22,SKU_004,ecomm,0,0,29,0,0,0
2023-10-23,SKU_004,ecomm,0,0,28,0,0,0
2023-10-24,SKU_004,ecomm,0,0,17,0,0,0
2023-10-25,SKU_004,ecomm,0,0,32,0,0,0
2023-10-26,SKU_004,ecomm,0,0,50,0,0,0
2023-10-27,SKU_004,ecomm,0,0,41,0,0,0
2023-10-28,SKU_004,ecomm,0,0,34,0,0,0
2023-10-29,SKU_004,ecomm,0,0,28,0,0,0
2023-10-30,SKU_004,ecomm,0,0,42,0,0,0
2023-10-31,SKU_004,ecomm,0,0,22,0,0,0
2023-11-01,SKU_004,ecomm,0,0,34,0,0,0
2023-11-02,SKU_004,ecomm,0,0,20,0,0,0
2023-11-03,SKU_004,ecomm,0,0,11,0,0,0
2023-11-04,SKU_004,ecomm,0,0,18,0,0,0
2023-11-05,SKU_004,ecomm,0,0,38,0,0,0
2023-11-06,SKU_004,ecomm,0,0,33,0,0,0
2023-11-07,SKU_004,ecomm,0,0,34,0,0,0
2023-11-08,SKU_004,ecomm,0,0,30,0,0,0
2023-11-09,SKU_004,ecomm,0,0,19,0,0,0
2023-11-10,SKU_004,ecomm,0,0,25,0,0,0
2023-11-11,SKU_004,ecomm,0,0,29,0,0,0
2023-11-12,SKU_004,ecomm,0,0,19,0,0,0
2023-11-13,SKU_004,ecomm,0,0,48,0,0,0
2023-11-14,SKU_004,ecomm,0,0,35,0,0,0
2023-11-15,SKU_004,ecomm,0,0,32,0,0,0
2023-11-16,SKU_004,ecomm,0,0,36,0,0,0
2023-11-17,SKU_004,ecomm,0,0,28,0,0,0
2023-11-18,SKU_004,ecomm,0,0,22,0,0,0
2023-11-19,SKU_004,ecomm,0,0,32,0,0,0
2023-11-20,SKU_004,ecomm,0,0,40,0,0,0
2023-11-21,SKU_004,ecomm,0,0,24,0,0,0
2023-11-22,SKU_004,ecomm,0,0,10,0,1,0
2023-11-23,SKU_004,ecomm,0,0,15,0,0,1
2023-11-24,SKU_004,ecomm,0,0,16,0,0,0
2023-11-25,SKU_004,ecomm,0,0,25,0,1,0
2023-11-26,SKU_004,ecomm,0,0,22,0,1,0
2023-11-27,SKU_004,ecomm,0,0,9,0,0,0
2023-11-28,SKU_004,ecomm,0,0,15,0,0,0
2023-11-29,SKU_004,ecomm,0,0,25,0,0,0
2023-11-30,SKU_004,ecomm,0,0,24,0,0,0
2023-12-01,SKU_004,ecomm,0,0,24,0,0,0
2023-12-02,SKU_004,ecomm,0,0,20,0,0,0
2023-12-03,SKU_004,ecomm,179,0,17,179,0,0
2023-12-04,SKU_004,ecomm,164,15,0,0,0,0
2023-12-05,SKU_004,ecomm,128,36,0,0,0,0
2023-12-06,SKU_004,ecomm,100,28,0,0,0,0
2023-12-07,SKU_004,ecomm,59,41,0,0,1,0
2023-12-08,SKU_004,ecomm,40,19,0,0,0,0
2023-12-09,SKU_004,ecomm,17,23,0,0,1,0
2023-12-10,SKU_004,ecomm,102,17,18,102,0,0
2023-12-11,SKU_004,ecomm,72,30,0,0,0,0
2023-12-12,SKU_004,ecomm,60,12,0,0,0,0
2023-12-13,SKU_004,ecomm,35,25,0,0,0,0
2023-12-14,SKU_004,ecomm,0,35,5,0,0,0
2023-12-15,SKU_004,ecomm,0,0,20,0,0,0
2023-12-16,SKU_004,ecomm,0,0,22,0,0,0
2023-12-17,SKU_004,ecomm,0,0,23,0,1,0
2023-12-18,SKU_004,ecomm,0,0,10,0,0,0
2023-12-19,SKU_004,ecomm,0,0,30,0,0,0
2023-12-20,SKU_004,ecomm,0,0,24,0,0,0
2023-12-21,SKU_004,ecomm,0,0,15,0,0,0
2023-12-22,SKU_004,ecomm,0,0,37,0,0,0
2023-12-23,SKU_004,ecomm,0,0,35,0,0,0
2023-12-24,SKU_004,ecomm,0,0,17,0,0,0
2023-12-25,SKU_004,ecomm,0,0,22,0,0,1
2023-12-26,SKU_004,ecomm,0,0,21,0,0,0
2023-12-27,SKU_004,ecomm,0,0,46,0,0,0
2023-12-28,SKU_004,ecomm,0,0,17,0,0,0
2023-12-29,SKU_004,ecomm,0,0,26,0,0,0
2023-12-30,SKU_004,ecomm,0,0,40,0,0,0
2023-12-31,SKU_004,ecomm,0,0,37,0,0,0
2024-01-01,SKU_004,ecomm,0,0,41,0,0,1
2024-01-02,SKU_004,ecomm,0,0,32,0,0,0
2024-01-03,SKU_004,ecomm,0,0,40,0,0,0
2024-01-04,SKU_004,ecomm,246,0,41,246,1,0
2024-01-05,SKU_004,ecomm,233,13,0,0,1,0
2024-01-06,SKU_004,ecomm,212,21,0,0,0,0
2024-01-07,SKU_004,ecomm,183,29,0,0,0,0
2024-01-08,SKU_004,ecomm,167,16,0,0,0,0
2024-01-09,SKU_004,ecomm,149,18,0,0,0,0
2024-01-10,SKU_004,ecomm,114,35,0,0,1,0
2024-01-11,SKU_004,ecomm,72,42,0,0,0,0
2024-01-12,SKU_004,ecomm,29,43,0,0,0,0
2024-01-13,SKU_004,ecomm,0,29,4,0,0,0
2024-01-14,SKU_004,ecomm,0,0,15,0,0,0
2024-01-15,SKU_004,ecomm,0,0,20,0,0,0
2024-01-16,SKU_004,ecomm,0,0,44,0,1,0
2024-01-17,SKU_004,ecomm,0,0,34,0,0,0
2024-01-18,SKU_004,ecomm,0,0,13,0,0,0
2024-01-19,SKU_004,ecomm,0,0,27,0,0,0
2024-01-20,SKU_004,ecomm,0,0,25,0,0,0
2024-01-21,SKU_004,ecomm,0,0,23,0,0,0
2024-01-22,SKU_004,ecomm,0,0,21,0,0,0
2024-01-23,SKU_004,ecomm,0,0,27,0,0,0
2024-01-24,SKU_004,ecomm,0,0,37,0,0,0
2024-01-25,SKU_004,ecomm,0,0,33,0,0,0
2024-01-26,SKU_004,ecomm,0,0,17,0,0,0
2024-01-27,SKU_004,ecomm,0,0,19,0,0,0
2024-01-28,SKU_004,ecomm,0,0,28,0,0,0
2024-01-29,SKU_004,ecomm,0,0,34,0,0,0
2024-01-30,SKU_004,ecomm,0,0,17,0,1,0
2024-01-31,SKU_004,ecomm,0,0,31,0,1,0
2024-02-01,SKU_004,ecomm,0,0,51,0,0,0
2024-02-02,SKU_004,ecomm,0,0,22,0,0,0
2024-02-03,SKU_004,ecomm,0,0,36,0,0,0
2024-02-04,SKU_004,ecomm,0,0,20,0,0,0
2024-02-05,SKU_004,ecomm,0,0,26,0,1,0
2024-02-06,SKU_004,ecomm,0,0,42,0,0,0
2024-02-07,SKU_004,ecomm,0,0,29,0,0,0
2024-02-08,SKU_004,ecomm,0,0,18,0,0,0
2024-02-09,SKU_004,ecomm,0,0,33,0,1,0
2024-02-10,SKU_004,ecomm,0,0,37,0,0,0
2024-02-11,SKU_004,ecomm,0,0,32,0,0,0
2024-02-12,SKU_004,ecomm,0,0,32,0,0,0
2024-02-13,SKU_004,ecomm,0,0,37,0,0,0
2024-02-14,SKU_004,ecomm,0,0,36,0,0,0
2024-02-15,SKU_004,ecomm,0,0,36,0,0,0
2024-02-16,SKU_004,ecomm,0,0,25,0,0,0
2024-02-17,SKU_004,ecomm,0,0,40,0,1,0
2024-02-18,SKU_004,ecomm,0,0,33,0,0,0
2024-02-19,SKU_004,ecomm,0,0,21,0,0,0
2024-02-20,SKU_004,ecomm,0,0,44,0,0,0
2024-02-21,SKU_004,ecomm,0,0,24,0,1,0
2024-02-22,SKU_004,ecomm,0,0,41,0,0,0
2024-02-23,SKU_004,ecomm,0,0,29,0,0,0
2024-02-24,SKU_004,ecomm,0,0,37,0,0,0
2024-02-25,SKU_004,ecomm,0,0,24,0,0,0
2024-02-26,SKU_004,ecomm,0,0,19,0,0,0
2024-02-27,SKU_004,ecomm,0,0,22,0,1,0
2024-02-28,SKU_004,ecomm,0,0,13,0,0,0
2024-02-29,SKU_004,ecomm,0,0,24,0,1,0
2024-03-01,SKU_004,ecomm,0,0,20,0,0,0
2024-03-02,SKU_004,ecomm,0,0,27,0,0,0
2024-03-03,SKU_004,ecomm,0,0,41,0,0,0
2024-03-04,SKU_004,ecomm,0,0,31,0,0,0
2024-03-05,SKU_004,ecomm,0,0,37,0,1,0
2024-03-06,SKU_004,ecomm,0,0,20,0,0,0
2024-03-07,SKU_004,ecomm,0,0,28,0,0,0
2024-03-08,SKU_004,ecomm,0,0,32,0,0,0
2024-03-09,SKU_004,ecomm,0,0,37,0,0,0
2024-03-10,SKU_004,ecomm,0,0,23,0,0,0
2024-03-11,SKU_004,ecomm,0,0,28,0,0,0
2024-03-12,SKU_004,ecomm,0,0,8,0,0,0
2024-03-13,SKU_004,ecomm,0,0,9,0,0,0
2024-03-14,SKU_004,ecomm,0,0,28,0,0,0
2024-03-15,SKU_004,ecomm,0,0,30,0,0,0
2024-03-16,SKU_004,ecomm,0,0,39,0,0,0
2024-03-17,SKU_004,ecomm,0,0,30,0,0,0
2024-03-18,SKU_004,ecomm,0,0,31,0,0,0
2024-03-19,SKU_004,ecomm,0,0,21,0,0,0
2024-03-20,SKU_004,ecomm,0,0,18,0,0,0
2024-03-21,SKU_004,ecomm,0,0,30,0,0,0
2024-03-22,SKU_004,ecomm,0,0,12,0,0,0
2024-03-23,SKU_004,ecomm,0,0,37,0,0,0
2024-03-24,SKU_004,ecomm,0,0,32,0,0,0
2024-03-25,SKU_004,ecomm,0,0,19,0,0,0
2024-03-26,SKU_004,ecomm,0,0,32,0,0,0
2024-03-27,SKU_004,ecomm,0,0,8,0,1,0
2024-03-28,SKU_004,ecomm,0,0,35,0,0,0
2024-03-29,SKU_004,ecomm,0,0,32,0,0,0
2024-03-30,SKU_004,ecomm,0,0,27,0,0,0
2024-03-31,SKU_004,ecomm,0,0,37,0,0,0
2024-04-01,SKU_004,ecomm,0,0,15,0,0,0
2024-04-02,SKU_004,ecomm,0,0,42,0,0,0
2024-04-03,SKU_004,ecomm,0,0,24,0,0,0
2024-04-04,SKU_004,ecomm,0,0,30,0,0,0
2024-04-05,SKU_004,ecomm,0,0,26,0,0,0
2024-04-06,SKU_004,ecomm,0,0,27,0,0,0
2024-04-07,SKU_004,ecomm,0,0,19,0,0,0
2024-04-08,SKU_004,ecomm,0,0,23,0,0,0
2024-04-09,SKU_004,ecomm,0,0,27,0,0,0
2024-04-10,SKU_004,ecomm,0,0,23,0,1,0
2024-04-11,SKU_004,ecomm,0,0,24,0,0,0
2024-04-12,SKU_004,ecomm,0,0,35,0,0,0
2024-04-13,SKU_004,ecomm,0,0,30,0,0,0
2024-04-14,SKU_004,ecomm,0,0,33,0,0,0
2024-04-15,SKU_004,ecomm,0,0,28,0,0,0
2024-04-16,SKU_004,ecomm,0,0,18,0,1,0
2024-04-17,SKU_004,ecomm,0,0,26,0,0,0
2024-04-18,SKU_004,ecomm,0,0,41,0,1,0
2024-04-19,SKU_004,ecomm,0,0,21,0,0,0
2024-04-20,SKU_004,ecomm,0,0,24,0,0,0
2024-04-21,SKU_004,ecomm,0,0,20,0,0,0
2024-04-22,SKU_004,ecomm,0,0,23,0,0,0
2024-04-23,SKU_004,ecomm,0,0,43,0,1,0
2024-04-24,SKU_004,ecomm,0,0,14,0,0,0
2024-04-25,SKU_004,ecomm,0,0,20,0,0,0
2024-04-26,SKU_004,ecomm,0,0,19,0,0,0
2024-04-27,SKU_004,ecomm,0,0,29,0,0,0
2024-04-28,SKU_004,ecomm,0,0,28,0,0,0
2024-04-29,SKU_004,ecomm,0,0,20,0,0,0
2024-04-30,SKU_004,ecomm,0,0,17,0,1,0
2024-05-01,SKU_004,ecomm,0,0,24,0,0,0
2024-05-02,SKU_004,ecomm,0,0,14,0,0,0
2024-05-03,SKU_004,ecomm,0,0,32,0,0,0
2024-05-04,SKU_004,ecomm,0,0,28,0,0,0
2024-05-05,SKU_004,ecomm,0,0,35,0,1,0
2024-05-06,SKU_004,ecomm,0,0,35,0,0,0
2024-05-07,SKU_004,ecomm,0,0,21,0,0,0
2024-05-08,SKU_004,ecomm,0,0,30,0,0,0
2024-05-09,SKU_004,ecomm,0,0,25,0,0,0
2024-05-10,SKU_004,ecomm,0,0,24,0,0,0
2024-05-11,SKU_004,ecomm,0,0,41,0,0,0
2024-05-12,SKU_004,ecomm,0,0,28,0,0,0
2024-05-13,SKU_004,ecomm,0,0,7,0,0,0
2024-05-14,SKU_004,ecomm,0,0,11,0,1,0
2024-05-15,SKU_004,ecomm,0,0,40,0,0,0
2024-05-16,SKU_004,ecomm,0,0,23,0,1,0
2024-05-17,SKU_004,ecomm,0,0,31,0,0,0
2024-05-18,SKU_004,ecomm,0,0,27,0,0,0
2024-05-19,SKU_004,ecomm,103,0,20,103,0,0
2024-05-20,SKU_004,ecomm,75,28,0,0,0,0
2024-05-21,SKU_004,ecomm,57,18,0,0,0,0
2024-05-22,SKU_004,ecomm,32,25,0,0,0,0
2024-05-23,SKU_004,ecomm,3,29,0,0,0,0
2024-05-24,SKU_004,ecomm,228,3,16,228,0,0
2024-05-25,SKU_004,ecomm,195,33,0,0,0,0
2024-05-26,SKU_004,ecomm,150,45,0,0,0,0
2024-05-27,SKU_004,ecomm,118,32,0,0,0,0
2024-05-28,SKU_004,ecomm,98,20,0,0,0,0
2024-05-29,SKU_004,ecomm,81,17,0,0,0,0
2024-05-30,SKU_004,ecomm,46,35,0,0,0,0
2024-05-31,SKU_004,ecomm,3,43,0,0,0,0
2024-06-01,SKU_004,ecomm,0,3,20,0,0,0
2024-06-02,SKU_004,ecomm,0,0,17,0,0,0
2024-06-03,SKU_004,ecomm,0,0,22,0,1,0
2024-06-04,SKU_004,ecomm,0,0,18,0,0,0
2024-06-05,SKU_004,ecomm,0,0,32,0,0,0
2024-06-06,SKU_004,ecomm,0,0,22,0,0,0
2024-06-07,SKU_004,ecomm,0,0,31,0,0,0
2024-06-08,SKU_004,ecomm,0,0,17,0,0,0
2024-06-09,SKU_004,ecomm,0,0,23,0,0,0
2024-06-10,SKU_004,ecomm,0,0,34,0,0,0
2024-06-11,SKU_004,ecomm,0,0,37,0,0,0
2024-06-12,SKU_004,ecomm,255,0,17,255,0,0
2024-06-13,SKU_004,ecomm,227,28,0,0,0,0
2024-06-14,SKU_004,ecomm,208,19,0,0,0,0
2024-06-15,SKU_004,ecomm,163,45,0,0,0,0
2024-06-16,SKU_004,ecomm,147,16,0,0,1,0
2024-06-17,SKU_004,ecomm,119,28,0,0,0,0
2024-06-18,SKU_004,ecomm,91,28,0,0,0,0
2024-06-19,SKU_004,ecomm,68,23,0,0,0,0
2024-06-20,SKU_004,ecomm,42,26,0,0,0,0
2024-06-21,SKU_004,ecomm,12,30,0,0,0,0
2024-06-22,SKU_004,ecomm,0,12,23,0,0,0
2024-06-23,SKU_004,ecomm,0,0,12,0,1,0
2024-06-24,SKU_004,ecomm,0,0,25,0,0,0
2024-06-25,SKU_004,ecomm,0,0,36,0,0,0
2024-06-26,SKU_004,ecomm,0,0,34,0,0,0
2024-06-27,SKU_004,ecomm,0,0,44,0,0,0
2024-06-28,SKU_004,ecomm,0,0,22,0,0,0
2024-06-29,SKU_004,ecomm,0,0,11,0,0,0
2024-06-30,SKU_004,ecomm,0,0,27,0,0,0
2024-07-01,SKU_004,ecomm,0,0,51,0,0,0
2024-07-02,SKU_004,ecomm,237,0,19,237,0,0
2024-07-03,SKU_004,ecomm,193,44,0,0,0,0
2024-07-04,SKU_004,ecomm,172,21,0,0,1,1
2024-07-05,SKU_004,ecomm,141,31,0,0,0,0
2024-07-06,SKU_004,ecomm,117,24,0,0,1,0
2024-07-07,SKU_004,ecomm,77,40,0,0,0,0
2024-07-08,SKU_004,ecomm,53,24,0,0,0,0
2024-07-09,SKU_004,ecomm,30,23,0,0,0,0
2024-07-10,SKU_004,ecomm,215,30,15,215,0,0
2024-07-11,SKU_004,ecomm,186,29,0,0,0,0
2024-07-12,SKU_004,ecomm,163,23,0,0,0,0
2024-07-13,SKU_004,ecomm,147,16,0,0,1,0
2024-07-14,SKU_004,ecomm,110,37,0,0,0,0
2024-07-15,SKU_004,ecomm,88,22,0,0,1,0
2024-07-16,SKU_004,ecomm,58,30,0,0,0,0
2024-07-17,SKU_004,ecomm,18,40,0,0,0,0
2024-07-18,SKU_004,ecomm,0,18,32,0,0,0
2024-07-19,SKU_004,ecomm,0,0,33,0,0,0
2024-07-20,SKU_004,ecomm,0,0,34,0,0,0
2024-07-21,SKU_004,ecomm,0,0,19,0,0,0
2024-07-22,SKU_004,ecomm,0,0,20,0,0,0
2024-07-23,SKU_004,ecomm,0,0,27,0,1,0
2024-07-24,SKU_004,ecomm,0,0,23,0,1,0
2024-07-25,SKU_004,ecomm,0,0,38,0,0,0
2024-07-26,SKU_004,ecomm,0,0,41,0,0,0
2024-07-27,SKU_004,ecomm,0,0,23,0,0,0
2024-07-28,SKU_004,ecomm,0,0,33,0,0,0
2024-07-29,SKU_004,ecomm,0,0,18,0,0,0
2024-07-30,SKU_004,ecomm,0,0,26,0,0,0
2024-07-31,SKU_004,ecomm,0,0,39,0,0,0
2024-08-01,SKU_004,ecomm,0,0,18,0,0,0
2024-08-02,SKU_004,ecomm,0,0,37,0,0,0
2024-08-03,SKU_004,ecomm,0,0,14,0,0,0
2024-08-04,SKU_004,ecomm,0,0,29,0,0,0
2024-08-05,SKU_004,ecomm,0,0,37,0,0,0
2024-08-06,SKU_004,ecomm,0,0,37,0,0,0
2024-08-07,SKU_004,ecomm,0,0,28,0,0,0
2024-08-08,SKU_004,ecomm,0,0,27,0,0,0
2024-08-09,SKU_004,ecomm,184,0,28,184,0,0
2024-08-10,SKU_004,ecomm,169,15,0,0,0,0
2024-08-11,SKU_004,ecomm,138,31,0,0,0,0
2024-08-12,SKU_004,ecomm,100,38,0,0,0,0
2024-08-13,SKU_004,ecomm,89,11,0,0,0,0
2024-08-14,SKU_004,ecomm,72,17,0,0,0,0
2024-08-15,SKU_004,ecomm,34,38,0,0,0,0
2024-08-16,SKU_004,ecomm,14,20,0,0,0,0
2024-08-17,SKU_004,ecomm,0,14,19,0,1,0
2024-08-18,SKU_004,ecomm,0,0,20,0,0,0
2024-08-19,SKU_004,ecomm,0,0,38,0,0,0
2024-08-20,SKU_004,ecomm,0,0,21,0,0,0
2024-08-21,SKU_004,ecomm,0,0,19,0,0,0
2024-08-22,SKU_004,ecomm,0,0,26,0,0,0
2024-08-23,SKU_004,ecomm,0,0,14,0,0,0
2024-08-24,SKU_004,ecomm,0,0,37,0,0,0
2024-08-25,SKU_004,ecomm,0,0,26,0,0,0
2024-08-26,SKU_004,ecomm,0,0,22,0,1,0
2024-08-27,SKU_004,ecomm,0,0,21,0,1,0
2024-08-28,SKU_004,ecomm,0,0,33,0,0,0
2024-08-29,SKU_004,ecomm,0,0,35,0,0,0
2024-08-30,SKU_004,ecomm,0,0,29,0,0,0
2024-08-31,SKU_004,ecomm,0,0,27,0,0,0
2024-09-01,SKU_004,ecomm,0,0,18,0,0,0
2024-09-02,SKU_004,ecomm,0,0,20,0,0,0
2024-09-03,SKU_004,ecomm,0,0,36,0,0,0
2024-09-04,SKU_004,ecomm,0,0,34,0,0,0
2024-09-05,SKU_004,ecomm,0,0,22,0,1,0
2024-09-06,SKU_004,ecomm,0,0,18,0,0,0
2024-09-07,SKU_004,ecomm,0,0,33,0,0,0
2024-09-08,SKU_004,ecomm,0,0,27,0,0,0
2024-09-09,SKU_004,ecomm,0,0,31,0,0,0
2024-09-10,SKU_004,ecomm,0,0,33,0,0,0
2024-09-11,SKU_004,ecomm,0,0,28,0,0,0
2024-09-12,SKU_004,ecomm,0,0,11,0,0,0
2024-09-13,SKU_004,ecomm,0,0,33,0,0,0
2024-09-14,SKU_004,ecomm,0,0,45,0,0,0
2024-09-15,SKU_004,ecomm,0,0,30,0,0,0
2024-09-16,SKU_004,ecomm,0,0,40,0,0,0
2024-09-17,SKU_004,ecomm,0,0,43,0,0,0
2024-09-18,SKU_004,ecomm,0,0,32,0,0,0
2024-09-19,SKU_004,ecomm,0,0,10,0,0,0
2024-09-20,SKU_004,ecomm,151,0,36,151,0,0
2024-09-21,SKU_004,ecomm,126,25,0,0,0,0
2024-09-22,SKU_004,ecomm,92,34,0,0,0,0
2024-09-23,SKU_004,ecomm,75,17,0,0,0,0
2024-09-24,SKU_004,ecomm,31,44,0,0,0,0
2024-09-25,SKU_004,ecomm,2,29,0,0,0,0
2024-09-26,SKU_004,ecomm,0,2,32,0,0,0
2024-09-27,SKU_004,ecomm,0,0,15,0,0,0
2024-09-28,SKU_004,ecomm,0,0,22,0,0,0
2024-09-29,SKU_004,ecomm,0,0,18,0,0,0
2024-09-30,SKU_004,ecomm,0,0,16,0,0,0
2024-10-01,SKU_004,ecomm,0,0,38,0,0,0
2024-10-02,SKU_004,ecomm,0,0,35,0,0,0
2024-10-03,SKU_004,ecomm,283,0,27,283,1,0
2024-10-04,SKU_004,ecomm,258,25,0,0,0,0
2024-10-05,SKU_004,ecomm,223,35,0,0,1,0
2024-10-06,SKU_004,ecomm,196,27,0,0,0,0
2024-10-07,SKU_004,ecomm,167,29,0,0,0,0
2024-10-08,SKU_004,ecomm,126,41,0,0,0,0
2024-10-09,SKU_004,ecomm,92,34,0,0,0,0
2024-10-10,SKU_004,ecomm,75,17,0,0,0,0
2024-10-11,SKU_004,ecomm,51,24,0,0,1,0
2024-10-12,SKU_004,ecomm,0,51,0,0,0,0
2024-10-13,SKU_004,ecomm,0,0,20,0,0,0
2024-10-14,SKU_004,ecomm,0,0,26,0,0,0
2024-10-15,SKU_004,ecomm,0,0,46,0,0,0
2024-10-16,SKU_004,ecomm,0,0,37,0,0,0
2024-10-17,SKU_004,ecomm,0,0,29,0,1,0
2024-10-18,SKU_004,ecomm,0,0,31,0,0,0
2024-10-19,SKU_004,ecomm,0,0,36,0,1,0
2024-10-20,SKU_004,ecomm,0,0,26,0,0,0
2024-10-21,SKU_004,ecomm,0,0,20,0,0,0
2024-10-22,SKU_004,ecomm,254,0,23,254,0,0
2024-10-23,SKU_004,ecomm,228,26,0,0,0,0
2024-10-24,SKU_004,ecomm,199,29,0,0,0,0
2024-10-25,SKU_004,ecomm,175,24,0,0,0,0
2024-10-26,SKU_004,ecomm,143,32,0,0,0,0
2024-10-27,SKU_004,ecomm,133,10,0,0,0,0
2024-10-28,SKU_004,ecomm,107,26,0,0,0,0
2024-10-29,SKU_004,ecomm,90,17,0,0,0,0
2024-10-30,SKU_004,ecomm,73,17,0,0,0,0
2024-10-31,SKU_004,ecomm,46,27,0,0,0,0
2024-11-01,SKU_004,ecomm,10,36,0,0,0,0
2024-11-02,SKU_004,ecomm,0,10,5,0,0,0
2024-11-03,SKU_004,ecomm,0,0,31,0,0,0
2024-11-04,SKU_004,ecomm,0,0,27,0,0,0
2024-11-05,SKU_004,ecomm,0,0,10,0,0,0
2024-11-06,SKU_004,ecomm,0,0,13,0,0,0
2024-11-07,SKU_004,ecomm,0,0,9,0,0,0
2024-11-08,SKU_004,ecomm,0,0,19,0,0,0
2024-11-09,SKU_004,ecomm,0,0,13,0,0,0
2024-11-10,SKU_004,ecomm,0,0,20,0,0,0
2024-11-11,SKU_004,ecomm,0,0,14,0,0,0
2024-11-12,SKU_004,ecomm,0,0,35,0,0,0
2024-11-13,SKU_004,ecomm,210,0,33,210,0,0
2024-11-14,SKU_004,ecomm,184,26,0,0,0,0
2024-11-15,SKU_004,ecomm,139,45,0,0,0,0
2024-11-16,SKU_004,ecomm,119,20,0,0,0,0
2024-11-17,SKU_004,ecomm,88,31,0,0,0,0
2024-11-18,SKU_004,ecomm,40,48,0,0,0,0
2024-11-19,SKU_004,ecomm,8,32,0,0,0,0
2024-11-20,SKU_004,ecomm,0,8,29,0,0,0
2024-11-21,SKU_004,ecomm,0,0,36,0,0,0
2024-11-22,SKU_004,ecomm,0,0,25,0,0,0
2024-11-23,SKU_004,ecomm,0,0,13,0,1,0
2024-11-24,SKU_004,ecomm,0,0,53,0,0,0
2024-11-25,SKU_004,ecomm,0,0,39,0,0,0
2024-11-26,SKU_004,ecomm,0,0,38,0,0,0
2024-11-27,SKU_004,ecomm,0,0,32,0,0,0
2024-11-28,SKU_004,ecomm,0,0,16,0,0,1
2024-11-29,SKU_004,ecomm,0,0,28,0,0,0
2024-11-30,SKU_004,ecomm,0,0,34,0,1,0
2024-12-01,SKU_004,ecomm,0,0,31,0,0,0
2024-12-02,SKU_004,ecomm,0,0,19,0,0,0
2024-12-03,SKU_004,ecomm,0,0,29,0,0,0
2024-12-04,SKU_004,ecomm,0,0,12,0,0,0
2024-12-05,SKU_004,ecomm,0,0,26,0,0,0
2024-12-06,SKU_004,ecomm,0,0,28,0,0,0
2024-12-07,SKU_004,ecomm,0,0,35,0,0,0
2024-12-08,SKU_004,ecomm,0,0,51,0,0,0
2024-12-09,SKU_004,ecomm,0,0,19,0,0,0
2024-12-10,SKU_004,ecomm,0,0,26,0,0,0
2024-12-11,SKU_004,ecomm,0,0,13,0,0,0
2024-12-12,SKU_004,ecomm,0,0,34,0,0,0
2024-12-13,SKU_004,ecomm,0,0,25,0,0,0
2024-12-14,SKU_004,ecomm,0,0,18,0,0,0
2024-12-15,SKU_004,ecomm,0,0,23,0,0,0
2024-12-16,SKU_004,ecomm,0,0,25,0,0,0
2024-12-17,SKU_004,ecomm,0,0,15,0,0,0
2024-12-18,SKU_004,ecomm,0,0,14,0,0,0
2024-12-19,SKU_004,ecomm,0,0,33,0,0,0
2024-12-20,SKU_004,ecomm,0,0,24,0,0,0
2024-12-21,SKU_004,ecomm,0,0,20,0,0,0
2024-12-22,SKU_004,ecomm,0,0,36,0,0,0
2024-12-23,SKU_004,ecomm,0,0,30,0,0,0
2024-12-24,SKU_004,ecomm,0,0,18,0,0,0
2024-12-25,SKU_004,ecomm,299,0,32,299,0,1
2024-12-26,SKU_004,ecomm,267,32,0,0,1,0
2024-12-27,SKU_004,ecomm,251,16,0,0,0,0
2024-12-28,SKU_004,ecomm,230,21,0,0,0,0
2024-12-29,SKU_004,ecomm,213,17,0,0,0,0
2024-12-30,SKU_004,ecomm,190,23,0,0,0,0
2024-12-31,SKU_004,ecomm,160,30,0,0,0,0
2023-01-01,SKU_004,amazon,469,31,0,0,0,1
2023-01-02,SKU_004,amazon,451,18,0,0,1,0
2023-01-03,SKU_004,amazon,408,43,0,0,0,0
2023-01-04,SKU_004,amazon,384,24,0,0,0,0
2023-01-05,SKU_004,amazon,365,19,0,0,0,0
2023-01-06,SKU_004,amazon,349,16,0,0,0,0
2023-01-07,SKU_004,amazon,332,17,0,0,1,0
2023-01-08,SKU_004,amazon,299,33,0,0,0,0
2023-01-09,SKU_004,amazon,279,20,0,0,0,0
2023-01-10,SKU_004,amazon,263,16,0,0,0,0
2023-01-11,SKU_004,amazon,238,25,0,0,0,0
2023-01-12,SKU_004,amazon,204,34,0,0,0,0
2023-01-13,SKU_004,amazon,175,29,0,0,0,0
2023-01-14,SKU_004,amazon,153,22,0,0,0,0
2023-01-15,SKU_004,amazon,128,25,0,0,0,0
2023-01-16,SKU_004,amazon,90,38,0,0,0,0
2023-01-17,SKU_004,amazon,62,28,0,0,0,0
2023-01-18,SKU_004,amazon,42,20,0,0,0,0
2023-01-19,SKU_004,amazon,5,37,0,0,0,0
2023-01-20,SKU_004,amazon,0,5,30,0,0,0
2023-01-21,SKU_004,amazon,105,0,43,105,0,0
2023-01-22,SKU_004,amazon,91,14,0,0,0,0
2023-01-23,SKU_004,amazon,56,35,0,0,0,0
2023-01-24,SKU_004,amazon,33,23,0,0,0,0
2023-01-25,SKU_004,amazon,0,33,5,0,1,0
2023-01-26,SKU_004,amazon,0,0,24,0,0,0
2023-01-27,SKU_004,amazon,0,0,9,0,0,0
2023-01-28,SKU_004,amazon,0,0,23,0,0,0
2023-01-29,SKU_004,amazon,0,0,19,0,0,0
2023-01-30,SKU_004,amazon,0,0,28,0,0,0
2023-01-31,SKU_004,amazon,0,0,21,0,0,0
2023-02-01,SKU_004,amazon,0,0,30,0,0,0
2023-02-02,SKU_004,amazon,0,0,38,0,0,0
2023-02-03,SKU_004,amazon,0,0,24,0,0,0
2023-02-04,SKU_004,amazon,280,0,46,280,0,0
2023-02-05,SKU_004,amazon,246,34,0,0,0,0
2023-02-06,SKU_004,amazon,210,36,0,0,0,0
2023-02-07,SKU_004,amazon,172,38,0,0,0,0
2023-02-08,SKU_004,amazon,148,24,0,0,0,0
2023-02-09,SKU_004,amazon,111,37,0,0,0,0
2023-02-10,SKU_004,amazon,93,18,0,0,0,0
2023-02-11,SKU_004,amazon,74,19,0,0,0,0
2023-02-12,SKU_004,amazon,57,17,0,0,0,0
2023-02-13,SKU_004,amazon,23,34,0,0,0,0
2023-02-14,SKU_004,amazon,0,23,19,0,0,0
2023-02-15,SKU_004,amazon,0,0,26,0,0,0
2023-02-16,SKU_004,amazon,0,0,25,0,0,0
2023-02-17,SKU_004,amazon,0,0,28,0,1,0
2023-02-18,SKU_004,amazon,0,0,30,0,0,0
2023-02-19,SKU_004,amazon,0,0,20,0,0,0
2023-02-20,SKU_004,amazon,0,0,20,0,0,0
2023-02-21,SKU_004,amazon,0,0,46,0,0,0
2023-02-22,SKU_004,amazon,0,0,36,0,0,0
2023-02-23,SKU_004,amazon,0,0,19,0,0,0
2023-02-24,SKU_004,amazon,0,0,35,0,0,0
2023-02-25,SKU_004,amazon,0,0,13,0,1,0
2023-02-26,SKU_004,amazon,0,0,45,0,0,0
2023-02-27,SKU_004,amazon,0,0,39,0,0,0
2023-02-28,SKU_004,amazon,0,0,12,0,0,0
2023-03-01,SKU_004,amazon,0,0,22,0,0,0
2023-03-02,SKU_004,amazon,0,0,29,0,0,0
2023-03-03,SKU_004,amazon,0,0,19,0,0,0
2023-03-04,SKU_004,amazon,0,0,16,0,1,0
2023-03-05,SKU_004,amazon,0,0,15,0,0,0
2023-03-06,SKU_004,amazon,0,0,22,0,0,0
2023-03-07,SKU_004,amazon,0,0,25,0,0,0
2023-03-08,SKU_004,amazon,0,0,18,0,0,0
2023-03-09,SKU_004,amazon,0,0,41,0,0,0
2023-03-10,SKU_004,amazon,0,0,34,0,0,0
2023-03-11,SKU_004,amazon,0,0,25,0,0,0
2023-03-12,SKU_004,amazon,0,0,32,0,0,0
2023-03-13,SKU_004,amazon,0,0,27,0,0,0
2023-03-14,SKU_004,amazon,0,0,14,0,0,0
2023-03-15,SKU_004,amazon,0,0,20,0,0,0
2023-03-16,SKU_004,amazon,0,0,39,0,0,0
2023-03-17,SKU_004,amazon,0,0,37,0,0,0
2023-03-18,SKU_004,amazon,0,0,13,0,0,0
2023-03-19,SKU_004,amazon,0,0,33,0,0,0
2023-03-20,SKU_004,amazon,0,0,17,0,0,0
2023-03-21,SKU_004,amazon,0,0,18,0,0,0
2023-03-22,SKU_004,amazon,0,0,16,0,0,0
2023-03-23,SKU_004,amazon,0,0,20,0,0,0
2023-03-24,SKU_004,amazon,0,0,24,0,0,0
2023-03-25,SKU_004,amazon,0,0,25,0,0,0
2023-03-26,SKU_004,amazon,0,0,26,0,1,0
2023-03-27,SKU_004,amazon,0,0,28,0,0,0
2023-03-28,SKU_004,amazon,0,0,40,0,0,0
2023-03-29,SKU_004,amazon,0,0,20,0,0,0
2023-03-30,SKU_004,amazon,0,0,15,0,0,0
2023-03-31,SKU_004,amazon,0,0,32,0,0,0
2023-04-01,SKU_004,amazon,0,0,40,0,0,0
2023-04-02,SKU_004,amazon,0,0,26,0,0,0
2023-04-03,SKU_004,amazon,275,0,28,275,0,0
2023-04-04,SKU_004,amazon,255,20,0,0,0,0
2023-04-05,SKU_004,amazon,229,26,0,0,1,0
2023-04-06,SKU_004,amazon,194,35,0,0,0,0
2023-04-07,SKU_004,amazon,167,27,0,0,0,0
2023-04-08,SKU_004,amazon,142,25,0,0,0,0
2023-04-09,SKU_004,amazon,123,19,0,0,0,0
2023-04-10,SKU_004,amazon,83,40,0,0,0,0
2023-04-11,SKU_004,amazon,72,11,0,0,0,0
2023-04-12,SKU_004,amazon,40,32,0,0,0,0
2023-04-13,SKU_004,amazon,12,28,0,0,0,0
2023-04-14,SKU_004,amazon,0,12,17,0,0,0
2023-04-15,SKU_004,amazon,0,0,33,0,1,0
2023-04-16,SKU_004,amazon,0,0,35,0,0,0
2023-04-17,SKU_004,amazon,0,0,23,0,0,0
2023-04-18,SKU_004,amazon,0,0,21,0,0,0
2023-04-19,SKU_004,amazon,0,0,20,0,0,0
2023-04-20,SKU_004,amazon,0,0,30,0,0,0
2023-04-21,SKU_004,amazon,0,0,23,0,0,0
2023-04-22,SKU_004,amazon,0,0,30,0,0,0
2023-04-23,SKU_004,amazon,0,0,28,0,0,0
2023-04-24,SKU_004,amazon,0,0,26,0,0,0
2023-04-25,SKU_004,amazon,0,0,21,0,0,0
2023-04-26,SKU_004,amazon,0,0,29,0,0,0
2023-04-27,SKU_004,amazon,0,0,22,0,0,0
2023-04-28,SKU_004,amazon,0,0,37,0,0,0
2023-04-29,SKU_004,amazon,0,0,41,0,0,0
2023-04-30,SKU_004,amazon,0,0,20,0,0,0
2023-05-01,SKU_004,amazon,0,0,22,0,0,0
2023-05-02,SKU_004,amazon,0,0,38,0,0,0
2023-05-03,SKU_004,amazon,0,0,16,0,0,0
2023-05-04,SKU_004,amazon,0,0,28,0,0,0
2023-05-05,SKU_004,amazon,0,0,24,0,0,0
2023-05-06,SKU_004,amazon,0,0,38,0,1,0
2023-05-07,SKU_004,amazon,0,0,40,0,0,0
2023-05-08,SKU_004,amazon,0,0,24,0,0,0
2023-05-09,SKU_004,amazon,0,0,31,0,0,0
2023-05-10,SKU_004,amazon,0,0,18,0,0,0
2023-05-11,SKU_004,amazon,0,0,23,0,0,0
2023-05-12,SKU_004,amazon,0,0,23,0,0,0
2023-05-13,SKU_004,amazon,0,0,28,0,0,0
2023-05-14,SKU_004,amazon,0,0,33,0,0,0
2023-05-15,SKU_004,amazon,0,0,30,0,0,0
2023-05-16,SKU_004,amazon,0,0,16,0,0,0
2023-05-17,SKU_004,amazon,0,0,32,0,0,0
2023-05-18,SKU_004,amazon,193,0,38,193,1,0
2023-05-19,SKU_004,amazon,161,32,0,0,1,0
2023-05-20,SKU_004,amazon,133,28,0,0,1,0
2023-05-21,SKU_004,amazon,91,42,0,0,0,0
2023-05-22,SKU_004,amazon,53,38,0,0,1,0
2023-05-23,SKU_004,amazon,33,20,0,0,0,0
2023-05-24,SKU_004,amazon,0,33,1,0,0,0
2023-05-25,SKU_004,amazon,0,0,16,0,0,0
2023-05-26,SKU_004,amazon,0,0,25,0,0,0
2023-05-27,SKU_004,amazon,0,0,28,0,0,0
2023-05-28,SKU_004,amazon,0,0,21,0,0,0
2023-05-29,SKU_004,amazon,0,0,46,0,0,0
2023-05-30,SKU_004,amazon,0,0,33,0,0,0
2023-05-31,SKU_004,amazon,0,0,25,0,0,0
2023-06-01,SKU_004,amazon,0,0,17,0,0,0
2023-06-02,SKU_004,amazon,0,0,24,0,0,0
2023-06-03,SKU_004,amazon,0,0,18,0,0,0
2023-06-04,SKU_004,amazon,0,0,26,0,0,0
2023-06-05,SKU_004,amazon,0,0,25,0,0,0
2023-06-06,SKU_004,amazon,0,0,35,0,0,0
2023-06-07,SKU_004,amazon,0,0,37,0,0,0
2023-06-08,SKU_004,amazon,0,0,16,0,1,0
2023-06-09,SKU_004,amazon,0,0,27,0,0,0
2023-06-10,SKU_004,amazon,0,0,13,0,0,0
2023-06-11,SKU_004,amazon,0,0,15,0,0,0
2023-06-12,SKU_004,amazon,0,0,20,0,0,0
2023-06-13,SKU_004,amazon,0,0,38,0,0,0
2023-06-14,SKU_004,amazon,0,0,16,0,0,0
2023-06-15,SKU_004,amazon,254,0,30,254,0,0
2023-06-16,SKU_004,amazon,209,45,0,0,1,0
2023-06-17,SKU_004,amazon,184,25,0,0,0,0
2023-06-18,SKU_004,amazon,161,23,0,0,0,0
2023-06-19,SKU_004,amazon,127,34,0,0,0,0
2023-06-20,SKU_004,amazon,93,34,0,0,0,0
2023-06-21,SKU_004,amazon,51,42,0,0,1,0
2023-06-22,SKU_004,amazon,25,26,0,0,0,0
2023-06-23,SKU_004,amazon,1,24,0,0,0,0
2023-06-24,SKU_004,amazon,0,1,24,0,0,0
2023-06-25,SKU_004,amazon,0,0,35,0,0,0
2023-06-26,SKU_004,amazon,0,0,17,0,0,0
2023-06-27,SKU_004,amazon,0,0,20,0,0,0
2023-06-28,SKU_004,amazon,0,0,27,0,0,0
2023-06-29,SKU_004,amazon,0,0,22,0,0,0
2023-06-30,SKU_004,amazon,0,0,23,0,0,0
2023-07-01,SKU_004,amazon,0,0,31,0,1,0
2023-07-02,SKU_004,amazon,0,0,22,0,0,0
2023-07-03,SKU_004,amazon,0,0,41,0,0,0
2023-07-04,SKU_004,amazon,0,0,28,0,0,1
2023-07-05,SKU_004,amazon,0,0,29,0,0,0
2023-07-06,SKU_004,amazon,0,0,27,0,0,0
2023-07-07,SKU_004,amazon,262,0,29,262,0,0
2023-07-08,SKU_004,amazon,238,24,0,0,0,0
2023-07-09,SKU_004,amazon,205,33,0,0,0,0
2023-07-10,SKU_004,amazon,184,21,0,0,0,0
2023-07-11,SKU_004,amazon,154,30,0,0,0,0
2023-07-12,SKU_004,amazon,135,19,0,0,0,0
2023-07-13,SKU_004,amazon,102,33,0,0,1,0
2023-07-14,SKU_004,amazon,88,14,0,0,0,0
2023-07-15,SKU_004,amazon,68,20,0,0,0,0
2023-07-16,SKU_004,amazon,277,24,0,233,0,0
2023-07-17,SKU_004,amazon,249,28,0,0,0,0
2023-07-18,SKU_004,amazon,208,41,0,0,0,0
2023-07-19,SKU_004,amazon,393,34,0,219,0,0
2023-07-20,SKU_004,amazon,353,40,0,0,0,0
2023-07-21,SKU_004,amazon,337,16,0,0,1,0
2023-07-22,SKU_004,amazon,293,44,0,0,0,0
2023-07-23,SKU_004,amazon,274,19,0,0,0,0
2023-07-24,SKU_004,amazon,250,24,0,0,0,0
2023-07-25,SKU_004,amazon,214,36,0,0,0,0
2023-07-26,SKU_004,amazon,189,25,0,0,0,0
2023-07-27,SKU_004,amazon,163,26,0,0,0,0
2023-07-28,SKU_004,amazon,132,31,0,0,0,0
2023-07-29,SKU_004,amazon,304,37,0,209,0,0
2023-07-30,SKU_004,amazon,288,16,0,0,0,0
2023-07-31,SKU_004,amazon,249,39,0,0,1,0
2023-08-01,SKU_004,amazon,494,27,0,272,0,0
2023-08-02,SKU_004,amazon,479,15,0,0,0,0
2023-08-03,SKU_004,amazon,453,26,0,0,0,0
2023-08-04,SKU_004,amazon,429,24,0,0,0,0
2023-08-05,SKU_004,amazon,406,23,0,0,0,0
2023-08-06,SKU_004,amazon,386,20,0,0,0,0
2023-08-07,SKU_004,amazon,346,40,0,0,0,0
2023-08-08,SKU_004,amazon,327,19,0,0,1,0
2023-08-09,SKU_004,amazon,292,35,0,0,0,0
2023-08-10,SKU_004,amazon,259,33,0,0,0,0
2023-08-11,SKU_004,amazon,230,29,0,0,1,0
2023-08-12,SKU_004,amazon,216,14,0,0,0,0
2023-08-13,SKU_004,amazon,176,40,0,0,1,0
2023-08-14,SKU_004,amazon,142,34,0,0,0,0
2023-08-15,SKU_004,amazon,119,23,0,0,0,0
2023-08-16,SKU_004,amazon,228,22,0,131,0,0
2023-08-17,SKU_004,amazon,196,32,0,0,0,0
2023-08-18,SKU_004,amazon,185,11,0,0,0,0
2023-08-19,SKU_004,amazon,158,27,0,0,0,0
2023-08-20,SKU_004,amazon,135,23,0,0,1,0
2023-08-21,SKU_004,amazon,118,17,0,0,0,0
2023-08-22,SKU_004,amazon,223,35,0,140,0,0
2023-08-23,SKU_004,amazon,190,33,0,0,0,0
2023-08-24,SKU_004,amazon,159,31,0,0,0,0
2023-08-25,SKU_004,amazon,128,31,0,0,0,0
2023-08-26,SKU_004,amazon,105,23,0,0,0,0
2023-08-27,SKU_004,amazon,76,29,0,0,1,0
2023-08-28,SKU_004,amazon,42,34,0,0,0,0
2023-08-29,SKU_004,amazon,175,31,0,164,0,0
2023-08-30,SKU_004,amazon,139,36,0,0,0,0
2023-08-31,SKU_004,amazon,101,38,0,0,0,0
2023-09-01,SKU_004,amazon,60,41,0,0,0,0
2023-09-02,SKU_004,amazon,37,23,0,0,0,0
2023-09-03,SKU_004,amazon,0,37,2,0,0,0
2023-09-04,SKU_004,amazon,0,0,19,0,1,0
2023-09-05,SKU_004,amazon,128,0,34,128,1,0
2023-09-06,SKU_004,amazon,104,24,0,0,0,0
2023-09-07,SKU_004,amazon,87,17,0,0,0,0
2023-09-08,SKU_004,amazon,49,38,0,0,0,0
2023-09-09,SKU_004,amazon,238,28,0,217,1,0
2023-09-10,SKU_004,amazon,221,17,0,0,0,0
2023-09-11,SKU_004,amazon,208,13,0,0,0,0
2023-09-12,SKU_004,amazon,188,20,0,0,0,0
2023-09-13,SKU_004,amazon,174,14,0,0,0,0
2023-09-14,SKU_004,amazon,147,27,0,0,0,0
2023-09-15,SKU_004,amazon,115,32,0,0,1,0
2023-09-16,SKU_004,amazon,73,42,0,0,0,0
2023-09-17,SKU_004,amazon,34,39,0,0,0,0
2023-09-18,SKU_004,amazon,300,21,0,287,0,0
2023-09-19,SKU_004,amazon,267,33,0,0,0,0
2023-09-20,SKU_004,amazon,250,17,0,0,0,0
2023-09-21,SKU_004,amazon,240,10,0,0,1,0
2023-09-22,SKU_004,amazon,216,24,0,0,0,0
2023-09-23,SKU_004,amazon,181,35,0,0,0,0
2023-09-24,SKU_004,amazon,142,39,0,0,0,0
2023-09-25,SKU_004,amazon,119,23,0,0,0,0
2023-09-26,SKU_004,amazon,95,24,0,0,0,0
2023-09-27,SKU_004,amazon,52,43,0,0,0,0
2023-09-28,SKU_004,amazon,31,21,0,0,0,0
2023-09-29,SKU_004,amazon,0,31,19,0,1,0
2023-09-30,SKU_004,amazon,0,0,43,0,0,0
2023-10-01,SKU_004,amazon,0,0,22,0,0,0
2023-10-02,SKU_004,amazon,0,0,41,0,0,0
2023-10-03,SKU_004,amazon,0,0,15,0,0,0
2023-10-04,SKU_004,amazon,0,0,14,0,0,0
2023-10-05,SKU_004,amazon,0,0,29,0,0,0
2023-10-06,SKU_004,amazon,0,0,17,0,0,0
2023-10-07,SKU_004,amazon,0,0,23,0,0,0
2023-10-08,SKU_004,amazon,0,0,36,0,0,0
2023-10-09,SKU_004,amazon,0,0,41,0,0,0
2023-10-10,SKU_004,amazon,0,0,25,0,0,0
2023-10-11,SKU_004,amazon,0,0,19,0,1,0
2023-10-12,SKU_004,amazon,0,0,34,0,0,0
2023-10-13,SKU_004,amazon,0,0,24,0,0,0
2023-10-14,SKU_004,amazon,0,0,40,0,0,0
2023-10-15,SKU_004,amazon,0,0,26,0,0,0
2023-10-16,SKU_004,amazon,0,0,22,0,0,0
2023-10-17,SKU_004,amazon,0,0,36,0,0,0
2023-10-18,SKU_004,amazon,0,0,31,0,0,0
2023-10-19,SKU_004,amazon,131,0,45,131,0,0
2023-10-20,SKU_004,amazon,103,28,0,0,0,0
2023-10-21,SKU_004,amazon,81,22,0,0,0,0
2023-10-22,SKU_004,amazon,47,34,0,0,0,0
2023-10-23,SKU_004,amazon,17,30,0,0,0,0
2023-10-24,SKU_004,amazon,0,17,23,0,0,0
2023-10-25,SKU_004,amazon,239,0,40,239,0,0
2023-10-26,SKU_004,amazon,221,18,0,0,0,0
2023-10-27,SKU_004,amazon,199,22,0,0,0,0
2023-10-28,SKU_004,amazon,170,29,0,0,0,0
2023-10-29,SKU_004,amazon,148,22,0,0,0,0
2023-10-30,SKU_004,amazon,133,15,0,0,0,0
2023-10-31,SKU_004,amazon,106,27,0,0,0,0
2023-11-01,SKU_004,amazon,96,10,0,0,0,0
2023-11-02,SKU_004,amazon,62,34,0,0,0,0
2023-11-03,SKU_004,amazon,41,21,0,0,1,0
2023-11-04,SKU_004,amazon,11,30,0,0,0,0
2023-11-05,SKU_004,amazon,0,11,21,0,0,0
2023-11-06,SKU_004,amazon,0,0,23,0,0,0
2023-11-07,SKU_004,amazon,0,0,18,0,1,0
2023-11-08,SKU_004,amazon,0,0,29,0,0,0
2023-11-09,SKU_004,amazon,0,0,35,0,0,0
2023-11-10,SKU_004,amazon,0,0,17,0,0,0
2023-11-11,SKU_004,amazon,0,0,32,0,0,0
2023-11-12,SKU_004,amazon,0,0,23,0,0,0
2023-11-13,SKU_004,amazon,0,0,19,0,0,0
2023-11-14,SKU_004,amazon,0,0,33,0,1,0
2023-11-15,SKU_004,amazon,0,0,28,0,0,0
2023-11-16,SKU_004,amazon,0,0,29,0,0,0
2023-11-17,SKU_004,amazon,0,0,12,0,0,0
2023-11-18,SKU_004,amazon,0,0,26,0,0,0
2023-11-19,SKU_004,amazon,0,0,15,0,0,0
2023-11-20,SKU_004,amazon,0,0,24,0,0,0
2023-11-21,SKU_004,amazon,0,0,17,0,0,0
2023-11-22,SKU_004,amazon,0,0,25,0,0,0
2023-11-23,SKU_004,amazon,0,0,21,0,0,1
2023-11-24,SKU_004,amazon,0,0,26,0,0,0
2023-11-25,SKU_004,amazon,0,0,38,0,0,0
2023-11-26,SKU_004,amazon,0,0,39,0,0,0
2023-11-27,SKU_004,amazon,0,0,39,0,0,0
2023-11-28,SKU_004,amazon,0,0,22,0,0,0
2023-11-29,SKU_004,amazon,0,0,19,0,0,0
2023-11-30,SKU_004,amazon,0,0,39,0,0,0
2023-12-01,SKU_004,amazon,0,0,22,0,0,0
2023-12-02,SKU_004,amazon,0,0,22,0,0,0
2023-12-03,SKU_004,amazon,0,0,34,0,0,0
2023-12-04,SKU_004,amazon,0,0,32,0,0,0
2023-12-05,SKU_004,amazon,0,0,37,0,0,0
2023-12-06,SKU_004,amazon,0,0,27,0,0,0
2023-12-07,SKU_004,amazon,0,0,25,0,0,0
2023-12-08,SKU_004,amazon,0,0,46,0,0,0
2023-12-09,SKU_004,amazon,0,0,31,0,0,0
2023-12-10,SKU_004,amazon,0,0,24,0,0,0
2023-12-11,SKU_004,amazon,0,0,37,0,0,0
2023-12-12,SKU_004,amazon,0,0,47,0,0,0
2023-12-13,SKU_004,amazon,0,0,31,0,0,0
2023-12-14,SKU_004,amazon,0,0,31,0,0,0
2023-12-15,SKU_004,amazon,0,0,25,0,1,0
2023-12-16,SKU_004,amazon,0,0,19,0,0,0
2023-12-17,SKU_004,amazon,0,0,39,0,1,0
2023-12-18,SKU_004,amazon,0,0,22,0,0,0
2023-12-19,SKU_004,amazon,0,0,22,0,0,0
2023-12-20,SKU_004,amazon,0,0,30,0,0,0
2023-12-21,SKU_004,amazon,0,0,35,0,0,0
2023-12-22,SKU_004,amazon,0,0,22,0,0,0
2023-12-23,SKU_004,amazon,0,0,39,0,0,0
2023-12-24,SKU_004,amazon,0,0,35,0,0,0
2023-12-25,SKU_004,amazon,0,0,12,0,0,1
2023-12-26,SKU_004,amazon,0,0,26,0,0,0
2023-12-27,SKU_004,amazon,220,0,34,220,0,0
2023-12-28,SKU_004,amazon,201,19,0,0,0,0
2023-12-29,SKU_004,amazon,181,20,0,0,0,0
2023-12-30,SKU_004,amazon,166,15,0,0,0,0
2023-12-31,SKU_004,amazon,431,27,0,292,0,0
2024-01-01,SKU_004,amazon,389,42,0,0,1,1
2024-01-02,SKU_004,amazon,350,39,0,0,0,0
2024-01-03,SKU_004,amazon,332,18,0,0,0,0
2024-01-04,SKU_004,amazon,312,20,0,0,0,0
2024-01-05,SKU_004,amazon,273,39,0,0,0,0
2024-01-06,SKU_004,amazon,242,31,0,0,0,0
2024-01-07,SKU_004,amazon,220,22,0,0,0,0
2024-01-08,SKU_004,amazon,184,36,0,0,0,0
2024-01-09,SKU_004,amazon,157,27,0,0,0,0
2024-01-10,SKU_004,amazon,113,44,0,0,1,0
2024-01-11,SKU_004,amazon,85,28,0,0,0,0
2024-01-12,SKU_004,amazon,49,36,0,0,0,0
2024-01-13,SKU_004,amazon,30,19,0,0,0,0
2024-01-14,SKU_004,amazon,12,18,0,0,0,0
2024-01-15,SKU_004,amazon,0,12,5,0,0,0
2024-01-16,SKU_004,amazon,0,0,14,0,0,0
2024-01-17,SKU_004,amazon,0,0,20,0,0,0
2024-01-18,SKU_004,amazon,0,0,38,0,1,0
2024-01-19,SKU_004,amazon,0,0,33,0,0,0
2024-01-20,SKU_004,amazon,0,0,37,0,0,0
2024-01-21,SKU_004,amazon,0,0,25,0,0,0
2024-01-22,SKU_004,amazon,0,0,19,0,0,0
2024-01-23,SKU_004,amazon,0,0,10,0,0,0
2024-01-24,SKU_004,amazon,0,0,34,0,0,0
2024-01-25,SKU_004,amazon,0,0,18,0,0,0
2024-01-26,SKU_004,amazon,0,0,25,0,0,0
2024-01-27,SKU_004,amazon,0,0,19,0,1,0
2024-01-28,SKU_004,amazon,144,0,35,144,0,0
2024-01-29,SKU_004,amazon,112,32,0,0,0,0
2024-01-30,SKU_004,amazon,74,38,0,0,0,0
2024-01-31,SKU_004,amazon,47,27,0,0,0,0
2024-02-01,SKU_004,amazon,38,9,0,0,1,0
2024-02-02,SKU_004,amazon,13,25,0,0,0,0
2024-02-03,SKU_004,amazon,0,13,35,0,0,0
2024-02-04,SKU_004,amazon,0,0,25,0,0,0
2024-02-05,SKU_004,amazon,0,0,10,0,0,0
2024-02-06,SKU_004,amazon,0,0,33,0,0,0
2024-02-07,SKU_004,amazon,0,0,19,0,0,0
2024-02-08,SKU_004,amazon,119,0,31,119,0,0
2024-02-09,SKU_004,amazon,89,30,0,0,0,0
2024-02-10,SKU_004,amazon,40,49,0,0,0,0
2024-02-11,SKU_004,amazon,31,9,0,0,0,0
2024-02-12,SKU_004,amazon,14,17,0,0,0,0
2024-02-13,SKU_004,amazon,0,14,7,0,0,0
2024-02-14,SKU_004,amazon,0,0,33,0,0,0
2024-02-15,SKU_004,amazon,0,0,40,0,0,0
2024-02-16,SKU_004,amazon,0,0,12,0,0,0
2024-02-17,SKU_004,amazon,0,0,27,0,0,0
2024-02-18,SKU_004,amazon,0,0,14,0,0,0
2024-02-19,SKU_004,amazon,0,0,15,0,0,0
2024-02-20,SKU_004,amazon,0,0,19,0,0,0
2024-02-21,SKU_004,amazon,296,0,24,296,0,0
2024-02-22,SKU_004,amazon,275,21,0,0,0,0
2024-02-23,SKU_004,amazon,244,31,0,0,0,0
2024-02-24,SKU_004,amazon,215,29,0,0,0,0
2024-02-25,SKU_004,amazon,191,24,0,0,0,0
2024-02-26,SKU_004,amazon,148,43,0,0,0,0
2024-02-27,SKU_004,amazon,114,34,0,0,0,0
2024-02-28,SKU_004,amazon,75,39,0,0,0,0
2024-02-29,SKU_004,amazon,46,29,0,0,0,0
2024-03-01,SKU_004,amazon,13,33,0,0,0,0
2024-03-02,SKU_004,amazon,0,13,6,0,0,0
2024-03-03,SKU_004,amazon,0,0,32,0,0,0
2024-03-04,SKU_004,amazon,244,0,36,244,1,0
2024-03-05,SKU_004,amazon,215,29,0,0,0,0
2024-03-06,SKU_004,amazon,198,17,0,0,0,0
2024-03-07,SKU_004,amazon,163,35,0,0,0,0
2024-03-08,SKU_004,amazon,130,33,0,0,0,0
2024-03-09,SKU_004,amazon,100,30,0,0,0,0
2024-03-10,SKU_004,amazon,62,38,0,0,0,0
2024-03-11,SKU_004,amazon,45,17,0,0,1,0
2024-03-12,SKU_004,amazon,26,19,0,0,0,0
2024-03-13,SKU_004,amazon,0,26,13,0,0,0
2024-03-14,SKU_004,amazon,0,0,32,0,0,0
2024-03-15,SKU_004,amazon,0,0,29,0,1,0
2024-03-16,SKU_004,amazon,0,0,41,0,0,0
2024-03-17,SKU_004,amazon,0,0,39,0,0,0
2024-03-18,SKU_004,amazon,0,0,29,0,0,0
2024-03-19,SKU_004,amazon,282,0,43,282,0,0
2024-03-20,SKU_004,amazon,248,34,0,0,0,0
2024-03-21,SKU_004,amazon,204,44,0,0,1,0
2024-03-22,SKU_004,amazon,191,13,0,0,0,0
2024-03-23,SKU_004,amazon,410,35,0,254,0,0
2024-03-24,SKU_004,amazon,401,9,0,0,0,0
2024-03-25,SKU_004,amazon,370,31,0,0,0,0
2024-03-26,SKU_004,amazon,349,21,0,0,0,0
2024-03-27,SKU_004,amazon,319,30,0,0,0,0
2024-03-28,SKU_004,amazon,288,31,0,0,0,0
2024-03-29,SKU_004,amazon,256,32,0,0,0,0
2024-03-30,SKU_004,amazon,217,39,0,0,0,0
2024-03-31,SKU_004,amazon,192,25,0,0,0,0
2024-04-01,SKU_004,amazon,159,33,0,0,0,0
2024-04-02,SKU_004,amazon,122,37,0,0,0,0
2024-04-03,SKU_004,amazon,98,24,0,0,0,0
2024-04-04,SKU_004,amazon,63,35,0,0,0,0
2024-04-05,SKU_004,amazon,28,35,0,0,0,0
2024-04-06,SKU_004,amazon,6,22,0,0,0,0
2024-04-07,SKU_004,amazon,0,6,28,0,0,0
2024-04-08,SKU_004,amazon,0,0,39,0,0,0
2024-04-09,SKU_004,amazon,0,0,24,0,0,0
2024-04-10,SKU_004,amazon,0,0,30,0,1,0
2024-04-11,SKU_004,amazon,0,0,42,0,0,0
2024-04-12,SKU_004,amazon,0,0,51,0,0,0
2024-04-13,SKU_004,amazon,0,0,22,0,0,0
2024-04-14,SKU_004,amazon,0,0,24,0,0,0
2024-04-15,SKU_004,amazon,210,0,37,210,0,0
2024-04-16,SKU_004,amazon,200,10,0,0,0,0
2024-04-17,SKU_004,amazon,163,37,0,0,0,0
2024-04-18,SKU_004,amazon,138,25,0,0,0,0
2024-04-19,SKU_004,amazon,121,17,0,0,0,0
2024-04-20,SKU_004,amazon,106,15,0,0,0,0
2024-04-21,SKU_004,amazon,65,41,0,0,0,0
2024-04-22,SKU_004,amazon,50,15,0,0,0,0
2024-04-23,SKU_004,amazon,16,34,0,0,0,0
2024-04-24,SKU_004,amazon,0,16,8,0,0,0
2024-04-25,SKU_004,amazon,0,0,31,0,0,0
2024-04-26,SKU_004,amazon,0,0,22,0,0,0
2024-04-27,SKU_004,amazon,0,0,30,0,0,0
2024-04-28,SKU_004,amazon,0,0,36,0,0,0
2024-04-29,SKU_004,amazon,0,0,35,0,1,0
2024-04-30,SKU_004,amazon,0,0,34,0,0,0
2024-05-01,SKU_004,amazon,0,0,25,0,0,0
2024-05-02,SKU_004,amazon,0,0,36,0,0,0
2024-05-03,SKU_004,amazon,0,0,24,0,0,0
2024-05-04,SKU_004,amazon,0,0,30,0,0,0
2024-05-05,SKU_004,amazon,0,0,25,0,1,0
2024-05-06,SKU_004,amazon,189,0,38,189,0,0
2024-05-07,SKU_004,amazon,172,17,0,0,0,0
2024-05-08,SKU_004,amazon,152,20,0,0,0,0
2024-05-09,SKU_004,amazon,121,31,0,0,0,0
2024-05-10,SKU_004,amazon,74,47,0,0,0,0
2024-05-11,SKU_004,amazon,38,36,0,0,0,0
2024-05-12,SKU_004,amazon,0,38,5,0,0,0
2024-05-13,SKU_004,amazon,0,0,38,0,0,0
2024-05-14,SKU_004,amazon,213,0,40,213,0,0
2024-05-15,SKU_004,amazon,190,23,0,0,0,0
2024-05-16,SKU_004,amazon,165,25,0,0,0,0
2024-05-17,SKU_004,amazon,133,32,0,0,0,0
2024-05-18,SKU_004,amazon,120,13,0,0,0,0
2024-05-19,SKU_004,amazon,95,25,0,0,0,0
2024-05-20,SKU_004,amazon,69,26,0,0,0,0
2024-05-21,SKU_004,amazon,53,16,0,0,0,0
2024-05-22,SKU_004,amazon,31,22,0,0,0,0
2024-05-23,SKU_004,amazon,18,13,0,0,1,0
2024-05-24,SKU_004,amazon,0,18,6,0,0,0
2024-05-25,SKU_004,amazon,0,0,41,0,1,0
2024-05-26,SKU_004,amazon,0,0,16,0,0,0
2024-05-27,SKU_004,amazon,0,0,9,0,0,0
2024-05-28,SKU_004,amazon,0,0,23,0,0,0
2024-05-29,SKU_004,amazon,0,0,24,0,0,0
2024-05-30,SKU_004,amazon,0,0,10,0,1,0
2024-05-31,SKU_004,amazon,0,0,37,0,0,0
2024-06-01,SKU_004,amazon,0,0,12,0,0,0
2024-06-02,SKU_004,amazon,0,0,37,0,0,0
2024-06-03,SKU_004,amazon,0,0,49,0,0,0
2024-06-04,SKU_004,amazon,0,0,34,0,0,0
2024-06-05,SKU_004,amazon,0,0,18,0,0,0
2024-06-06,SKU_004,amazon,183,0,34,183,0,0
2024-06-07,SKU_004,amazon,142,41,0,0,0,0
2024-06-08,SKU_004,amazon,389,20,0,267,0,0
2024-06-09,SKU_004,amazon,360,29,0,0,0,0
2024-06-10,SKU_004,amazon,330,30,0,0,0,0
2024-06-11,SKU_004,amazon,297,33,0,0,0,0
2024-06-12,SKU_004,amazon,277,20,0,0,0,0
2024-06-13,SKU_004,amazon,239,38,0,0,0,0
2024-06-14,SKU_004,amazon,219,20,0,0,0,0
2024-06-15,SKU_004,amazon,168,51,0,0,0,0
2024-06-16,SKU_004,amazon,142,26,0,0,0,0
2024-06-17,SKU_004,amazon,111,31,0,0,0,0
2024-06-18,SKU_004,amazon,267,31,0,187,1,0
2024-06-19,SKU_004,amazon,228,39,0,0,0,0
2024-06-20,SKU_004,amazon,202,26,0,0,0,0
2024-06-21,SKU_004,amazon,184,18,0,0,0,0
2024-06-22,SKU_004,amazon,145,39,0,0,1,0
2024-06-23,SKU_004,amazon,107,38,0,0,0,0
2024-06-24,SKU_004,amazon,83,24,0,0,0,0
2024-06-25,SKU_004,amazon,67,16,0,0,0,0
2024-06-26,SKU_004,amazon,47,20,0,0,0,0
2024-06-27,SKU_004,amazon,40,7,0,0,0,0
2024-06-28,SKU_004,amazon,0,40,2,0,0,0
2024-06-29,SKU_004,amazon,0,0,33,0,0,0
2024-06-30,SKU_004,amazon,0,0,15,0,0,0
2024-07-01,SKU_004,amazon,0,0,11,0,0,0
2024-07-02,SKU_004,amazon,0,0,26,0,0,0
2024-07-03,SKU_004,amazon,0,0,19,0,0,0
2024-07-04,SKU_004,amazon,0,0,13,0,1,1
2024-07-05,SKU_004,amazon,118,0,28,118,0,0
2024-07-06,SKU_004,amazon,88,30,0,0,0,0
2024-07-07,SKU_004,amazon,49,39,0,0,0,0
2024-07-08,SKU_004,amazon,19,30,0,0,0,0
2024-07-09,SKU_004,amazon,8,11,0,0,0,0
2024-07-10,SKU_004,amazon,0,8,21,0,0,0
2024-07-11,SKU_004,amazon,0,0,22,0,0,0
2024-07-12,SKU_004,amazon,0,0,35,0,0,0
2024-07-13,SKU_004,amazon,0,0,29,0,0,0
2024-07-14,SKU_004,amazon,0,0,48,0,0,0
2024-07-15,SKU_004,amazon,0,0,27,0,0,0
2024-07-16,SKU_004,amazon,0,0,11,0,0,0
2024-07-17,SKU_004,amazon,0,0,24,0,0,0
2024-07-18,SKU_004,amazon,0,0,35,0,0,0
2024-07-19,SKU_004,amazon,0,0,26,0,0,0
2024-07-20,SKU_004,amazon,0,0,22,0,0,0
2024-07-21,SKU_004,amazon,0,0,23,0,0,0
2024-07-22,SKU_004,amazon,0,0,18,0,0,0
2024-07-23,SKU_004,amazon,0,0,28,0,0,0
2024-07-24,SKU_004,amazon,0,0,43,0,0,0
2024-07-25,SKU_004,amazon,0,0,27,0,0,0
2024-07-26,SKU_004,amazon,0,0,36,0,0,0
2024-07-27,SKU_004,amazon,0,0,37,0,0,0
2024-07-28,SKU_004,amazon,0,0,18,0,0,0
2024-07-29,SKU_004,amazon,0,0,33,0,0,0
2024-07-30,SKU_004,amazon,0,0,19,0,1,0
2024-07-31,SKU_004,amazon,0,0,28,0,1,0
2024-08-01,SKU_004,amazon,0,0,15,0,0,0
2024-08-02,SKU_004,amazon,0,0,27,0,0,0
2024-08-03,SKU_004,amazon,0,0,37,0,0,0
2024-08-04,SKU_004,amazon,0,0,31,0,0,0
2024-08-05,SKU_004,amazon,0,0,37,0,0,0
2024-08-06,SKU_004,amazon,0,0,20,0,1,0
2024-08-07,SKU_004,amazon,0,0,18,0,0,0
2024-08-08,SKU_004,amazon,0,0,34,0,0,0
2024-08-09,SKU_004,amazon,199,0,26,199,0,0
2024-08-10,SKU_004,amazon,146,53,0,0,0,0
2024-08-11,SKU_004,amazon,124,22,0,0,0,0
2024-08-12,SKU_004,amazon,94,30,0,0,0,0
2024-08-13,SKU_004,amazon,60,34,0,0,0,0
2024-08-14,SKU_004,amazon,37,23,0,0,1,0
2024-08-15,SKU_004,amazon,16,21,0,0,0,0
2024-08-16,SKU_004,amazon,0,16,6,0,0,0
2024-08-17,SKU_004,amazon,199,0,18,199,0,0
2024-08-18,SKU_004,amazon,178,21,0,0,0,0
2024-08-19,SKU_004,amazon,160,18,0,0,0,0
2024-08-20,SKU_004,amazon,147,13,0,0,0,0
2024-08-21,SKU_004,amazon,132,15,0,0,0,0
2024-08-22,SKU_004,amazon,119,13,0,0,0,0
2024-08-23,SKU_004,amazon,94,25,0,0,0,0
2024-08-24,SKU_004,amazon,58,36,0,0,0,0
2024-08-25,SKU_004,amazon,23,35,0,0,0,0
2024-08-26,SKU_004,amazon,0,23,9,0,0,0
2024-08-27,SKU_004,amazon,102,0,33,102,0,0
2024-08-28,SKU_004,amazon,83,19,0,0,0,0
2024-08-29,SKU_004,amazon,64,19,0,0,1,0
2024-08-30,SKU_004,amazon,16,48,0,0,0,0
2024-08-31,SKU_004,amazon,0,16,12,0,0,0
2024-09-01,SKU_004,amazon,115,0,21,115,0,0
2024-09-02,SKU_004,amazon,94,21,0,0,0,0
2024-09-03,SKU_004,amazon,277,31,0,214,0,0
2024-09-04,SKU_004,amazon,254,23,0,0,0,0
2024-09-05,SKU_004,amazon,231,23,0,0,0,0
2024-09-06,SKU_004,amazon,203,28,0,0,0,0
2024-09-07,SKU_004,amazon,182,21,0,0,0,0
2024-09-08,SKU_004,amazon,303,33,0,154,0,0
2024-09-09,SKU_004,amazon,282,21,0,0,0,0
2024-09-10,SKU_004,amazon,254,28,0,0,0,0
2024-09-11,SKU_004,amazon,220,34,0,0,0,0
2024-09-12,SKU_004,amazon,387,20,0,187,0,0
2024-09-13,SKU_004,amazon,367,20,0,0,1,0
2024-09-14,SKU_004,amazon,346,21,0,0,0,0
2024-09-15,SKU_004,amazon,318,28,0,0,0,0
2024-09-16,SKU_004,amazon,295,23,0,0,0,0
2024-09-17,SKU_004,amazon,413,25,0,143,0,0
2024-09-18,SKU_004,amazon,372,41,0,0,0,0
2024-09-19,SKU_004,amazon,363,9,0,0,0,0
2024-09-20,SKU_004,amazon,331,32,0,0,0,0
2024-09-21,SKU_004,amazon,312,19,0,0,0,0
2024-09-22,SKU_004,amazon,277,35,0,0,0,0
2024-09-23,SKU_004,amazon,244,33,0,0,0,0
2024-09-24,SKU_004,amazon,233,11,0,0,0,0
2024-09-25,SKU_004,amazon,392,24,0,183,1,0
2024-09-26,SKU_004,amazon,351,41,0,0,0,0
2024-09-27,SKU_004,amazon,314,37,0,0,0,0
2024-09-28,SKU_004,amazon,289,25,0,0,0,0
2024-09-29,SKU_004,amazon,257,32,0,0,0,0
2024-09-30,SKU_004,amazon,220,37,0,0,0,0
2024-10-01,SKU_004,amazon,201,19,0,0,1,0
2024-10-02,SKU_004,amazon,186,15,0,0,0,0
2024-10-03,SKU_004,amazon,147,39,0,0,0,0
2024-10-04,SKU_004,amazon,131,16,0,0,0,0
2024-10-05,SKU_004,amazon,392,15,0,276,0,0
2024-10-06,SKU_004,amazon,364,28,0,0,0,0
2024-10-07,SKU_004,amazon,338,26,0,0,0,0
2024-10-08,SKU_004,amazon,326,12,0,0,1,0
2024-10-09,SKU_004,amazon,298,28,0,0,0,0
2024-10-10,SKU_004,amazon,266,32,0,0,0,0
2024-10-11,SKU_004,amazon,237,29,0,0,0,0
2024-10-12,SKU_004,amazon,215,22,0,0,0,0
2024-10-13,SKU_004,amazon,388,29,0,202,0,0
2024-10-14,SKU_004,amazon,347,41,0,0,1,0
2024-10-15,SKU_004,amazon,314,33,0,0,0,0
2024-10-16,SKU_004,amazon,294,20,0,0,0,0
2024-10-17,SKU_004,amazon,262,32,0,0,0,0
2024-10-18,SKU_004,amazon,234,28,0,0,0,0
2024-10-19,SKU_004,amazon,223,11,0,0,0,0
2024-10-20,SKU_004,amazon,212,11,0,0,0,0
2024-10-21,SKU_004,amazon,169,43,0,0,0,0
2024-10-22,SKU_004,amazon,146,23,0,0,0,0
2024-10-23,SKU_004,amazon,110,36,0,0,0,0
2024-10-24,SKU_004,amazon,71,39,0,0,0,0
2024-10-25,SKU_004,amazon,47,24,0,0,0,0
2024-10-26,SKU_004,amazon,32,15,0,0,0,0
2024-10-27,SKU_004,amazon,181,25,0,174,0,0
2024-10-28,SKU_004,amazon,134,47,0,0,0,0
2024-10-29,SKU_004,amazon,104,30,0,0,1,0
2024-10-30,SKU_004,amazon,343,22,0,261,0,0
2024-10-31,SKU_004,amazon,304,39,0,0,0,0
2024-11-01,SKU_004,amazon,280,24,0,0,0,0
2024-11-02,SKU_004,amazon,255,25,0,0,0,0
2024-11-03,SKU_004,amazon,206,49,0,0,0,0
2024-11-04,SKU_004,amazon,186,20,0,0,0,0
2024-11-05,SKU_004,amazon,147,39,0,0,0,0
2024-11-06,SKU_004,amazon,130,17,0,0,0,0
2024-11-07,SKU_004,amazon,95,35,0,0,0,0
2024-11-08,SKU_004,amazon,69,26,0,0,0,0
2024-11-09,SKU_004,amazon,205,25,0,161,0,0
2024-11-10,SKU_004,amazon,167,38,0,0,0,0
2024-11-11,SKU_004,amazon,131,36,0,0,0,0
2024-11-12,SKU_004,amazon,97,34,0,0,0,0
2024-11-13,SKU_004,amazon,66,31,0,0,0,0
2024-11-14,SKU_004,amazon,40,26,0,0,0,0
2024-11-15,SKU_004,amazon,21,19,0,0,0,0
2024-11-16,SKU_004,amazon,0,21,13,0,0,0
2024-11-17,SKU_004,amazon,0,0,37,0,0,0
2024-11-18,SKU_004,amazon,0,0,41,0,0,0
2024-11-19,SKU_004,amazon,0,0,21,0,0,0
2024-11-20,SKU_004,amazon,0,0,39,0,0,0
2024-11-21,SKU_004,amazon,0,0,20,0,0,0
2024-11-22,SKU_004,amazon,0,0,43,0,0,0
2024-11-23,SKU_004,amazon,0,0,37,0,0,0
2024-11-24,SKU_004,amazon,0,0,17,0,0,0
2024-11-25,SKU_004,amazon,0,0,15,0,0,0
2024-11-26,SKU_004,amazon,0,0,33,0,0,0
2024-11-27,SKU_004,amazon,0,0,29,0,1,0
2024-11-28,SKU_004,amazon,0,0,26,0,1,1
2024-11-29,SKU_004,amazon,0,0,42,0,0,0
2024-11-30,SKU_004,amazon,0,0,14,0,0,0
2024-12-01,SKU_004,amazon,0,0,25,0,0,0
2024-12-02,SKU_004,amazon,0,0,48,0,0,0
2024-12-03,SKU_004,amazon,0,0,31,0,1,0
2024-12-04,SKU_004,amazon,0,0,42,0,0,0
2024-12-05,SKU_004,amazon,0,0,16,0,0,0
2024-12-06,SKU_004,amazon,0,0,35,0,0,0
2024-12-07,SKU_004,amazon,0,0,31,0,0,0
2024-12-08,SKU_004,amazon,269,0,16,269,0,0
2024-12-09,SKU_004,amazon,248,21,0,0,0,0
2024-12-10,SKU_004,amazon,226,22,0,0,0,0
2024-12-11,SKU_004,amazon,199,27,0,0,0,0
2024-12-12,SKU_004,amazon,176,23,0,0,0,0
2024-12-13,SKU_004,amazon,142,34,0,0,0,0
2024-12-14,SKU_004,amazon,117,25,0,0,0,0
2024-12-15,SKU_004,amazon,228,32,0,143,0,0
2024-12-16,SKU_004,amazon,200,28,0,0,0,0
2024-12-17,SKU_004,amazon,177,23,0,0,0,0
2024-12-18,SKU_004,amazon,145,32,0,0,0,0
2024-12-19,SKU_004,amazon,112,33,0,0,0,0
2024-12-20,SKU_004,amazon,89,23,0,0,1,0
2024-12-21,SKU_004,amazon,80,9,0,0,0,0
2024-12-22,SKU_004,amazon,62,18,0,0,0,0
2024-12-23,SKU_004,amazon,53,9,0,0,0,0
2024-12-24,SKU_004,amazon,26,27,0,0,0,0
2024-12-25,SKU_004,amazon,7,19,0,0,0,1
2024-12-26,SKU_004,amazon,0,7,30,0,0,0
2024-12-27,SKU_004,amazon,0,0,16,0,0,0
2024-12-28,SKU_004,amazon,0,0,17,0,0,0
2024-12-29,SKU_004,amazon,0,0,35,0,0,0
2024-12-30,SKU_004,amazon,0,0,11,0,0,0
2024-12-31,SKU_004,amazon,0,0,20,0,0,0
2023-01-01,SKU_005,store,473,27,0,0,0,1
2023-01-02,SKU_005,store,451,22,0,0,0,0
2023-01-03,SKU_005,store,433,18,0,0,0,0
2023-01-04,SKU_005,store,398,35,0,0,0,0
2023-01-05,SKU_005,store,385,13,0,0,0,0
2023-01-06,SKU_005,store,371,14,0,0,0,0
2023-01-07,SKU_005,store,345,26,0,0,0,0
2023-01-08,SKU_005,store,328,17,0,0,0,0
2023-01-09,SKU_005,store,312,16,0,0,0,0
2023-01-10,SKU_005,store,581,29,0,298,0,0
2023-01-11,SKU_005,store,545,36,0,0,0,0
2023-01-12,SKU_005,store,702,21,0,178,0,0
2023-01-13,SKU_005,store,675,27,0,0,0,0
2023-01-14,SKU_005,store,653,22,0,0,0,0
2023-01-15,SKU_005,store,628,25,0,0,0,0
2023-01-16,SKU_005,store,610,18,0,0,0,0
2023-01-17,SKU_005,store,590,20,0,0,1,0
2023-01-18,SKU_005,store,554,36,0,0,0,0
2023-01-19,SKU_005,store,523,31,0,0,0,0
2023-01-20,SKU_005,store,485,38,0,0,1,0
2023-01-21,SKU_005,store,448,37,0,0,0,0
2023-01-22,SKU_005,store,417,31,0,0,0,0
2023-01-23,SKU_005,store,393,24,0,0,0,0
2023-01-24,SKU_005,store,351,42,0,0,0,0
2023-01-25,SKU_005,store,312,39,0,0,0,0
2023-01-26,SKU_005,store,271,41,0,0,0,0
2023-01-27,SKU_005,store,260,11,0,0,0,0
2023-01-28,SKU_005,store,246,14,0,0,0,0
2023-01-29,SKU_005,store,223,23,0,0,0,0
2023-01-30,SKU_005,store,195,28,0,0,0,0
2023-01-31,SKU_005,store,177,18,0,0,0,0
2023-02-01,SKU_005,store,161,16,0,0,0,0
2023-02-02,SKU_005,store,237,40,0,116,0,0
2023-02-03,SKU_005,store,216,21,0,0,0,0
2023-02-04,SKU_005,store,178,38,0,0,0,0
2023-02-05,SKU_005,store,159,19,0,0,0,0
2023-02-06,SKU_005,store,138,21,0,0,1,0
2023-02-07,SKU_005,store,117,21,0,0,0,0
2023-02-08,SKU_005,store,90,27,0,0,0,0
2023-02-09,SKU_005,store,52,38,0,0,0,0
2023-02-10,SKU_005,store,29,23,0,0,0,0
2023-02-11,SKU_005,store,16,13,0,0,0,0
2023-02-12,SKU_005,store,0,16,9,0,0,0
2023-02-13,SKU_005,store,0,0,21,0,0,0
2023-02-14,SKU_005,store,0,0,32,0,0,0
2023-02-15,SKU_005,store,0,0,29,0,0,0
2023-02-16,SKU_005,store,0,0,33,0,0,0
2023-02-17,SKU_005,store,0,0,38,0,0,0
2023-02-18,SKU_005,store,0,0,40,0,1,0
2023-02-19,SKU_005,store,0,0,26,0,0,0
2023-02-20,SKU_005,store,0,0,22,0,0,0
2023-02-21,SKU_005,store,0,0,12,0,1,0
2023-02-22,SKU_005,store,0,0,34,0,0,0
2023-02-23,SKU_005,store,0,0,35,0,0,0
2023-02-24,SKU_005,store,0,0,40,0,0,0
2023-02-25,SKU_005,store,0,0,50,0,0,0
2023-02-26,SKU_005,store,0,0,15,0,0,0
2023-02-27,SKU_005,store,0,0,21,0,0,0
2023-02-28,SKU_005,store,0,0,35,0,0,0
2023-03-01,SKU_005,store,0,0,33,0,0,0
2023-03-02,SKU_005,store,0,0,21,0,0,0
2023-03-03,SKU_005,store,0,0,15,0,0,0
2023-03-04,SKU_005,store,0,0,23,0,0,0
2023-03-05,SKU_005,store,162,0,14,162,1,0
2023-03-06,SKU_005,store,146,16,0,0,0,0
2023-03-07,SKU_005,store,128,18,0,0,0,0
2023-03-08,SKU_005,store,114,14,0,0,0,0
2023-03-09,SKU_005,store,94,20,0,0,1,0
2023-03-10,SKU_005,store,68,26,0,0,0,0
2023-03-11,SKU_005,store,33,35,0,0,0,0
2023-03-12,SKU_005,store,4,29,0,0,0,0
2023-03-13,SKU_005,store,0,4,39,0,0,0
2023-03-14,SKU_005,store,0,0,16,0,1,0
2023-03-15,SKU_005,store,0,0,26,0,0,0
2023-03-16,SKU_005,store,0,0,27,0,0,0
2023-03-17,SKU_005,store,0,0,21,0,0,0
2023-03-18,SKU_005,store,0,0,16,0,0,0
2023-03-19,SKU_005,store,0,0,13,0,1,0
2023-03-20,SKU_005,store,0,0,40,0,0,0
2023-03-21,SKU_005,store,0,0,24,0,0,0
2023-03-22,SKU_005,store,0,0,38,0,1,0
2023-03-23,SKU_005,store,0,0,31,0,0,0
2023-03-24,SKU_005,store,0,0,41,0,0,0
2023-03-25,SKU_005,store,0,0,16,0,0,0
2023-03-26,SKU_005,store,0,0,27,0,0,0
2023-03-27,SKU_005,store,0,0,46,0,1,0
2023-03-28,SKU_005,store,0,0,40,0,0,0
2023-03-29,SKU_005,store,197,0,20,197,0,0
2023-03-30,SKU_005,store,160,37,0,0,0,0
2023-03-31,SKU_005,store,131,29,0,0,0,0
2023-04-01,SKU_005,store,119,12,0,0,0,0
2023-04-02,SKU_005,store,110,9,0,0,0,0
2023-04-03,SKU_005,store,67,43,0,0,1,0
2023-04-04,SKU_005,store,52,15,0,0,0,0
2023-04-05,SKU_005,store,259,36,0,243,0,0
2023-04-06,SKU_005,store,237,22,0,0,0,0
2023-04-07,SKU_005,store,476,24,0,263,0,0
2023-04-08,SKU_005,store,448,28,0,0,0,0
2023-04-09,SKU_005,store,723,14,0,289,0,0
2023-04-10,SKU_005,store,692,31,0,0,0,0
2023-04-11,SKU_005,store,681,11,0,0,0,0
2023-04-12,SKU_005,store,654,27,0,0,1,0
2023-04-13,SKU_005,store,624,30,0,0,0,0
2023-04-14,SKU_005,store,579,45,0,0,0,0
2023-04-15,SKU_005,store,561,18,0,0,1,0
2023-04-16,SKU_005,store,525,36,0,0,0,0
2023-04-17,SKU_005,store,509,16,0,0,0,0
2023-04-18,SKU_005,store,766,19,0,276,0,0
2023-04-19,SKU_005,store,726,40,0,0,0,0
2023-04-20,SKU_005,store,698,28,0,0,0,0
2023-04-21,SKU_005,store,677,21,0,0,1,0
2023-04-22,SKU_005,store,788,27,0,138,0,0
2023-04-23,SKU_005,store,753,35,0,0,0,0
2023-04-24,SKU_005,store,718,35,0,0,0,0
2023-04-25,SKU_005,store,708,10,0,0,0,0
2023-04-26,SKU_005,store,672,36,0,0,0,0
2023-04-27,SKU_005,store,638,34,0,0,0,0
2023-04-28,SKU_005,store,781,23,0,166,1,0
2023-04-29,SKU_005,store,760,21,0,0,0,0
2023-04-30,SKU_005,store,712,48,0,0,0,0
2023-05-01,SKU_005,store,695,17,0,0,0,0
2023-05-02,SKU_005,store,680,15,0,0,0,0
2023-05-03,SKU_005,store,657,23,0,0,1,0
2023-05-04,SKU_005,store,628,29,0,0,0,0
2023-05-05,SKU_005,store,603,25,0,0,0,0
2023-05-06,SKU_005,store,589,14,0,0,0,0
2023-05-07,SKU_005,store,548,41,0,0,1,0
2023-05-08,SKU_005,store,513,35,0,0,0,0
2023-05-09,SKU_005,store,490,23,0,0,0,0
2023-05-10,SKU_005,store,469,21,0,0,0,0
2023-05-11,SKU_005,store,446,23,0,0,0,0
2023-05-12,SKU_005,store,428,18,0,0,0,0
2023-05-13,SKU_005,store,402,26,0,0,0,0
2023-05-14,SKU_005,store,364,38,0,0,0,0
2023-05-15,SKU_005,store,337,27,0,0,0,0
2023-05-16,SKU_005,store,312,25,0,0,0,0
2023-05-17,SKU_005,store,276,36,0,0,0,0
2023-05-18,SKU_005,store,250,26,0,0,0,0
2023-05-19,SKU_005,store,233,17,0,0,0,0
2023-05-20,SKU_005,store,203,30,0,0,0,0
2023-05-21,SKU_005,store,179,24,0,0,0,0
2023-05-22,SKU_005,store,161,18,0,0,0,0
2023-05-23,SKU_005,store,137,24,0,0,1,0
2023-05-24,SKU_005,store,111,26,0,0,0,0
2023-05-25,SKU_005,store,96,15,0,0,0,0
2023-05-26,SKU_005,store,62,34,0,0,0,0
2023-05-27,SKU_005,store,43,19,0,0,0,0
2023-05-28,SKU_005,store,6,37,0,0,0,0
2023-05-29,SKU_005,store,0,6,28,0,0,0
2023-05-30,SKU_005,store,0,0,21,0,1,0
2023-05-31,SKU_005,store,0,0,40,0,0,0
2023-06-01,SKU_005,store,110,0,30,110,0,0
2023-06-02,SKU_005,store,91,19,0,0,0,0
2023-06-03,SKU_005,store,69,22,0,0,0,0
2023-06-04,SKU_005,store,46,23,0,0,0,0
2023-06-05,SKU_005,store,22,24,0,0,0,0
2023-06-06,SKU_005,store,3,19,0,0,0,0
2023-06-07,SKU_005,store,0,3,25,0,0,0
2023-06-08,SKU_005,store,0,0,23,0,0,0
2023-06-09,SKU_005,store,0,0,23,0,0,0
2023-06-10,SKU_005,store,0,0,23,0,0,0
2023-06-11,SKU_005,store,0,0,14,0,0,0
2023-06-12,SKU_005,store,0,0,30,0,0,0
2023-06-13,SKU_005,store,0,0,38,0,0,0
2023-06-14,SKU_005,store,0,0,15,0,1,0
2023-06-15,SKU_005,store,0,0,24,0,0,0
2023-06-16,SKU_005,store,0,0,23,0,0,0
2023-06-17,SKU_005,store,0,0,32,0,0,0
2023-06-18,SKU_005,store,0,0,23,0,0,0
2023-06-19,SKU_005,store,0,0,23,0,0,0
2023-06-20,SKU_005,store,0,0,34,0,0,0
2023-06-21,SKU_005,store,0,0,22,0,0,0
2023-06-22,SKU_005,store,0,0,29,0,0,0
2023-06-23,SKU_005,store,0,0,23,0,0,0
2023-06-24,SKU_005,store,0,0,21,0,0,0
2023-06-25,SKU_005,store,0,0,42,0,0,0
2023-06-26,SKU_005,store,255,0,37,255,0,0
2023-06-27,SKU_005,store,247,8,0,0,0,0
2023-06-28,SKU_005,store,234,13,0,0,0,0
2023-06-29,SKU_005,store,204,30,0,0,0,0
2023-06-30,SKU_005,store,161,43,0,0,1,0
2023-07-01,SKU_005,store,141,20,0,0,0,0
2023-07-02,SKU_005,store,131,10,0,0,0,0
2023-07-03,SKU_005,store,78,53,0,0,0,0
2023-07-04,SKU_005,store,61,17,0,0,0,1
2023-07-05,SKU_005,store,26,35,0,0,0,0
2023-07-06,SKU_005,store,252,20,0,246,0,0
2023-07-07,SKU_005,store,225,27,0,0,0,0
2023-07-08,SKU_005,store,190,35,0,0,0,0
2023-07-09,SKU_005,store,157,33,0,0,0,0
2023-07-10,SKU_005,store,135,22,0,0,0,0
2023-07-11,SKU_005,store,103,32,0,0,1,0
2023-07-12,SKU_005,store,67,36,0,0,0,0
2023-07-13,SKU_005,store,52,15,0,0,0,0
2023-07-14,SKU_005,store,22,30,0,0,0,0
2023-07-15,SKU_005,store,0,22,9,0,0,0
2023-07-16,SKU_005,store,0,0,31,0,0,0
2023-07-17,SKU_005,store,0,0,18,0,1,0
2023-07-18,SKU_005,store,0,0,46,0,0,0
2023-07-19,SKU_005,store,0,0,37,0,0,0
2023-07-20,SKU_005,store,0,0,45,0,0,0
2023-07-21,SKU_005,store,0,0,36,0,1,0
2023-07-22,SKU_005,store,0,0,39,0,0,0
2023-07-23,SKU_005,store,0,0,19,0,0,0
2023-07-24,SKU_005,store,0,0,27,0,0,0
2023-07-25,SKU_005,store,0,0,17,0,0,0
2023-07-26,SKU_005,store,0,0,24,0,0,0
2023-07-27,SKU_005,store,0,0,22,0,0,0
2023-07-28,SKU_005,store,0,0,48,0,0,0
2023-07-29,SKU_005,store,0,0,28,0,0,0
2023-07-30,SKU_005,store,225,0,28,225,0,0
2023-07-31,SKU_005,store,203,22,0,0,0,0
2023-08-01,SKU_005,store,173,30,0,0,1,0
2023-08-02,SKU_005,store,141,32,0,0,0,0
2023-08-03,SKU_005,store,111,30,0,0,0,0
2023-08-04,SKU_005,store,78,33,0,0,0,0
2023-08-05,SKU_005,store,53,25,0,0,0,0
2023-08-06,SKU_005,store,17,36,0,0,0,0
2023-08-07,SKU_005,store,2,15,0,0,0,0
2023-08-08,SKU_005,store,0,2,34,0,0,0
2023-08-09,SKU_005,store,0,0,16,0,0,0
2023-08-10,SKU_005,store,0,0,25,0,0,0
2023-08-11,SKU_005,store,0,0,25,0,0,0
2023-08-12,SKU_005,store,0,0,20,0,0,0
2023-08-13,SKU_005,store,0,0,20,0,0,0
2023-08-14,SKU_005,store,0,0,30,0,0,0
2023-08-15,SKU_005,store,0,0,26,0,0,0
2023-08-16,SKU_005,store,0,0,21,0,0,0
2023-08-17,SKU_005,store,189,0,28,189,0,0
2023-08-18,SKU_005,store,157,32,0,0,0,0
2023-08-19,SKU_005,store,127,30,0,0,0,0
2023-08-20,SKU_005,store,98,29,0,0,0,0
2023-08-21,SKU_005,store,80,18,0,0,0,0
2023-08-22,SKU_005,store,61,19,0,0,0,0
2023-08-23,SKU_005,store,24,37,0,0,0,0
2023-08-24,SKU_005,store,0,24,15,0,0,0
2023-08-25,SKU_005,store,0,0,39,0,0,0
2023-08-26,SKU_005,store,0,0,28,0,0,0
2023-08-27,SKU_005,store,0,0,31,0,0,0
2023-08-28,SKU_005,store,0,0,21,0,0,0
2023-08-29,SKU_005,store,0,0,23,0,1,0
2023-08-30,SKU_005,store,0,0,35,0,1,0
2023-08-31,SKU_005,store,0,0,28,0,0,0
2023-09-01,SKU_005,store,0,0,38,0,1,0
2023-09-02,SKU_005,store,0,0,29,0,0,0
2023-09-03,SKU_005,store,0,0,18,0,0,0
2023-09-04,SKU_005,store,0,0,36,0,1,0
2023-09-05,SKU_005,store,0,0,39,0,0,0
2023-09-06,SKU_005,store,0,0,39,0,0,0
2023-09-07,SKU_005,store,0,0,10,0,0,0
2023-09-08,SKU_005,store,0,0,11,0,0,0
2023-09-09,SKU_005,store,0,0,52,0,0,0
2023-09-10,SKU_005,store,0,0,15,0,0,0
2023-09-11,SKU_005,store,0,0,32,0,0,0
2023-09-12,SKU_005,store,0,0,38,0,0,0
2023-09-13,SKU_005,store,0,0,39,0,0,0
2023-09-14,SKU_005,store,283,0,33,283,0,0
2023-09-15,SKU_005,store,260,23,0,0,0,0
2023-09-16,SKU_005,store,220,40,0,0,0,0
2023-09-17,SKU_005,store,174,46,0,0,0,0
2023-09-18,SKU_005,store,137,37,0,0,0,0
2023-09-19,SKU_005,store,95,42,0,0,0,0
2023-09-20,SKU_005,store,71,24,0,0,0,0
2023-09-21,SKU_005,store,58,13,0,0,0,0
2023-09-22,SKU_005,store,28,30,0,0,0,0
2023-09-23,SKU_005,store,13,15,0,0,0,0
2023-09-24,SKU_005,store,0,13,13,0,0,0
2023-09-25,SKU_005,store,0,0,31,0,0,0
2023-09-26,SKU_005,store,0,0,16,0,0,0
2023-09-27,SKU_005,store,0,0,45,0,0,0
2023-09-28,SKU_005,store,0,0,42,0,0,0
2023-09-29,SKU_005,store,0,0,16,0,0,0
2023-09-30,SKU_005,store,0,0,19,0,0,0
2023-10-01,SKU_005,store,0,0,30,0,1,0
2023-10-02,SKU_005,store,0,0,10,0,0,0
2023-10-03,SKU_005,store,0,0,13,0,0,0
2023-10-04,SKU_005,store,0,0,23,0,0,0
2023-10-05,SKU_005,store,0,0,29,0,0,0
2023-10-06,SKU_005,store,0,0,35,0,0,0
2023-10-07,SKU_005,store,0,0,17,0,0,0
2023-10-08,SKU_005,store,0,0,39,0,1,0
2023-10-09,SKU_005,store,0,0,29,0,0,0
2023-10-10,SKU_005,store,0,0,27,0,0,0
2023-10-11,SKU_005,store,209,0,26,209,0,0
2023-10-12,SKU_005,store,184,25,0,0,0,0
2023-10-13,SKU_005,store,166,18,0,0,0,0
2023-10-14,SKU_005,store,132,34,0,0,0,0
2023-10-15,SKU_005,store,92,40,0,0,0,0
2023-10-16,SKU_005,store,54,38,0,0,0,0
2023-10-17,SKU_005,store,23,31,0,0,0,0
2023-10-18,SKU_005,store,0,23,13,0,0,0
2023-10-19,SKU_005,store,0,0,22,0,0,0
2023-10-20,SKU_005,store,0,0,24,0,0,0
2023-10-21,SKU_005,store,0,0,27,0,0,0
2023-10-22,SKU_005,store,0,0,38,0,0,0
2023-10-23,SKU_005,store,0,0,23,0,0,0
2023-10-24,SKU_005,store,0,0,11,0,1,0
2023-10-25,SKU_005,store,0,0,33,0,0,0
2023-10-26,SKU_005,store,0,0,16,0,0,0
2023-10-27,SKU_005,store,0,0,30,0,0,0
2023-10-28,SKU_005,store,0,0,34,0,0,0
2023-10-29,SKU_005,store,0,0,43,0,0,0
2023-10-30,SKU_005,store,0,0,27,0,0,0
2023-10-31,SKU_005,store,0,0,20,0,0,0
2023-11-01,SKU_005,store,0,0,26,0,0,0
2023-11-02,SKU_005,store,0,0,12,0,0,0
2023-11-03,SKU_005,store,0,0,31,0,0,0
2023-11-04,SKU_005,store,0,0,37,0,0,0
2023-11-05,SKU_005,store,0,0,19,0,0,0
2023-11-06,SKU_005,store,0,0,13,0,0,0
2023-11-07,SKU_005,store,0,0,24,0,0,0
2023-11-08,SKU_005,store,248,0,35,248,0,0
2023-11-09,SKU_005,store,218,30,0,0,0,0
2023-11-10,SKU_005,store,174,44,0,0,0,0
2023-11-11,SKU_005,store,135,39,0,0,0,0
2023-11-12,SKU_005,store,97,38,0,0,0,0
2023-11-13,SKU_005,store,85,12,0,0,0,0
2023-11-14,SKU_005,store,277,31,0,223,0,0
2023-11-15,SKU_005,store,238,39,0,0,0,0
2023-11-16,SKU_005,store,217,21,0,0,1,0
2023-11-17,SKU_005,store,178,39,0,0,0,0
2023-11-18,SKU_005,store,145,33,0,0,0,0
2023-11-19,SKU_005,store,122,23,0,0,0,0
2023-11-20,SKU_005,store,92,30,0,0,0,0
2023-11-21,SKU_005,store,79,13,0,0,0,0
2023-11-22,SKU_005,store,65,14,0,0,1,0
2023-11-23,SKU_005,store,35,30,0,0,0,1
2023-11-24,SKU_005,store,2,33,0,0,0,0
2023-11-25,SKU_005,store,172,2,31,172,0,0
2023-11-26,SKU_005,store,155,17,0,0,0,0
2023-11-27,SKU_005,store,134,21,0,0,0,0
2023-11-28,SKU_005,store,105,29,0,0,0,0
2023-11-29,SKU_005,store,74,31,0,0,0,0
2023-11-30,SKU_005,store,56,18,0,0,0,0
2023-12-01,SKU_005,store,23,33,0,0,0,0
2023-12-02,SKU_005,store,9,14,0,0,0,0
2023-12-03,SKU_005,store,0,9,9,0,0,0
2023-12-04,SKU_005,store,0,0,24,0,0,0
2023-12-05,SKU_005,store,0,0,20,0,0,0
2023-12-06,SKU_005,store,0,0,15,0,0,0
2023-12-07,SKU_005,store,0,0,26,0,0,0
2023-12-08,SKU_005,store,0,0,47,0,0,0
2023-12-09,SKU_005,store,0,0,33,0,0,0
2023-12-10,SKU_005,store,0,0,25,0,0,0
2023-12-11,SKU_005,store,0,0,43,0,0,0
2023-12-12,SKU_005,store,0,0,27,0,0,0
2023-12-13,SKU_005,store,0,0,33,0,0,0
2023-12-14,SKU_005,store,0,0,28,0,0,0
2023-12-15,SKU_005,store,0,0,35,0,0,0
2023-12-16,SKU_005,store,0,0,20,0,0,0
2023-12-17,SKU_005,store,0,0,18,0,0,0
2023-12-18,SKU_005,store,0,0,23,0,0,0
2023-12-19,SKU_005,store,0,0,19,0,0,0
2023-12-20,SKU_005,store,292,0,17,292,0,0
2023-12-21,SKU_005,store,267,25,0,0,0,0
2023-12-22,SKU_005,store,229,38,0,0,0,0
2023-12-23,SKU_005,store,197,32,0,0,0,0
2023-12-24,SKU_005,store,168,29,0,0,0,0
2023-12-25,SKU_005,store,144,24,0,0,0,1
2023-12-26,SKU_005,store,111,33,0,0,0,0
2023-12-27,SKU_005,store,86,25,0,0,0,0
2023-12-28,SKU_005,store,54,32,0,0,0,0
2023-12-29,SKU_005,store,44,10,0,0,0,0
2023-12-30,SKU_005,store,14,30,0,0,0,0
2023-12-31,SKU_005,store,0,14,13,0,0,0
2024-01-01,SKU_005,store,0,0,20,0,0,1
2024-01-02,SKU_005,store,0,0,14,0,0,0
2024-01-03,SKU_005,store,0,0,34,0,0,0
2024-01-04,SKU_005,store,0,0,26,0,0,0
2024-01-05,SKU_005,store,0,0,35,0,0,0
2024-01-06,SKU_005,store,0,0,13,0,0,0
2024-01-07,SKU_005,store,0,0,37,0,0,0
2024-01-08,SKU_005,store,0,0,41,0,0,0
2024-01-09,SKU_005,store,0,0,42,0,0,0
2024-01-10,SKU_005,store,0,0,22,0,0,0
2024-01-11,SKU_005,store,0,0,21,0,0,0
2024-01-12,SKU_005,store,0,0,24,0,0,0
2024-01-13,SKU_005,store,0,0,32,0,0,0
2024-01-14,SKU_005,store,0,0,37,0,0,0
2024-01-15,SKU_005,store,0,0,33,0,0,0
2024-01-16,SKU_005,store,0,0,19,0,0,0
2024-01-17,SKU_005,store,0,0,31,0,0,0
2024-01-18,SKU_005,store,0,0,29,0,0,0
2024-01-19,SKU_005,store,0,0,33,0,0,0
2024-01-20,SKU_005,store,0,0,23,0,0,0
2024-01-21,SKU_005,store,0,0,39,0,0,0
2024-01-22,SKU_005,store,0,0,21,0,0,0
2024-01-23,SKU_005,store,0,0,33,0,0,0
2024-01-24,SKU_005,store,0,0,32,0,0,0
2024-01-25,SKU_005,store,0,0,34,0,0,0
2024-01-26,SKU_005,store,0,0,36,0,0,0
2024-01-27,SKU_005,store,0,0,16,0,0,0
2024-01-28,SKU_005,store,0,0,15,0,0,0
2024-01-29,SKU_005,store,0,0,26,0,0,0
2024-01-30,SKU_005,store,0,0,18,0,0,0
2024-01-31,SKU_005,store,185,0,28,185,0,0
2024-02-01,SKU_005,store,165,20,0,0,0,0
2024-02-02,SKU_005,store,135,30,0,0,0,0
2024-02-03,SKU_005,store,120,15,0,0,0,0
2024-02-04,SKU_005,store,97,23,0,0,0,0
2024-02-05,SKU_005,store,85,12,0,0,1,0
2024-02-06,SKU_005,store,48,37,0,0,1,0
2024-02-07,SKU_005,store,32,16,0,0,0,0
2024-02-08,SKU_005,store,0,32,11,0,0,0
2024-02-09,SKU_005,store,0,0,26,0,0,0
2024-02-10,SKU_005,store,0,0,39,0,0,0
2024-02-11,SKU_005,store,0,0,18,0,0,0
2024-02-12,SKU_005,store,0,0,28,0,1,0
2024-02-13,SKU_005,store,0,0,37,0,0,0
2024-02-14,SKU_005,store,0,0,22,0,0,0
2024-02-15,SKU_005,store,0,0,13,0,0,0
2024-02-16,SKU_005,store,0,0,13,0,0,0
2024-02-17,SKU_005,store,211,0,16,211,0,0
2024-02-18,SKU_005,store,405,10,0,204,0,0
2024-02-19,SKU_005,store,379,26,0,0,0,0
2024-02-20,SKU_005,store,355,24,0,0,1,0
2024-02-21,SKU_005,store,314,41,0,0,0,0
2024-02-22,SKU_005,store,272,42,0,0,0,0
2024-02-23,SKU_005,store,240,32,0,0,0,0
2024-02-24,SKU_005,store,231,9,0,0,1,0
2024-02-25,SKU_005,store,205,26,0,0,0,0
2024-02-26,SKU_005,store,180,25,0,0,0,0
2024-02-27,SKU_005,store,159,21,0,0,0,0
2024-02-28,SKU_005,store,134,25,0,0,1,0
2024-02-29,SKU_005,store,103,31,0,0,0,0
2024-03-01,SKU_005,store,76,27,0,0,0,0
2024-03-02,SKU_005,store,18,58,0,0,0,0
2024-03-03,SKU_005,store,0,18,5,0,0,0
2024-03-04,SKU_005,store,0,0,20,0,0,0
2024-03-05,SKU_005,store,0,0,23,0,0,0
2024-03-06,SKU_005,store,0,0,28,0,0,0
2024-03-07,SKU_005,store,0,0,28,0,0,0
2024-03-08,SKU_005,store,0,0,19,0,0,0
2024-03-09,SKU_005,store,0,0,44,0,1,0
2024-03-10,SKU_005,store,0,0,36,0,0,0
2024-03-11,SKU_005,store,0,0,24,0,0,0
2024-03-12,SKU_005,store,0,0,20,0,0,0
2024-03-13,SKU_005,store,0,0,13,0,0,0
2024-03-14,SKU_005,store,0,0,39,0,0,0
2024-03-15,SKU_005,store,235,0,20,235,0,0
2024-03-16,SKU_005,store,424,27,0,216,1,0
2024-03-17,SKU_005,store,385,39,0,0,0,0
2024-03-18,SKU_005,store,367,18,0,0,1,0
2024-03-19,SKU_005,store,330,37,0,0,0,0
2024-03-20,SKU_005,store,298,32,0,0,0,0
2024-03-21,SKU_005,store,261,37,0,0,0,0
2024-03-22,SKU_005,store,235,26,0,0,0,0
2024-03-23,SKU_005,store,192,43,0,0,0,0
2024-03-24,SKU_005,store,165,27,0,0,1,0
2024-03-25,SKU_005,store,143,22,0,0,0,0
2024-03-26,SKU_005,store,128,15,0,0,0,0
2024-03-27,SKU_005,store,101,27,0,0,0,0
2024-03-28,SKU_005,store,76,25,0,0,0,0
2024-03-29,SKU_005,store,47,29,0,0,0,0
2024-03-30,SKU_005,store,17,30,0,0,0,0
2024-03-31,SKU_005,store,0,17,17,0,0,0
2024-04-01,SKU_005,store,142,0,29,142,0,0
2024-04-02,SKU_005,store,115,27,0,0,0,0
2024-04-03,SKU_005,store,84,31,0,0,0,0
2024-04-04,SKU_005,store,49,35,0,0,0,0
2024-04-05,SKU_005,store,33,16,0,0,0,0
2024-04-06,SKU_005,store,0,33,5,0,0,0
2024-04-07,SKU_005,store,0,0,18,0,0,0
2024-04-08,SKU_005,store,0,0,17,0,0,0
2024-04-09,SKU_005,store,0,0,37,0,1,0
2024-04-10,SKU_005,store,0,0,30,0,0,0
2024-04-11,SKU_005,store,159,0,30,159,0,0
2024-04-12,SKU_005,store,151,8,0,0,0,0
2024-04-13,SKU_005,store,130,21,0,0,0,0
2024-04-14,SKU_005,store,105,25,0,0,0,0
2024-04-15,SKU_005,store,66,39,0,0,0,0
2024-04-16,SKU_005,store,41,25,0,0,0,0
2024-04-17,SKU_005,store,106,41,1,106,0,0
2024-04-18,SKU_005,store,87,19,0,0,0,0
2024-04-19,SKU_005,store,278,14,0,205,0,0
2024-04-20,SKU_005,store,262,16,0,0,0,0
2024-04-21,SKU_005,store,228,34,0,0,0,0
2024-04-22,SKU_005,store,203,25,0,0,0,0
2024-04-23,SKU_005,store,184,19,0,0,1,0
2024-04-24,SKU_005,store,148,36,0,0,0,0
2024-04-25,SKU_005,store,131,17,0,0,0,0
2024-04-26,SKU_005,store,117,14,0,0,0,0
2024-04-27,SKU_005,store,87,30,0,0,0,0
2024-04-28,SKU_005,store,65,22,0,0,0,0
2024-04-29,SKU_005,store,35,30,0,0,0,0
2024-04-30,SKU_005,store,203,21,0,189,0,0
2024-05-01,SKU_005,store,172,31,0,0,0,0
2024-05-02,SKU_005,store,163,9,0,0,0,0
2024-05-03,SKU_005,store,145,18,0,0,0,0
2024-05-04,SKU_005,store,123,22,0,0,0,0
2024-05-05,SKU_005,store,110,13,0,0,0,0
2024-05-06,SKU_005,store,76,34,0,0,0,0
2024-05-07,SKU_005,store,56,20,0,0,0,0
2024-05-08,SKU_005,store,28,28,0,0,1,0
2024-05-09,SKU_005,store,1,27,0,0,0,0
2024-05-10,SKU_005,store,0,1,25,0,0,0
2024-05-11,SKU_005,store,0,0,13,0,0,0
2024-05-12,SKU_005,store,0,0,18,0,0,0
2024-05-13,SKU_005,store,0,0,25,0,0,0
2024-05-14,SKU_005,store,0,0,17,0,0,0
2024-05-15,SKU_005,store,0,0,24,0,0,0
2024-05-16,SKU_005,store,0,0,34,0,0,0
2024-05-17,SKU_005,store,0,0,32,0,0,0
2024-05-18,SKU_005,store,0,0,29,0,0,0
2024-05-19,SKU_005,store,0,0,37,0,0,0
2024-05-20,SKU_005,store,0,0,32,0,0,0
2024-05-21,SKU_005,store,0,0,35,0,1,0
2024-05-22,SKU_005,store,0,0,30,0,1,0
2024-05-23,SKU_005,store,0,0,18,0,0,0
2024-05-24,SKU_005,store,0,0,31,0,0,0
2024-05-25,SKU_005,store,0,0,38,0,0,0
2024-05-26,SKU_005,store,0,0,33,0,1,0
2024-05-27,SKU_005,store,0,0,32,0,0,0
2024-05-28,SKU_005,store,0,0,10,0,0,0
2024-05-29,SKU_005,store,0,0,31,0,0,0
2024-05-30,SKU_005,store,0,0,21,0,0,0
2024-05-31,SKU_005,store,0,0,33,0,0,0
2024-06-01,SKU_005,store,0,0,27,0,0,0
2024-06-02,SKU_005,store,0,0,46,0,0,0
2024-06-03,SKU_005,store,0,0,16,0,0,0
2024-06-04,SKU_005,store,0,0,36,0,0,0
2024-06-05,SKU_005,store,0,0,25,0,0,0
2024-06-06,SKU_005,store,0,0,11,0,0,0
2024-06-07,SKU_005,store,0,0,12,0,0,0
2024-06-08,SKU_005,store,0,0,32,0,0,0
2024-06-09,SKU_005,store,0,0,35,0,0,0
2024-06-10,SKU_005,store,0,0,21,0,0,0
2024-06-11,SKU_005,store,0,0,26,0,1,0
2024-06-12,SKU_005,store,0,0,43,0,0,0
2024-06-13,SKU_005,store,0,0,27,0,0,0
2024-06-14,SKU_005,store,0,0,21,0,0,0
2024-06-15,SKU_005,store,0,0,32,0,0,0
2024-06-16,SKU_005,store,227,0,37,227,0,0
2024-06-17,SKU_005,store,201,26,0,0,0,0
2024-06-18,SKU_005,store,179,22,0,0,0,0
2024-06-19,SKU_005,store,155,24,0,0,0,0
2024-06-20,SKU_005,store,129,26,0,0,0,0
2024-06-21,SKU_005,store,100,29,0,0,0,0
2024-06-22,SKU_005,store,66,34,0,0,0,0
2024-06-23,SKU_005,store,46,20,0,0,0,0
2024-06-24,SKU_005,store,30,16,0,0,0,0
2024-06-25,SKU_005,store,3,27,0,0,0,0
2024-06-26,SKU_005,store,0,3,48,0,0,0
2024-06-27,SKU_005,store,0,0,27,0,1,0
2024-06-28,SKU_005,store,0,0,48,0,0,0
2024-06-29,SKU_005,store,0,0,30,0,0,0
2024-06-30,SKU_005,store,0,0,16,0,0,0
2024-07-01,SKU_005,store,0,0,29,0,0,0
2024-07-02,SKU_005,store,0,0,16,0,0,0
2024-07-03,SKU_005,store,0,0,41,0,0,0
2024-07-04,SKU_005,store,0,0,18,0,0,1
2024-07-05,SKU_005,store,0,0,22,0,0,0
2024-07-06,SKU_005,store,0,0,37,0,0,0
2024-07-07,SKU_005,store,0,0,38,0,0,0
2024-07-08,SKU_005,store,0,0,48,0,0,0
2024-07-09,SKU_005,store,0,0,23,0,0,0
2024-07-10,SKU_005,store,0,0,24,0,0,0
2024-07-11,SKU_005,store,0,0,11,0,0,0
2024-07-12,SKU_005,store,0,0,31,0,0,0
2024-07-13,SKU_005,store,0,0,15,0,0,0
2024-07-14,SKU_005,store,0,0,12,0,0,0
2024-07-15,SKU_005,store,0,0,24,0,0,0
2024-07-16,SKU_005,store,0,0,30,0,0,0
2024-07-17,SKU_005,store,0,0,28,0,0,0
2024-07-18,SKU_005,store,0,0,18,0,0,0
2024-07-19,SKU_005,store,0,0,41,0,0,0
2024-07-20,SKU_005,store,0,0,31,0,0,0
2024-07-21,SKU_005,store,0,0,35,0,0,0
2024-07-22,SKU_005,store,0,0,33,0,0,0
2024-07-23,SKU_005,store,0,0,19,0,0,0
2024-07-24,SKU_005,store,0,0,24,0,0,0
2024-07-25,SKU_005,store,0,0,17,0,0,0
2024-07-26,SKU_005,store,0,0,37,0,1,0
2024-07-27,SKU_005,store,0,0,26,0,0,0
2024-07-28,SKU_005,store,0,0,39,0,0,0
2024-07-29,SKU_005,store,0,0,14,0,0,0
2024-07-30,SKU_005,store,0,0,38,0,0,0
2024-07-31,SKU_005,store,0,0,17,0,0,0
2024-08-01,SKU_005,store,0,0,28,0,0,0
2024-08-02,SKU_005,store,0,0,31,0,0,0
2024-08-03,SKU_005,store,0,0,24,0,0,0
2024-08-04,SKU_005,store,0,0,13,0,0,0
2024-08-05,SKU_005,store,170,0,41,170,1,0
2024-08-06,SKU_005,store,156,14,0,0,0,0
2024-08-07,SKU_005,store,139,17,0,0,0,0
2024-08-08,SKU_005,store,108,31,0,0,0,0
2024-08-09,SKU_005,store,70,38,0,0,0,0
2024-08-10,SKU_005,store,33,37,0,0,0,0
2024-08-11,SKU_005,store,8,25,0,0,0,0
2024-08-12,SKU_005,store,0,8,10,0,0,0
2024-08-13,SKU_005,store,0,0,38,0,0,0
2024-08-14,SKU_005,store,0,0,30,0,0,0
2024-08-15,SKU_005,store,0,0,37,0,0,0
2024-08-16,SKU_005,store,0,0,26,0,0,0
2024-08-17,SKU_005,store,0,0,27,0,0,0
2024-08-18,SKU_005,store,0,0,27,0,0,0
2024-08-19,SKU_005,store,0,0,33,0,0,0
2024-08-20,SKU_005,store,104,0,26,104,0,0
2024-08-21,SKU_005,store,85,19,0,0,0,0
2024-08-22,SKU_005,store,46,39,0,0,0,0
2024-08-23,SKU_005,store,25,21,0,0,1,0
2024-08-24,SKU_005,store,13,12,0,0,0,0
2024-08-25,SKU_005,store,0,13,22,0,1,0
2024-08-26,SKU_005,store,0,0,20,0,0,0
2024-08-27,SKU_005,store,0,0,23,0,0,0
2024-08-28,SKU_005,store,0,0,37,0,0,0
2024-08-29,SKU_005,store,0,0,16,0,0,0
2024-08-30,SKU_005,store,0,0,25,0,0,0
2024-08-31,SKU_005,store,0,0,25,0,1,0
2024-09-01,SKU_005,store,0,0,42,0,0,0
2024-09-02,SKU_005,store,0,0,43,0,0,0
2024-09-03,SKU_005,store,187,0,18,187,0,0
2024-09-04,SKU_005,store,155,32,0,0,0,0
2024-09-05,SKU_005,store,143,12,0,0,0,0
2024-09-06,SKU_005,store,118,25,0,0,0,0
2024-09-07,SKU_005,store,100,18,0,0,0,0
2024-09-08,SKU_005,store,61,39,0,0,0,0
2024-09-09,SKU_005,store,43,18,0,0,0,0
2024-09-10,SKU_005,store,25,18,0,0,0,0
2024-09-11,SKU_005,store,8,17,0,0,0,0
2024-09-12,SKU_005,store,0,8,12,0,0,0
2024-09-13,SKU_005,store,0,0,12,0,0,0
2024-09-14,SKU_005,store,0,0,29,0,0,0
2024-09-15,SKU_005,store,0,0,25,0,1,0
2024-09-16,SKU_005,store,0,0,31,0,1,0
2024-09-17,SKU_005,store,0,0,28,0,0,0
2024-09-18,SKU_005,store,0,0,25,0,0,0
2024-09-19,SKU_005,store,0,0,36,0,1,0
2024-09-20,SKU_005,store,0,0,28,0,0,0
2024-09-21,SKU_005,store,0,0,34,0,0,0
2024-09-22,SKU_005,store,0,0,37,0,0,0
2024-09-23,SKU_005,store,0,0,29,0,0,0
2024-09-24,SKU_005,store,0,0,29,0,0,0
2024-09-25,SKU_005,store,0,0,38,0,0,0
2024-09-26,SKU_005,store,0,0,40,0,0,0
2024-09-27,SKU_005,store,0,0,20,0,0,0
2024-09-28,SKU_005,store,0,0,20,0,0,0
2024-09-29,SKU_005,store,0,0,34,0,0,0
2024-09-30,SKU_005,store,0,0,25,0,0,0
2024-10-01,SKU_005,store,0,0,22,0,0,0
2024-10-02,SKU_005,store,0,0,22,0,0,0
2024-10-03,SKU_005,store,0,0,19,0,0,0
2024-10-04,SKU_005,store,0,0,28,0,0,0
2024-10-05,SKU_005,store,0,0,27,0,1,0
2024-10-06,SKU_005,store,0,0,22,0,0,0
2024-10-07,SKU_005,store,0,0,14,0,0,0
2024-10-08,SKU_005,store,0,0,30,0,0,0
2024-10-09,SKU_005,store,0,0,37,0,0,0
2024-10-10,SKU_005,store,0,0,19,0,0,0
2024-10-11,SKU_005,store,0,0,34,0,0,0
2024-10-12,SKU_005,store,0,0,46,0,0,0
2024-10-13,SKU_005,store,0,0,32,0,0,0
2024-10-14,SKU_005,store,0,0,25,0,0,0
2024-10-15,SKU_005,store,0,0,18,0,0,0
2024-10-16,SKU_005,store,185,0,37,185,0,0
2024-10-17,SKU_005,store,154,31,0,0,0,0
2024-10-18,SKU_005,store,123,31,0,0,0,0
2024-10-19,SKU_005,store,111,12,0,0,0,0
2024-10-20,SKU_005,store,80,31,0,0,0,0
2024-10-21,SKU_005,store,52,28,0,0,0,0
2024-10-22,SKU_005,store,29,23,0,0,0,0
2024-10-23,SKU_005,store,0,29,5,0,0,0
2024-10-24,SKU_005,store,0,0,39,0,0,0
2024-10-25,SKU_005,store,0,0,28,0,0,0
2024-10-26,SKU_005,store,0,0,19,0,0,0
2024-10-27,SKU_005,store,0,0,33,0,0,0
2024-10-28,SKU_005,store,0,0,23,0,1,0
2024-10-29,SKU_005,store,0,0,20,0,0,0
2024-10-30,SKU_005,store,0,0,31,0,0,0
2024-10-31,SKU_005,store,0,0,21,0,0,0
2024-11-01,SKU_005,store,0,0,19,0,0,0
2024-11-02,SKU_005,store,0,0,22,0,0,0
2024-11-03,SKU_005,store,277,0,13,277,0,0
2024-11-04,SKU_005,store,250,27,0,0,1,0
2024-11-05,SKU_005,store,220,30,0,0,0,0
2024-11-06,SKU_005,store,194,26,0,0,0,0
2024-11-07,SKU_005,store,166,28,0,0,0,0
2024-11-08,SKU_005,store,148,18,0,0,0,0
2024-11-09,SKU_005,store,345,23,0,220,0,0
2024-11-10,SKU_005,store,331,14,0,0,0,0
2024-11-11,SKU_005,store,315,16,0,0,0,0
2024-11-12,SKU_005,store,296,19,0,0,0,0
2024-11-13,SKU_005,store,255,41,0,0,0,0
2024-11-14,SKU_005,store,212,43,0,0,0,0
2024-11-15,SKU_005,store,203,9,0,0,0,0
2024-11-16,SKU_005,store,166,37,0,0,0,0
2024-11-17,SKU_005,store,145,21,0,0,0,0
2024-11-18,SKU_005,store,112,33,0,0,0,0
2024-11-19,SKU_005,store,65,47,0,0,0,0
2024-11-20,SKU_005,store,51,14,0,0,1,0
2024-11-21,SKU_005,store,20,31,0,0,0,0
2024-11-22,SKU_005,store,11,9,0,0,0,0
2024-11-23,SKU_005,store,0,11,19,0,0,0
2024-11-24,SKU_005,store,0,0,14,0,0,0
2024-11-25,SKU_005,store,0,0,38,0,0,0
2024-11-26,SKU_005,store,0,0,30,0,0,0
2024-11-27,SKU_005,store,0,0,36,0,0,0
2024-11-28,SKU_005,store,0,0,36,0,0,1
2024-11-29,SKU_005,store,0,0,19,0,0,0
2024-11-30,SKU_005,store,0,0,15,0,0,0
2024-12-01,SKU_005,store,0,0,28,0,0,0
2024-12-02,SKU_005,store,0,0,18,0,0,0
2024-12-03,SKU_005,store,0,0,30,0,0,0
2024-12-04,SKU_005,store,0,0,33,0,0,0
2024-12-05,SKU_005,store,0,0,22,0,0,0
2024-12-06,SKU_005,store,0,0,21,0,0,0
2024-12-07,SKU_005,store,0,0,41,0,0,0
2024-12-08,SKU_005,store,0,0,18,0,0,0
2024-12-09,SKU_005,store,0,0,26,0,0,0
2024-12-10,SKU_005,store,0,0,41,0,0,0
2024-12-11,SKU_005,store,0,0,22,0,0,0
2024-12-12,SKU_005,store,0,0,23,0,0,0
2024-12-13,SKU_005,store,0,0,18,0,0,0
2024-12-14,SKU_005,store,0,0,31,0,0,0
2024-12-15,SKU_005,store,0,0,22,0,1,0
2024-12-16,SKU_005,store,0,0,23,0,0,0
2024-12-17,SKU_005,store,0,0,20,0,1,0
2024-12-18,SKU_005,store,0,0,39,0,0,0
2024-12-19,SKU_005,store,0,0,15,0,0,0
2024-12-20,SKU_005,store,298,0,39,298,1,0
2024-12-21,SKU_005,store,252,46,0,0,0,0
2024-12-22,SKU_005,store,212,40,0,0,0,0
2024-12-23,SKU_005,store,182,30,0,0,0,0
2024-12-24,SKU_005,store,149,33,0,0,0,0
2024-12-25,SKU_005,store,123,26,0,0,0,1
2024-12-26,SKU_005,store,113,10,0,0,0,0
2024-12-27,SKU_005,store,93,20,0,0,0,0
2024-12-28,SKU_005,store,61,32,0,0,0,0
2024-12-29,SKU_005,store,36,25,0,0,0,0
2024-12-30,SKU_005,store,273,36,8,273,0,0
2024-12-31,SKU_005,store,255,18,0,0,0,0
2023-01-01,SKU_005,ecomm,467,33,0,0,0,1
2023-01-02,SKU_005,ecomm,439,28,0,0,0,0
2023-01-03,SKU_005,ecomm,410,29,0,0,0,0
2023-01-04,SKU_005,ecomm,384,26,0,0,1,0
2023-01-05,SKU_005,ecomm,346,38,0,0,0,0
2023-01-06,SKU_005,ecomm,312,34,0,0,0,0
2023-01-07,SKU_005,ecomm,279,33,0,0,0,0
2023-01-08,SKU_005,ecomm,247,32,0,0,0,0
2023-01-09,SKU_005,ecomm,224,23,0,0,0,0
2023-01-10,SKU_005,ecomm,213,11,0,0,1,0
2023-01-11,SKU_005,ecomm,191,22,0,0,0,0
2023-01-12,SKU_005,ecomm,155,36,0,0,0,0
2023-01-13,SKU_005,ecomm,116,39,0,0,0,0
2023-01-14,SKU_005,ecomm,101,15,0,0,0,0
2023-01-15,SKU_005,ecomm,77,24,0,0,0,0
2023-01-16,SKU_005,ecomm,57,20,0,0,0,0
2023-01-17,SKU_005,ecomm,15,42,0,0,0,0
2023-01-18,SKU_005,ecomm,0,15,25,0,0,0
2023-01-19,SKU_005,ecomm,0,0,17,0,0,0
2023-01-20,SKU_005,ecomm,0,0,25,0,0,0
2023-01-21,SKU_005,ecomm,0,0,17,0,0,0
2023-01-22,SKU_005,ecomm,0,0,30,0,1,0
2023-01-23,SKU_005,ecomm,0,0,23,0,0,0
2023-01-24,SKU_005,ecomm,0,0,16,0,0,0
2023-01-25,SKU_005,ecomm,109,0,24,109,1,0
2023-01-26,SKU_005,ecomm,68,41,0,0,0,0
2023-01-27,SKU_005,ecomm,26,42,0,0,0,0
2023-01-28,SKU_005,ecomm,11,15,0,0,1,0
2023-01-29,SKU_005,ecomm,0,11,5,0,0,0
2023-01-30,SKU_005,ecomm,0,0,17,0,0,0
2023-01-31,SKU_005,ecomm,0,0,27,0,0,0
2023-02-01,SKU_005,ecomm,220,0,20,220,0,0
2023-02-02,SKU_005,ecomm,202,18,0,0,0,0
2023-02-03,SKU_005,ecomm,319,15,0,132,0,0
2023-02-04,SKU_005,ecomm,279,40,0,0,0,0
2023-02-05,SKU_005,ecomm,258,21,0,0,1,0
2023-02-06,SKU_005,ecomm,240,18,0,0,0,0
2023-02-07,SKU_005,ecomm,215,25,0,0,0,0
2023-02-08,SKU_005,ecomm,183,32,0,0,0,0
2023-02-09,SKU_005,ecomm,160,23,0,0,0,0
2023-02-10,SKU_005,ecomm,125,35,0,0,0,0
2023-02-11,SKU_005,ecomm,98,27,0,0,0,0
2023-02-12,SKU_005,ecomm,65,33,0,0,0,0
2023-02-13,SKU_005,ecomm,31,34,0,0,0,0
2023-02-14,SKU_005,ecomm,219,31,3,219,1,0
2023-02-15,SKU_005,ecomm,175,44,0,0,0,0
2023-02-16,SKU_005,ecomm,143,32,0,0,0,0
2023-02-17,SKU_005,ecomm,106,37,0,0,0,0
2023-02-18,SKU_005,ecomm,88,18,0,0,0,0
2023-02-19,SKU_005,ecomm,70,18,0,0,0,0
2023-02-20,SKU_005,ecomm,45,25,0,0,0,0
2023-02-21,SKU_005,ecomm,29,16,0,0,0,0
2023-02-22,SKU_005,ecomm,0,29,2,0,0,0
2023-02-23,SKU_005,ecomm,0,0,25,0,0,0
2023-02-24,SKU_005,ecomm,0,0,22,0,0,0
2023-02-25,SKU_005,ecomm,0,0,23,0,0,0
2023-02-26,SKU_005,ecomm,0,0,26,0,0,0
2023-02-27,SKU_005,ecomm,0,0,28,0,0,0
2023-02-28,SKU_005,ecomm,0,0,30,0,1,0
2023-03-01,SKU_005,ecomm,0,0,23,0,0,0
2023-03-02,SKU_005,ecomm,0,0,11,0,0,0
2023-03-03,SKU_005,ecomm,0,0,28,0,0,0
2023-03-04,SKU_005,ecomm,0,0,18,0,0,0
2023-03-05,SKU_005,ecomm,0,0,26,0,0,0
2023-03-06,SKU_005,ecomm,0,0,45,0,0,0
2023-03-07,SKU_005,ecomm,0,0,22,0,0,0
2023-03-08,SKU_005,ecomm,0,0,17,0,0,0
2023-03-09,SKU_005,ecomm,0,0,23,0,0,0
2023-03-10,SKU_005,ecomm,0,0,23,0,0,0
2023-03-11,SKU_005,ecomm,0,0,22,0,1,0
2023-03-12,SKU_005,ecomm,0,0,24,0,1,0
2023-03-13,SKU_005,ecomm,0,0,29,0,0,0
2023-03-14,SKU_005,ecomm,0,0,9,0,0,0
2023-03-15,SKU_005,ecomm,0,0,31,0,0,0
2023-03-16,SKU_005,ecomm,0,0,19,0,0,0
2023-03-17,SKU_005,ecomm,0,0,18,0,1,0
2023-03-18,SKU_005,ecomm,0,0,24,0,0,0
2023-03-19,SKU_005,ecomm,0,0,18,0,0,0
2023-03-20,SKU_005,ecomm,0,0,19,0,0,0
2023-03-21,SKU_005,ecomm,0,0,21,0,0,0
2023-03-22,SKU_005,ecomm,0,0,27,0,0,0
2023-03-23,SKU_005,ecomm,0,0,23,0,0,0
2023-03-24,SKU_005,ecomm,0,0,13,0,0,0
2023-03-25,SKU_005,ecomm,0,0,28,0,0,0
2023-03-26,SKU_005,ecomm,0,0,26,0,0,0
2023-03-27,SKU_005,ecomm,0,0,25,0,0,0
2023-03-28,SKU_005,ecomm,0,0,48,0,0,0
2023-03-29,SKU_005,ecomm,0,0,35,0,0,0
2023-03-30,SKU_005,ecomm,0,0,28,0,0,0
2023-03-31,SKU_005,ecomm,0,0,13,0,0,0
2023-04-01,SKU_005,ecomm,0,0,24,0,0,0
2023-04-02,SKU_005,ecomm,0,0,36,0,0,0
2023-04-03,SKU_005,ecomm,0,0,28,0,0,0
2023-04-04,SKU_005,ecomm,0,0,25,0,0,0
2023-04-05,SKU_005,ecomm,0,0,32,0,0,0
2023-04-06,SKU_005,ecomm,0,0,14,0,0,0
2023-04-07,SKU_005,ecomm,0,0,22,0,0,0
2023-04-08,SKU_005,ecomm,0,0,27,0,1,0
2023-04-09,SKU_005,ecomm,0,0,25,0,0,0
2023-04-10,SKU_005,ecomm,0,0,23,0,0,0
2023-04-11,SKU_005,ecomm,0,0,10,0,1,0
2023-04-12,SKU_005,ecomm,0,0,27,0,0,0
2023-04-13,SKU_005,ecomm,0,0,30,0,0,0
2023-04-14,SKU_005,ecomm,0,0,30,0,0,0
2023-04-15,SKU_005,ecomm,0,0,22,0,0,0
2023-04-16,SKU_005,ecomm,0,0,35,0,0,0
2023-04-17,SKU_005,ecomm,0,0,12,0,0,0
2023-04-18,SKU_005,ecomm,0,0,31,0,0,0
2023-04-19,SKU_005,ecomm,0,0,39,0,0,0
2023-04-20,SKU_005,ecomm,0,0,45,0,0,0
2023-04-21,SKU_005,ecomm,0,0,36,0,0,0
2023-04-22,SKU_005,ecomm,0,0,45,0,0,0
2023-04-23,SKU_005,ecomm,0,0,37,0,0,0
2023-04-24,SKU_005,ecomm,0,0,37,0,0,0
2023-04-25,SKU_005,ecomm,0,0,20,0,0,0
2023-04-26,SKU_005,ecomm,0,0,28,0,0,0
2023-04-27,SKU_005,ecomm,0,0,29,0,0,0
2023-04-28,SKU_005,ecomm,0,0,19,0,0,0
2023-04-29,SKU_005,ecomm,0,0,15,0,1,0
2023-04-30,SKU_005,ecomm,0,0,19,0,0,0
2023-05-01,SKU_005,ecomm,0,0,36,0,0,0
2023-05-02,SKU_005,ecomm,0,0,40,0,0,0
2023-05-03,SKU_005,ecomm,0,0,18,0,0,0
2023-05-04,SKU_005,ecomm,0,0,35,0,0,0
2023-05-05,SKU_005,ecomm,0,0,28,0,0,0
2023-05-06,SKU_005,ecomm,0,0,20,0,1,0
2023-05-07,SKU_005,ecomm,0,0,36,0,0,0
2023-05-08,SKU_005,ecomm,0,0,40,0,0,0
2023-05-09,SKU_005,ecomm,0,0,21,0,0,0
2023-05-10,SKU_005,ecomm,0,0,38,0,0,0
2023-05-11,SKU_005,ecomm,0,0,20,0,0,0
2023-05-12,SKU_005,ecomm,0,0,24,0,0,0
2023-05-13,SKU_005,ecomm,0,0,17,0,0,0
2023-05-14,SKU_005,ecomm,0,0,32,0,0,0
2023-05-15,SKU_005,ecomm,0,0,26,0,1,0
2023-05-16,SKU_005,ecomm,0,0,26,0,0,0
2023-05-17,SKU_005,ecomm,0,0,28,0,1,0
2023-05-18,SKU_005,ecomm,0,0,36,0,0,0
2023-05-19,SKU_005,ecomm,0,0,32,0,0,0
2023-05-20,SKU_005,ecomm,0,0,23,0,0,0
2023-05-21,SKU_005,ecomm,0,0,37,0,0,0
2023-05-22,SKU_005,ecomm,0,0,19,0,0,0
2023-05-23,SKU_005,ecomm,0,0,32,0,0,0
2023-05-24,SKU_005,ecomm,0,0,31,0,0,0
2023-05-25,SKU_005,ecomm,0,0,22,0,0,0
2023-05-26,SKU_005,ecomm,0,0,23,0,0,0
2023-05-27,SKU_005,ecomm,0,0,23,0,0,0
2023-05-28,SKU_005,ecomm,0,0,27,0,0,0
2023-05-29,SKU_005,ecomm,0,0,31,0,0,0
2023-05-30,SKU_005,ecomm,0,0,29,0,0,0
2023-05-31,SKU_005,ecomm,0,0,21,0,0,0
2023-06-01,SKU_005,ecomm,0,0,19,0,0,0
2023-06-02,SKU_005,ecomm,0,0,24,0,0,0
2023-06-03,SKU_005,ecomm,0,0,41,0,0,0
2023-06-04,SKU_005,ecomm,0,0,19,0,0,0
2023-06-05,SKU_005,ecomm,0,0,30,0,0,0
2023-06-06,SKU_005,ecomm,0,0,19,0,0,0
2023-06-07,SKU_005,ecomm,0,0,26,0,0,0
2023-06-08,SKU_005,ecomm,0,0,20,0,0,0
2023-06-09,SKU_005,ecomm,0,0,47,0,0,0
2023-06-10,SKU_005,ecomm,0,0,38,0,1,0
2023-06-11,SKU_005,ecomm,0,0,13,0,0,0
2023-06-12,SKU_005,ecomm,0,0,33,0,0,0
2023-06-13,SKU_005,ecomm,0,0,26,0,1,0
2023-06-14,SKU_005,ecomm,0,0,27,0,0,0
2023-06-15,SKU_005,ecomm,0,0,44,0,0,0
2023-06-16,SKU_005,ecomm,0,0,20,0,0,0
2023-06-17,SKU_005,ecomm,0,0,15,0,0,0
2023-06-18,SKU_005,ecomm,0,0,29,0,0,0
2023-06-19,SKU_005,ecomm,0,0,36,0,0,0
2023-06-20,SKU_005,ecomm,0,0,19,0,0,0
2023-06-21,SKU_005,ecomm,291,0,39,291,0,0
2023-06-22,SKU_005,ecomm,269,22,0,0,0,0
2023-06-23,SKU_005,ecomm,241,28,0,0,0,0
2023-06-24,SKU_005,ecomm,211,30,0,0,1,0
2023-06-25,SKU_005,ecomm,200,11,0,0,0,0
2023-06-26,SKU_005,ecomm,183,17,0,0,0,0
2023-06-27,SKU_005,ecomm,352,38,0,207,0,0
2023-06-28,SKU_005,ecomm,317,35,0,0,1,0
2023-06-29,SKU_005,ecomm,275,42,0,0,0,0
2023-06-30,SKU_005,ecomm,245,30,0,0,0,0
2023-07-01,SKU_005,ecomm,228,17,0,0,0,0
2023-07-02,SKU_005,ecomm,215,13,0,0,0,0
2023-07-03,SKU_005,ecomm,197,18,0,0,0,0
2023-07-04,SKU_005,ecomm,153,44,0,0,0,1
2023-07-05,SKU_005,ecomm,133,20,0,0,0,0
2023-07-06,SKU_005,ecomm,102,31,0,0,0,0
2023-07-07,SKU_005,ecomm,77,25,0,0,0,0
2023-07-08,SKU_005,ecomm,55,22,0,0,0,0
2023-07-09,SKU_005,ecomm,28,27,0,0,0,0
2023-07-10,SKU_005,ecomm,11,17,0,0,0,0
2023-07-11,SKU_005,ecomm,0,11,5,0,0,0
2023-07-12,SKU_005,ecomm,0,0,35,0,0,0
2023-07-13,SKU_005,ecomm,0,0,36,0,0,0
2023-07-14,SKU_005,ecomm,0,0,14,0,0,0
2023-07-15,SKU_005,ecomm,0,0,12,0,0,0
2023-07-16,SKU_005,ecomm,0,0,34,0,0,0
2023-07-17,SKU_005,ecomm,0,0,25,0,0,0
2023-07-18,SKU_005,ecomm,0,0,20,0,0,0
2023-07-19,SKU_005,ecomm,0,0,26,0,0,0
2023-07-20,SKU_005,ecomm,0,0,15,0,0,0
2023-07-21,SKU_005,ecomm,0,0,29,0,0,0
2023-07-22,SKU_005,ecomm,0,0,30,0,0,0
2023-07-23,SKU_005,ecomm,0,0,18,0,1,0
2023-07-24,SKU_005,ecomm,0,0,33,0,0,0
2023-07-25,SKU_005,ecomm,0,0,29,0,0,0
2023-07-26,SKU_005,ecomm,0,0,29,0,0,0
2023-07-27,SKU_005,ecomm,0,0,23,0,0,0
2023-07-28,SKU_005,ecomm,0,0,22,0,0,0
2023-07-29,SKU_005,ecomm,0,0,27,0,0,0
2023-07-30,SKU_005,ecomm,0,0,17,0,0,0
2023-07-31,SKU_005,ecomm,0,0,32,0,0,0
2023-08-01,SKU_005,ecomm,0,0,38,0,0,0
2023-08-02,SKU_005,ecomm,0,0,16,0,0,0
2023-08-03,SKU_005,ecomm,0,0,14,0,0,0
2023-08-04,SKU_005,ecomm,0,0,18,0,0,0
2023-08-05,SKU_005,ecomm,0,0,23,0,0,0
2023-08-06,SKU_005,ecomm,0,0,29,0,0,0
2023-08-07,SKU_005,ecomm,0,0,30,0,0,0
2023-08-08,SKU_005,ecomm,0,0,30,0,0,0
2023-08-09,SKU_005,ecomm,0,0,17,0,0,0
2023-08-10,SKU_005,ecomm,0,0,42,0,0,0
2023-08-11,SKU_005,ecomm,0,0,10,0,0,0
2023-08-12,SKU_005,ecomm,0,0,28,0,0,0
2023-08-13,SKU_005,ecomm,0,0,14,0,0,0
2023-08-14,SKU_005,ecomm,0,0,39,0,0,0
2023-08-15,SKU_005,ecomm,0,0,27,0,0,0
2023-08-16,SKU_005,ecomm,0,0,26,0,0,0
2023-08-17,SKU_005,ecomm,0,0,38,0,0,0
2023-08-18,SKU_005,ecomm,0,0,40,0,0,0
2023-08-19,SKU_005,ecomm,0,0,23,0,0,0
2023-08-20,SKU_005,ecomm,0,0,32,0,0,0
2023-08-21,SKU_005,ecomm,0,0,28,0,0,0
2023-08-22,SKU_005,ecomm,0,0,32,0,0,0
2023-08-23,SKU_005,ecomm,0,0,22,0,1,0
2023-08-24,SKU_005,ecomm,0,0,24,0,0,0
2023-08-25,SKU_005,ecomm,0,0,29,0,0,0
2023-08-26,SKU_005,ecomm,0,0,23,0,1,0
2023-08-27,SKU_005,ecomm,0,0,21,0,1,0
2023-08-28,SKU_005,ecomm,0,0,29,0,0,0
2023-08-29,SKU_005,ecomm,0,0,20,0,0,0
2023-08-30,SKU_005,ecomm,0,0,36,0,0,0
2023-08-31,SKU_005,ecomm,0,0,24,0,0,0
2023-09-01,SKU_005,ecomm,0,0,45,0,0,0
2023-09-02,SKU_005,ecomm,0,0,20,0,0,0
2023-09-03,SKU_005,ecomm,0,0,19,0,1,0
2023-09-04,SKU_005,ecomm,0,0,17,0,0,0
2023-09-05,SKU_005,ecomm,0,0,27,0,0,0
2023-09-06,SKU_005,ecomm,0,0,15,0,0,0
2023-09-07,SKU_005,ecomm,0,0,31,0,0,0
2023-09-08,SKU_005,ecomm,0,0,26,0,0,0
2023-09-09,SKU_005,ecomm,0,0,25,0,0,0
2023-09-10,SKU_005,ecomm,0,0,17,0,0,0
2023-09-11,SKU_005,ecomm,0,0,13,0,0,0
2023-09-12,SKU_005,ecomm,0,0,19,0,0,0
2023-09-13,SKU_005,ecomm,0,0,35,0,0,0
2023-09-14,SKU_005,ecomm,0,0,45,0,0,0
2023-09-15,SKU_005,ecomm,0,0,37,0,0,0
2023-09-16,SKU_005,ecomm,0,0,29,0,0,0
2023-09-17,SKU_005,ecomm,0,0,25,0,0,0
2023-09-18,SKU_005,ecomm,0,0,40,0,0,0
2023-09-19,SKU_005,ecomm,0,0,33,0,0,0
2023-09-20,SKU_005,ecomm,0,0,24,0,0,0
2023-09-21,SKU_005,ecomm,0,0,27,0,0,0
2023-09-22,SKU_005,ecomm,0,0,13,0,0,0
2023-09-23,SKU_005,ecomm,0,0,18,0,0,0
2023-09-24,SKU_005,ecomm,0,0,13,0,0,0
2023-09-25,SKU_005,ecomm,0,0,28,0,0,0
2023-09-26,SKU_005,ecomm,0,0,19,0,0,0
2023-09-27,SKU_005,ecomm,0,0,24,0,0,0
2023-09-28,SKU_005,ecomm,0,0,26,0,0,0
2023-09-29,SKU_005,ecomm,0,0,27,0,0,0
2023-09-30,SKU_005,ecomm,0,0,30,0,0,0
2023-10-01,SKU_005,ecomm,0,0,37,0,0,0
2023-10-02,SKU_005,ecomm,0,0,15,0,0,0
2023-10-03,SKU_005,ecomm,0,0,23,0,0,0
2023-10-04,SKU_005,ecomm,0,0,26,0,0,0
2023-10-05,SKU_005,ecomm,0,0,29,0,0,0
2023-10-06,SKU_005,ecomm,0,0,29,0,0,0
2023-10-07,SKU_005,ecomm,136,0,15,136,0,0
2023-10-08,SKU_005,ecomm,112,24,0,0,0,0
2023-10-09,SKU_005,ecomm,90,22,0,0,0,0
2023-10-10,SKU_005,ecomm,65,25,0,0,0,0
2023-10-11,SKU_005,ecomm,21,44,0,0,1,0
2023-10-12,SKU_005,ecomm,9,12,0,0,0,0
2023-10-13,SKU_005,ecomm,0,9,23,0,0,0
2023-10-14,SKU_005,ecomm,0,0,29,0,1,0
2023-10-15,SKU_005,ecomm,0,0,23,0,0,0
2023-10-16,SKU_005,ecomm,0,0,36,0,0,0
2023-10-17,SKU_005,ecomm,0,0,37,0,1,0
2023-10-18,SKU_005,ecomm,0,0,29,0,0,0
2023-10-19,SKU_005,ecomm,0,0,32,0,0,0
2023-10-20,SKU_005,ecomm,0,0,29,0,0,0
2023-10-21,SKU_005,ecomm,0,0,11,0,0,0
2023-10-22,SKU_005,ecomm,0,0,30,0,0,0
2023-10-23,SKU_005,ecomm,0,0,23,0,0,0
2023-10-24,SKU_005,ecomm,0,0,27,0,0,0
2023-10-25,SKU_005,ecomm,0,0,11,0,0,0
2023-10-26,SKU_005,ecomm,0,0,23,0,0,0
2023-10-27,SKU_005,ecomm,0,0,12,0,0,0
2023-10-28,SKU_005,ecomm,0,0,29,0,0,0
2023-10-29,SKU_005,ecomm,0,0,31,0,0,0
2023-10-30,SKU_005,ecomm,179,0,32,179,0,0
2023-10-31,SKU_005,ecomm,168,11,0,0,0,0
2023-11-01,SKU_005,ecomm,139,29,0,0,0,0
2023-11-02,SKU_005,ecomm,106,33,0,0,0,0
2023-11-03,SKU_005,ecomm,76,30,0,0,0,0
2023-11-04,SKU_005,ecomm,192,15,0,131,0,0
2023-11-05,SKU_005,ecomm,164,28,0,0,0,0
2023-11-06,SKU_005,ecomm,147,17,0,0,0,0
2023-11-07,SKU_005,ecomm,111,36,0,0,0,0
2023-11-08,SKU_005,ecomm,80,31,0,0,0,0
2023-11-09,SKU_005,ecomm,61,19,0,0,0,0
2023-11-10,SKU_005,ecomm,29,32,0,0,0,0
2023-11-11,SKU_005,ecomm,6,23,0,0,0,0
2023-11-12,SKU_005,ecomm,0,6,20,0,0,0
2023-11-13,SKU_005,ecomm,0,0,29,0,0,0
2023-11-14,SKU_005,ecomm,0,0,34,0,0,0
2023-11-15,SKU_005,ecomm,0,0,12,0,0,0
2023-11-16,SKU_005,ecomm,0,0,27,0,0,0
2023-11-17,SKU_005,ecomm,0,0,41,0,0,0
2023-11-18,SKU_005,ecomm,0,0,35,0,0,0
2023-11-19,SKU_005,ecomm,0,0,14,0,0,0
2023-11-20,SKU_005,ecomm,0,0,30,0,0,0
2023-11-21,SKU_005,ecomm,0,0,23,0,0,0
2023-11-22,SKU_005,ecomm,0,0,29,0,0,0
2023-11-23,SKU_005,ecomm,0,0,26,0,0,1
2023-11-24,SKU_005,ecomm,0,0,42,0,0,0
2023-11-25,SKU_005,ecomm,0,0,12,0,0,0
2023-11-26,SKU_005,ecomm,0,0,34,0,0,0
2023-11-27,SKU_005,ecomm,0,0,37,0,0,0
2023-11-28,SKU_005,ecomm,0,0,39,0,0,0
2023-11-29,SKU_005,ecomm,0,0,14,0,1,0
2023-11-30,SKU_005,ecomm,0,0,39,0,0,0
2023-12-01,SKU_005,ecomm,0,0,31,0,0,0
2023-12-02,SKU_005,ecomm,0,0,19,0,0,0
2023-12-03,SKU_005,ecomm,0,0,28,0,0,0
2023-12-04,SKU_005,ecomm,0,0,24,0,0,0
2023-12-05,SKU_005,ecomm,0,0,20,0,0,0
2023-12-06,SKU_005,ecomm,0,0,28,0,0,0
2023-12-07,SKU_005,ecomm,0,0,13,0,0,0
2023-12-08,SKU_005,ecomm,0,0,35,0,0,0
2023-12-09,SKU_005,ecomm,0,0,25,0,0,0
2023-12-10,SKU_005,ecomm,0,0,38,0,0,0
2023-12-11,SKU_005,ecomm,0,0,21,0,0,0
2023-12-12,SKU_005,ecomm,0,0,31,0,0,0
2023-12-13,SKU_005,ecomm,183,0,13,183,0,0
2023-12-14,SKU_005,ecomm,148,35,0,0,0,0
2023-12-15,SKU_005,ecomm,131,17,0,0,0,0
2023-12-16,SKU_005,ecomm,108,23,0,0,1,0
2023-12-17,SKU_005,ecomm,69,39,0,0,0,0
2023-12-18,SKU_005,ecomm,48,21,0,0,0,0
2023-12-19,SKU_005,ecomm,20,28,0,0,0,0
2023-12-20,SKU_005,ecomm,0,20,3,0,1,0
2023-12-21,SKU_005,ecomm,0,0,27,0,0,0
2023-12-22,SKU_005,ecomm,0,0,37,0,0,0
2023-12-23,SKU_005,ecomm,0,0,38,0,0,0
2023-12-24,SKU_005,ecomm,0,0,22,0,0,0
2023-12-25,SKU_005,ecomm,0,0,17,0,0,1
2023-12-26,SKU_005,ecomm,0,0,34,0,0,0
2023-12-27,SKU_005,ecomm,0,0,19,0,0,0
2023-12-28,SKU_005,ecomm,0,0,19,0,0,0
2023-12-29,SKU_005,ecomm,0,0,35,0,1,0
2023-12-30,SKU_005,ecomm,0,0,37,0,0,0
2023-12-31,SKU_005,ecomm,0,0,19,0,0,0
2024-01-01,SKU_005,ecomm,0,0,11,0,0,1
2024-01-02,SKU_005,ecomm,0,0,40,0,0,0
2024-01-03,SKU_005,ecomm,0,0,12,0,0,0
2024-01-04,SKU_005,ecomm,0,0,30,0,0,0
2024-01-05,SKU_005,ecomm,0,0,38,0,0,0
2024-01-06,SKU_005,ecomm,0,0,27,0,0,0
2024-01-07,SKU_005,ecomm,0,0,24,0,0,0
2024-01-08,SKU_005,ecomm,0,0,32,0,1,0
2024-01-09,SKU_005,ecomm,0,0,37,0,1,0
2024-01-10,SKU_005,ecomm,0,0,22,0,0,0
2024-01-11,SKU_005,ecomm,0,0,21,0,0,0
2024-01-12,SKU_005,ecomm,0,0,29,0,0,0
2024-01-13,SKU_005,ecomm,0,0,15,0,0,0
2024-01-14,SKU_005,ecomm,111,0,27,111,0,0
2024-01-15,SKU_005,ecomm,83,28,0,0,0,0
2024-01-16,SKU_005,ecomm,62,21,0,0,0,0
2024-01-17,SKU_005,ecomm,46,16,0,0,1,0
2024-01-18,SKU_005,ecomm,12,34,0,0,0,0
2024-01-19,SKU_005,ecomm,0,12,26,0,0,0
2024-01-20,SKU_005,ecomm,0,0,15,0,0,0
2024-01-21,SKU_005,ecomm,0,0,22,0,0,0
2024-01-22,SKU_005,ecomm,0,0,48,0,0,0
2024-01-23,SKU_005,ecomm,0,0,37,0,0,0
2024-01-24,SKU_005,ecomm,0,0,24,0,1,0
2024-01-25,SKU_005,ecomm,0,0,21,0,0,0
2024-01-26,SKU_005,ecomm,0,0,37,0,0,0
2024-01-27,SKU_005,ecomm,0,0,12,0,0,0
2024-01-28,SKU_005,ecomm,0,0,22,0,0,0
2024-01-29,SKU_005,ecomm,0,0,33,0,0,0
2024-01-30,SKU_005,ecomm,0,0,40,0,0,0
2024-01-31,SKU_005,ecomm,0,0,32,0,0,0
2024-02-01,SKU_005,ecomm,0,0,32,0,1,0
2024-02-02,SKU_005,ecomm,0,0,29,0,1,0
2024-02-03,SKU_005,ecomm,0,0,19,0,0,0
2024-02-04,SKU_005,ecomm,0,0,39,0,0,0
2024-02-05,SKU_005,ecomm,0,0,38,0,0,0
2024-02-06,SKU_005,ecomm,0,0,33,0,0,0
2024-02-07,SKU_005,ecomm,0,0,30,0,0,0
2024-02-08,SKU_005,ecomm,0,0,40,0,0,0
2024-02-09,SKU_005,ecomm,0,0,32,0,1,0
2024-02-10,SKU_005,ecomm,0,0,38,0,0,0
2024-02-11,SKU_005,ecomm,0,0,11,0,1,0
2024-02-12,SKU_005,ecomm,0,0,35,0,0,0
2024-02-13,SKU_005,ecomm,0,0,31,0,0,0
2024-02-14,SKU_005,ecomm,0,0,23,0,1,0
2024-02-15,SKU_005,ecomm,0,0,28,0,0,0
2024-02-16,SKU_005,ecomm,0,0,39,0,0,0
2024-02-17,SKU_005,ecomm,0,0,25,0,0,0
2024-02-18,SKU_005,ecomm,0,0,28,0,0,0
2024-02-19,SKU_005,ecomm,0,0,31,0,0,0
2024-02-20,SKU_005,ecomm,0,0,21,0,1,0
2024-02-21,SKU_005,ecomm,0,0,29,0,0,0
2024-02-22,SKU_005,ecomm,0,0,23,0,0,0
2024-02-23,SKU_005,ecomm,0,0,37,0,0,0
2024-02-24,SKU_005,ecomm,0,0,46,0,0,0
2024-02-25,SKU_005,ecomm,0,0,33,0,0,0
2024-02-26,SKU_005,ecomm,0,0,26,0,0,0
2024-02-27,SKU_005,ecomm,0,0,29,0,1,0
2024-02-28,SKU_005,ecomm,0,0,23,0,0,0
2024-02-29,SKU_005,ecomm,0,0,24,0,0,0
2024-03-01,SKU_005,ecomm,0,0,19,0,0,0
2024-03-02,SKU_005,ecomm,0,0,30,0,0,0
2024-03-03,SKU_005,ecomm,0,0,29,0,0,0
2024-03-04,SKU_005,ecomm,0,0,23,0,0,0
2024-03-05,SKU_005,ecomm,0,0,16,0,0,0
2024-03-06,SKU_005,ecomm,0,0,14,0,1,0
2024-03-07,SKU_005,ecomm,0,0,31,0,0,0
2024-03-08,SKU_005,ecomm,0,0,33,0,0,0
2024-03-09,SKU_005,ecomm,0,0,36,0,0,0
2024-03-10,SKU_005,ecomm,0,0,39,0,0,0
2024-03-11,SKU_005,ecomm,0,0,26,0,0,0
2024-03-12,SKU_005,ecomm,0,0,38,0,0,0
2024-03-13,SKU_005,ecomm,0,0,34,0,0,0
2024-03-14,SKU_005,ecomm,0,0,37,0,1,0
2024-03-15,SKU_005,ecomm,0,0,44,0,1,0
2024-03-16,SKU_005,ecomm,0,0,12,0,0,0
2024-03-17,SKU_005,ecomm,204,0,34,204,0,0
2024-03-18,SKU_005,ecomm,180,24,0,0,0,0
2024-03-19,SKU_005,ecomm,165,15,0,0,0,0
2024-03-20,SKU_005,ecomm,123,42,0,0,0,0
2024-03-21,SKU_005,ecomm,103,20,0,0,0,0
2024-03-22,SKU_005,ecomm,82,21,0,0,0,0
2024-03-23,SKU_005,ecomm,331,30,0,279,0,0
2024-03-24,SKU_005,ecomm,299,32,0,0,0,0
2024-03-25,SKU_005,ecomm,261,38,0,0,0,0
2024-03-26,SKU_005,ecomm,240,21,0,0,0,0
2024-03-27,SKU_005,ecomm,217,23,0,0,0,0
2024-03-28,SKU_005,ecomm,184,33,0,0,0,0
2024-03-29,SKU_005,ecomm,155,29,0,0,0,0
2024-03-30,SKU_005,ecomm,136,19,0,0,0,0
2024-03-31,SKU_005,ecomm,92,44,0,0,0,0
2024-04-01,SKU_005,ecomm,58,34,0,0,0,0
2024-04-02,SKU_005,ecomm,34,24,0,0,0,0
2024-04-03,SKU_005,ecomm,3,31,0,0,0,0
2024-04-04,SKU_005,ecomm,141,3,27,141,0,0
2024-04-05,SKU_005,ecomm,107,34,0,0,0,0
2024-04-06,SKU_005,ecomm,95,12,0,0,0,0
2024-04-07,SKU_005,ecomm,76,19,0,0,0,0
2024-04-08,SKU_005,ecomm,56,20,0,0,0,0
2024-04-09,SKU_005,ecomm,22,34,0,0,0,0
2024-04-10,SKU_005,ecomm,0,22,9,0,0,0
2024-04-11,SKU_005,ecomm,0,0,48,0,0,0
2024-04-12,SKU_005,ecomm,0,0,16,0,1,0
2024-04-13,SKU_005,ecomm,218,0,18,218,0,0
2024-04-14,SKU_005,ecomm,197,21,0,0,0,0
2024-04-15,SKU_005,ecomm,159,38,0,0,1,0
2024-04-16,SKU_005,ecomm,142,17,0,0,0,0
2024-04-17,SKU_005,ecomm,376,32,0,266,0,0
2024-04-18,SKU_005,ecomm,342,34,0,0,0,0
2024-04-19,SKU_005,ecomm,301,41,0,0,0,0
2024-04-20,SKU_005,ecomm,270,31,0,0,0,0
2024-04-21,SKU_005,ecomm,422,28,0,180,0,0
2024-04-22,SKU_005,ecomm,378,44,0,0,0,0
2024-04-23,SKU_005,ecomm,344,34,0,0,0,0
2024-04-24,SKU_005,ecomm,330,14,0,0,0,0
2024-04-25,SKU_005,ecomm,303,27,0,0,0,0
2024-04-26,SKU_005,ecomm,278,25,0,0,0,0
2024-04-27,SKU_005,ecomm,260,18,0,0,0,0
2024-04-28,SKU_005,ecomm,241,19,0,0,0,0
2024-04-29,SKU_005,ecomm,194,47,0,0,0,0
2024-04-30,SKU_005,ecomm,181,13,0,0,1,0
2024-05-01,SKU_005,ecomm,140,41,0,0,0,0
2024-05-02,SKU_005,ecomm,98,42,0,0,0,0
2024-05-03,SKU_005,ecomm,59,39,0,0,0,0
2024-05-04,SKU_005,ecomm,16,43,0,0,0,0
2024-05-05,SKU_005,ecomm,0,16,20,0,0,0
2024-05-06,SKU_005,ecomm,0,0,26,0,0,0
2024-05-07,SKU_005,ecomm,0,0,33,0,0,0
2024-05-08,SKU_005,ecomm,0,0,23,0,0,0
2024-05-09,SKU_005,ecomm,0,0,28,0,0,0
2024-05-10,SKU_005,ecomm,0,0,23,0,0,0
2024-05-11,SKU_005,ecomm,0,0,30,0,0,0
2024-05-12,SKU_005,ecomm,160,0,32,160,0,0
2024-05-13,SKU_005,ecomm,136,24,0,0,0,0
2024-05-14,SKU_005,ecomm,106,30,0,0,0,0
2024-05-15,SKU_005,ecomm,81,25,0,0,0,0
2024-05-16,SKU_005,ecomm,50,31,0,0,0,0
2024-05-17,SKU_005,ecomm,26,24,0,0,0,0
2024-05-18,SKU_005,ecomm,6,20,0,0,1,0
2024-05-19,SKU_005,ecomm,0,6,29,0,0,0
2024-05-20,SKU_005,ecomm,0,0,14,0,0,0
2024-05-21,SKU_005,ecomm,0,0,46,0,0,0
2024-05-22,SKU_005,ecomm,0,0,19,0,0,0
2024-05-23,SKU_005,ecomm,0,0,14,0,0,0
2024-05-24,SKU_005,ecomm,0,0,18,0,0,0
2024-05-25,SKU_005,ecomm,0,0,29,0,0,0
2024-05-26,SKU_005,ecomm,0,0,31,0,0,0
2024-05-27,SKU_005,ecomm,0,0,24,0,1,0
2024-05-28,SKU_005,ecomm,117,0,35,117,1,0
2024-05-29,SKU_005,ecomm,100,17,0,0,0,0
2024-05-30,SKU_005,ecomm,192,36,0,128,0,0
2024-05-31,SKU_005,ecomm,174,18,0,0,0,0
2024-06-01,SKU_005,ecomm,143,31,0,0,0,0
2024-06-02,SKU_005,ecomm,362,39,0,258,1,0
2024-06-03,SKU_005,ecomm,322,40,0,0,0,0
2024-06-04,SKU_005,ecomm,288,34,0,0,1,0
2024-06-05,SKU_005,ecomm,258,30,0,0,0,0
2024-06-06,SKU_005,ecomm,230,28,0,0,0,0
2024-06-07,SKU_005,ecomm,193,37,0,0,0,0
2024-06-08,SKU_005,ecomm,147,46,0,0,0,0
2024-06-09,SKU_005,ecomm,325,26,0,204,0,0
2024-06-10,SKU_005,ecomm,313,12,0,0,0,0
2024-06-11,SKU_005,ecomm,300,13,0,0,1,0
2024-06-12,SKU_005,ecomm,275,25,0,0,0,0
2024-06-13,SKU_005,ecomm,525,14,0,264,0,0
2024-06-14,SKU_005,ecomm,498,27,0,0,0,0
2024-06-15,SKU_005,ecomm,477,21,0,0,0,0
2024-06-16,SKU_005,ecomm,439,38,0,0,0,0
2024-06-17,SKU_005,ecomm,416,23,0,0,0,0
2024-06-18,SKU_005,ecomm,385,31,0,0,0,0
2024-06-19,SKU_005,ecomm,365,20,0,0,0,0
2024-06-20,SKU_005,ecomm,337,28,0,0,1,0
2024-06-21,SKU_005,ecomm,310,27,0,0,0,0
2024-06-22,SKU_005,ecomm,274,36,0,0,0,0
2024-06-23,SKU_005,ecomm,253,21,0,0,0,0
2024-06-24,SKU_005,ecomm,223,30,0,0,0,0
2024-06-25,SKU_005,ecomm,187,36,0,0,0,0
2024-06-26,SKU_005,ecomm,381,12,0,206,0,0
2024-06-27,SKU_005,ecomm,343,38,0,0,0,0
2024-06-28,SKU_005,ecomm,312,31,0,0,1,0
2024-06-29,SKU_005,ecomm,285,27,0,0,0,0
2024-06-30,SKU_005,ecomm,258,27,0,0,0,0
2024-07-01,SKU_005,ecomm,222,36,0,0,0,0
2024-07-02,SKU_005,ecomm,171,51,0,0,0,0
2024-07-03,SKU_005,ecomm,126,45,0,0,0,0
2024-07-04,SKU_005,ecomm,89,37,0,0,0,1
2024-07-05,SKU_005,ecomm,58,31,0,0,0,0
2024-07-06,SKU_005,ecomm,29,29,0,0,0,0
2024-07-07,SKU_005,ecomm,1,28,0,0,0,0
2024-07-08,SKU_005,ecomm,0,1,25,0,0,0
2024-07-09,SKU_005,ecomm,0,0,34,0,0,0
2024-07-10,SKU_005,ecomm,0,0,15,0,0,0
2024-07-11,SKU_005,ecomm,0,0,20,0,0,0
2024-07-12,SKU_005,ecomm,0,0,41,0,1,0
2024-07-13,SKU_005,ecomm,0,0,25,0,0,0
2024-07-14,SKU_005,ecomm,0,0,20,0,0,0
2024-07-15,SKU_005,ecomm,0,0,28,0,0,0
2024-07-16,SKU_005,ecomm,0,0,31,0,0,0
2024-07-17,SKU_005,ecomm,0,0,33,0,0,0
2024-07-18,SKU_005,ecomm,0,0,29,0,0,0
2024-07-19,SKU_005,ecomm,0,0,16,0,0,0
2024-07-20,SKU_005,ecomm,0,0,24,0,0,0
2024-07-21,SKU_005,ecomm,0,0,33,0,0,0
2024-07-22,SKU_005,ecomm,0,0,22,0,0,0
2024-07-23,SKU_005,ecomm,0,0,26,0,0,0
2024-07-24,SKU_005,ecomm,0,0,15,0,0,0
2024-07-25,SKU_005,ecomm,0,0,23,0,0,0
2024-07-26,SKU_005,ecomm,0,0,22,0,0,0
2024-07-27,SKU_005,ecomm,0,0,28,0,0,0
2024-07-28,SKU_005,ecomm,0,0,26,0,0,0
2024-07-29,SKU_005,ecomm,0,0,38,0,1,0
2024-07-30,SKU_005,ecomm,0,0,26,0,0,0
2024-07-31,SKU_005,ecomm,230,0,16,230,0,0
2024-08-01,SKU_005,ecomm,217,13,0,0,0,0
2024-08-02,SKU_005,ecomm,176,41,0,0,0,0
2024-08-03,SKU_005,ecomm,400,29,0,253,0,0
2024-08-04,SKU_005,ecomm,489,17,0,106,1,0
2024-08-05,SKU_005,ecomm,446,43,0,0,0,0
2024-08-06,SKU_005,ecomm,419,27,0,0,0,0
2024-08-07,SKU_005,ecomm,380,39,0,0,0,0
2024-08-08,SKU_005,ecomm,370,10,0,0,0,0
2024-08-09,SKU_005,ecomm,339,31,0,0,0,0
2024-08-10,SKU_005,ecomm,462,36,0,159,0,0
2024-08-11,SKU_005,ecomm,448,14,0,0,0,0
2024-08-12,SKU_005,ecomm,405,43,0,0,0,0
2024-08-13,SKU_005,ecomm,385,20,0,0,0,0
2024-08-14,SKU_005,ecomm,350,35,0,0,0,0
2024-08-15,SKU_005,ecomm,324,26,0,0,0,0
2024-08-16,SKU_005,ecomm,282,42,0,0,0,0
2024-08-17,SKU_005,ecomm,256,26,0,0,0,0
2024-08-18,SKU_005,ecomm,227,29,0,0,0,0
2024-08-19,SKU_005,ecomm,213,14,0,0,0,0
2024-08-20,SKU_005,ecomm,196,17,0,0,0,0
2024-08-21,SKU_005,ecomm,179,17,0,0,0,0
2024-08-22,SKU_005,ecomm,154,25,0,0,0,0
2024-08-23,SKU_005,ecomm,114,40,0,0,0,0
2024-08-24,SKU_005,ecomm,246,31,0,163,0,0
2024-08-25,SKU_005,ecomm,388,39,0,181,0,0
2024-08-26,SKU_005,ecomm,369,19,0,0,0,0
2024-08-27,SKU_005,ecomm,333,36,0,0,0,0
2024-08-28,SKU_005,ecomm,303,30,0,0,0,0
2024-08-29,SKU_005,ecomm,283,20,0,0,0,0
2024-08-30,SKU_005,ecomm,251,32,0,0,0,0
2024-08-31,SKU_005,ecomm,228,23,0,0,1,0
2024-09-01,SKU_005,ecomm,189,39,0,0,0,0
2024-09-02,SKU_005,ecomm,167,22,0,0,0,0
2024-09-03,SKU_005,ecomm,278,24,0,135,1,0
2024-09-04,SKU_005,ecomm,243,35,0,0,0,0
2024-09-05,SKU_005,ecomm,211,32,0,0,0,0
2024-09-06,SKU_005,ecomm,182,29,0,0,0,0
2024-09-07,SKU_005,ecomm,148,34,0,0,1,0
2024-09-08,SKU_005,ecomm,126,22,0,0,0,0
2024-09-09,SKU_005,ecomm,98,28,0,0,1,0
2024-09-10,SKU_005,ecomm,84,14,0,0,0,0
2024-09-11,SKU_005,ecomm,68,16,0,0,0,0
2024-09-12,SKU_005,ecomm,37,31,0,0,0,0
2024-09-13,SKU_005,ecomm,15,22,0,0,1,0
2024-09-14,SKU_005,ecomm,5,10,0,0,0,0
2024-09-15,SKU_005,ecomm,0,5,27,0,0,0
2024-09-16,SKU_005,ecomm,0,0,22,0,0,0
2024-09-17,SKU_005,ecomm,0,0,28,0,0,0
2024-09-18,SKU_005,ecomm,0,0,14,0,0,0
2024-09-19,SKU_005,ecomm,0,0,20,0,0,0
2024-09-20,SKU_005,ecomm,0,0,29,0,0,0
2024-09-21,SKU_005,ecomm,0,0,17,0,0,0
2024-09-22,SKU_005,ecomm,0,0,33,0,0,0
2024-09-23,SKU_005,ecomm,0,0,35,0,1,0
2024-09-24,SKU_005,ecomm,0,0,29,0,1,0
2024-09-25,SKU_005,ecomm,0,0,35,0,0,0
2024-09-26,SKU_005,ecomm,0,0,38,0,0,0
2024-09-27,SKU_005,ecomm,0,0,20,0,0,0
2024-09-28,SKU_005,ecomm,0,0,44,0,0,0
2024-09-29,SKU_005,ecomm,0,0,11,0,1,0
2024-09-30,SKU_005,ecomm,0,0,42,0,0,0
2024-10-01,SKU_005,ecomm,237,0,21,237,0,0
2024-10-02,SKU_005,ecomm,201,36,0,0,0,0
2024-10-03,SKU_005,ecomm,176,25,0,0,0,0
2024-10-04,SKU_005,ecomm,153,23,0,0,0,0
2024-10-05,SKU_005,ecomm,134,19,0,0,0,0
2024-10-06,SKU_005,ecomm,116,18,0,0,0,0
2024-10-07,SKU_005,ecomm,99,17,0,0,0,0
2024-10-08,SKU_005,ecomm,235,38,0,174,0,0
2024-10-09,SKU_005,ecomm,469,43,0,277,0,0
2024-10-10,SKU_005,ecomm,454,15,0,0,0,0
2024-10-11,SKU_005,ecomm,667,29,0,242,0,0
2024-10-12,SKU_005,ecomm,649,18,0,0,1,0
2024-10-13,SKU_005,ecomm,619,30,0,0,0,0
2024-10-14,SKU_005,ecomm,601,18,0,0,0,0
2024-10-15,SKU_005,ecomm,580,21,0,0,0,0
2024-10-16,SKU_005,ecomm,550,30,0,0,0,0
2024-10-17,SKU_005,ecomm,520,30,0,0,0,0
2024-10-18,SKU_005,ecomm,501,19,0,0,0,0
2024-10-19,SKU_005,ecomm,471,30,0,0,0,0
2024-10-20,SKU_005,ecomm,455,16,0,0,0,0
2024-10-21,SKU_005,ecomm,427,28,0,0,0,0
2024-10-22,SKU_005,ecomm,406,21,0,0,0,0
2024-10-23,SKU_005,ecomm,390,16,0,0,0,0
2024-10-24,SKU_005,ecomm,368,22,0,0,0,0
2024-10-25,SKU_005,ecomm,346,22,0,0,0,0
2024-10-26,SKU_005,ecomm,321,25,0,0,0,0
2024-10-27,SKU_005,ecomm,297,24,0,0,0,0
2024-10-28,SKU_005,ecomm,262,35,0,0,0,0
2024-10-29,SKU_005,ecomm,247,15,0,0,0,0
2024-10-30,SKU_005,ecomm,228,19,0,0,0,0
2024-10-31,SKU_005,ecomm,209,19,0,0,0,0
2024-11-01,SKU_005,ecomm,172,37,0,0,0,0
2024-11-02,SKU_005,ecomm,147,25,0,0,0,0
2024-11-03,SKU_005,ecomm,124,23,0,0,1,0
2024-11-04,SKU_005,ecomm,111,13,0,0,0,0
2024-11-05,SKU_005,ecomm,91,20,0,0,0,0
2024-11-06,SKU_005,ecomm,69,22,0,0,0,0
2024-11-07,SKU_005,ecomm,269,30,0,230,0,0
2024-11-08,SKU_005,ecomm,242,27,0,0,0,0
2024-11-09,SKU_005,ecomm,231,11,0,0,0,0
2024-11-10,SKU_005,ecomm,197,34,0,0,0,0
2024-11-11,SKU_005,ecomm,432,31,0,266,0,0
2024-11-12,SKU_005,ecomm,419,13,0,0,0,0
2024-11-13,SKU_005,ecomm,394,25,0,0,0,0
2024-11-14,SKU_005,ecomm,368,26,0,0,0,0
2024-11-15,SKU_005,ecomm,331,37,0,0,0,0
2024-11-16,SKU_005,ecomm,304,27,0,0,0,0
2024-11-17,SKU_005,ecomm,278,26,0,0,0,0
2024-11-18,SKU_005,ecomm,518,39,0,279,0,0
2024-11-19,SKU_005,ecomm,489,29,0,0,0,0
2024-11-20,SKU_005,ecomm,461,28,0,0,1,0
2024-11-21,SKU_005,ecomm,439,22,0,0,0,0
2024-11-22,SKU_005,ecomm,417,22,0,0,0,0
2024-11-23,SKU_005,ecomm,391,26,0,0,0,0
2024-11-24,SKU_005,ecomm,362,29,0,0,0,0
2024-11-25,SKU_005,ecomm,348,14,0,0,0,0
2024-11-26,SKU_005,ecomm,313,35,0,0,0,0
2024-11-27,SKU_005,ecomm,299,14,0,0,0,0
2024-11-28,SKU_005,ecomm,265,34,0,0,0,1
2024-11-29,SKU_005,ecomm,250,15,0,0,0,0
2024-11-30,SKU_005,ecomm,223,27,0,0,0,0
2024-12-01,SKU_005,ecomm,328,24,0,129,0,0
2024-12-02,SKU_005,ecomm,305,23,0,0,0,0
2024-12-03,SKU_005,ecomm,282,23,0,0,0,0
2024-12-04,SKU_005,ecomm,267,15,0,0,0,0
2024-12-05,SKU_005,ecomm,248,19,0,0,0,0
2024-12-06,SKU_005,ecomm,211,37,0,0,1,0
2024-12-07,SKU_005,ecomm,185,26,0,0,0,0
2024-12-08,SKU_005,ecomm,165,20,0,0,0,0
2024-12-09,SKU_005,ecomm,139,26,0,0,0,0
2024-12-10,SKU_005,ecomm,108,31,0,0,0,0
2024-12-11,SKU_005,ecomm,89,19,0,0,0,0
2024-12-12,SKU_005,ecomm,57,32,0,0,0,0
2024-12-13,SKU_005,ecomm,36,21,0,0,0,0
2024-12-14,SKU_005,ecomm,147,32,0,143,0,0
2024-12-15,SKU_005,ecomm,120,27,0,0,0,0
2024-12-16,SKU_005,ecomm,110,10,0,0,0,0
2024-12-17,SKU_005,ecomm,90,20,0,0,1,0
2024-12-18,SKU_005,ecomm,74,16,0,0,0,0
2024-12-19,SKU_005,ecomm,47,27,0,0,0,0
2024-12-20,SKU_005,ecomm,13,34,0,0,0,0
2024-12-21,SKU_005,ecomm,0,13,20,0,0,0
2024-12-22,SKU_005,ecomm,0,0,19,0,1,0
2024-12-23,SKU_005,ecomm,0,0,24,0,0,0
2024-12-24,SKU_005,ecomm,0,0,14,0,0,0
2024-12-25,SKU_005,ecomm,0,0,33,0,0,1
2024-12-26,SKU_005,ecomm,0,0,28,0,0,0
2024-12-27,SKU_005,ecomm,0,0,28,0,0,0
2024-12-28,SKU_005,ecomm,0,0,30,0,0,0
2024-12-29,SKU_005,ecomm,0,0,34,0,0,0
2024-12-30,SKU_005,ecomm,216,0,14,216,0,0
2024-12-31,SKU_005,ecomm,186,30,0,0,0,0
2023-01-01,SKU_005,amazon,479,21,0,0,0,1
2023-01-02,SKU_005,amazon,455,24,0,0,0,0
2023-01-03,SKU_005,amazon,417,38,0,0,0,0
2023-01-04,SKU_005,amazon,386,31,0,0,0,0
2023-01-05,SKU_005,amazon,353,33,0,0,0,0
2023-01-06,SKU_005,amazon,340,13,0,0,0,0
2023-01-07,SKU_005,amazon,322,18,0,0,0,0
2023-01-08,SKU_005,amazon,290,32,0,0,0,0
2023-01-09,SKU_005,amazon,262,28,0,0,0,0
2023-01-10,SKU_005,amazon,231,31,0,0,0,0
2023-01-11,SKU_005,amazon,215,16,0,0,0,0
2023-01-12,SKU_005,amazon,191,24,0,0,0,0
2023-01-13,SKU_005,amazon,313,18,0,140,0,0
2023-01-14,SKU_005,amazon,284,29,0,0,0,0
2023-01-15,SKU_005,amazon,257,27,0,0,0,0
2023-01-16,SKU_005,amazon,238,19,0,0,1,0
2023-01-17,SKU_005,amazon,326,42,0,130,0,0
2023-01-18,SKU_005,amazon,281,45,0,0,0,0
2023-01-19,SKU_005,amazon,255,26,0,0,1,0
2023-01-20,SKU_005,amazon,236,19,0,0,0,0
2023-01-21,SKU_005,amazon,198,38,0,0,0,0
2023-01-22,SKU_005,amazon,166,32,0,0,1,0
2023-01-23,SKU_005,amazon,144,22,0,0,0,0
2023-01-24,SKU_005,amazon,128,16,0,0,0,0
2023-01-25,SKU_005,amazon,104,24,0,0,0,0
2023-01-26,SKU_005,amazon,67,37,0,0,1,0
2023-01-27,SKU_005,amazon,26,41,0,0,0,0
2023-01-28,SKU_005,amazon,0,26,12,0,0,0
2023-01-29,SKU_005,amazon,0,0,25,0,0,0
2023-01-30,SKU_005,amazon,0,0,25,0,0,0
2023-01-31,SKU_005,amazon,0,0,20,0,0,0
2023-02-01,SKU_005,amazon,0,0,38,0,1,0
2023-02-02,SKU_005,amazon,0,0,14,0,0,0
2023-02-03,SKU_005,amazon,0,0,10,0,0,0
2023-02-04,SKU_005,amazon,0,0,28,0,0,0
2023-02-05,SKU_005,amazon,0,0,25,0,0,0
2023-02-06,SKU_005,amazon,0,0,24,0,0,0
2023-02-07,SKU_005,amazon,0,0,20,0,0,0
2023-02-08,SKU_005,amazon,0,0,19,0,0,0
2023-02-09,SKU_005,amazon,0,0,34,0,1,0
2023-02-10,SKU_005,amazon,0,0,36,0,0,0
2023-02-11,SKU_005,amazon,0,0,39,0,0,0
2023-02-12,SKU_005,amazon,0,0,33,0,0,0
2023-02-13,SKU_005,amazon,0,0,34,0,0,0
2023-02-14,SKU_005,amazon,0,0,19,0,0,0
2023-02-15,SKU_005,amazon,0,0,19,0,0,0
2023-02-16,SKU_005,amazon,0,0,24,0,0,0
2023-02-17,SKU_005,amazon,0,0,34,0,0,0
2023-02-18,SKU_005,amazon,0,0,41,0,0,0
2023-02-19,SKU_005,amazon,114,0,16,114,0,0
2023-02-20,SKU_005,amazon,85,29,0,0,0,0
2023-02-21,SKU_005,amazon,65,20,0,0,0,0
2023-02-22,SKU_005,amazon,34,31,0,0,0,0
2023-02-23,SKU_005,amazon,17,17,0,0,1,0
2023-02-24,SKU_005,amazon,0,17,12,0,0,0
2023-02-25,SKU_005,amazon,0,0,18,0,0,0
2023-02-26,SKU_005,amazon,0,0,32,0,0,0
2023-02-27,SKU_005,amazon,0,0,23,0,1,0
2023-02-28,SKU_005,amazon,0,0,34,0,0,0
2023-03-01,SKU_005,amazon,0,0,33,0,0,0
2023-03-02,SKU_005,amazon,0,0,18,0,0,0
2023-03-03,SKU_005,amazon,0,0,24,0,0,0
2023-03-04,SKU_005,amazon,0,0,20,0,0,0
2023-03-05,SKU_005,amazon,0,0,22,0,0,0
2023-03-06,SKU_005,amazon,0,0,39,0,1,0
2023-03-07,SKU_005,amazon,0,0,25,0,0,0
2023-03-08,SKU_005,amazon,0,0,32,0,0,0
2023-03-09,SKU_005,amazon,0,0,14,0,0,0
2023-03-10,SKU_005,amazon,0,0,39,0,0,0
2023-03-11,SKU_005,amazon,100,0,15,100,0,0
2023-03-12,SKU_005,amazon,84,16,0,0,0,0
2023-03-13,SKU_005,amazon,47,37,0,0,0,0
2023-03-14,SKU_005,amazon,28,19,0,0,0,0
2023-03-15,SKU_005,amazon,5,23,0,0,0,0
2023-03-16,SKU_005,amazon,0,5,35,0,0,0
2023-03-17,SKU_005,amazon,0,0,26,0,0,0
2023-03-18,SKU_005,amazon,0,0,46,0,0,0
2023-03-19,SKU_005,amazon,0,0,23,0,0,0
2023-03-20,SKU_005,amazon,0,0,27,0,0,0
2023-03-21,SKU_005,amazon,0,0,31,0,1,0
2023-03-22,SKU_005,amazon,0,0,20,0,0,0
2023-03-23,SKU_005,amazon,0,0,19,0,0,0
2023-03-24,SKU_005,amazon,0,0,30,0,0,0
2023-03-25,SKU_005,amazon,0,0,16,0,0,0
2023-03-26,SKU_005,amazon,0,0,42,0,0,0
2023-03-27,SKU_005,amazon,0,0,18,0,0,0
2023-03-28,SKU_005,amazon,0,0,17,0,0,0
2023-03-29,SKU_005,amazon,0,0,47,0,0,0
2023-03-30,SKU_005,amazon,0,0,24,0,0,0
2023-03-31,SKU_005,amazon,0,0,28,0,1,0
2023-04-01,SKU_005,amazon,0,0,26,0,0,0
2023-04-02,SKU_005,amazon,0,0,18,0,0,0
2023-04-03,SKU_005,amazon,0,0,37,0,0,0
2023-04-04,SKU_005,amazon,0,0,34,0,0,0
2023-04-05,SKU_005,amazon,0,0,26,0,0,0
2023-04-06,SKU_005,amazon,0,0,32,0,0,0
2023-04-07,SKU_005,amazon,103,0,29,103,0,0
2023-04-08,SKU_005,amazon,73,30,0,0,0,0
2023-04-09,SKU_005,amazon,49,24,0,0,1,0
2023-04-10,SKU_005,amazon,10,39,0,0,0,0
2023-04-11,SKU_005,amazon,181,10,9,181,0,0
2023-04-12,SKU_005,amazon,156,25,0,0,0,0
2023-04-13,SKU_005,amazon,136,20,0,0,0,0
2023-04-14,SKU_005,amazon,100,36,0,0,0,0
2023-04-15,SKU_005,amazon,69,31,0,0,0,0
2023-04-16,SKU_005,amazon,31,38,0,0,0,0
2023-04-17,SKU_005,amazon,14,17,0,0,0,0
2023-04-18,SKU_005,amazon,0,14,0,0,0,0
2023-04-19,SKU_005,amazon,0,0,12,0,0,0
2023-04-20,SKU_005,amazon,0,0,33,0,0,0
2023-04-21,SKU_005,amazon,0,0,29,0,0,0
2023-04-22,SKU_005,amazon,0,0,37,0,0,0
2023-04-23,SKU_005,amazon,0,0,16,0,0,0
2023-04-24,SKU_005,amazon,0,0,30,0,0,0
2023-04-25,SKU_005,amazon,0,0,26,0,0,0
2023-04-26,SKU_005,amazon,0,0,19,0,0,0
2023-04-27,SKU_005,amazon,0,0,18,0,0,0
2023-04-28,SKU_005,amazon,0,0,34,0,0,0
2023-04-29,SKU_005,amazon,0,0,33,0,0,0
2023-04-30,SKU_005,amazon,0,0,36,0,0,0
2023-05-01,SKU_005,amazon,0,0,23,0,0,0
2023-05-02,SKU_005,amazon,0,0,41,0,1,0
2023-05-03,SKU_005,amazon,0,0,17,0,0,0
2023-05-04,SKU_005,amazon,0,0,20,0,0,0
2023-05-05,SKU_005,amazon,0,0,37,0,0,0
2023-05-06,SKU_005,amazon,0,0,23,0,0,0
2023-05-07,SKU_005,amazon,0,0,25,0,0,0
2023-05-08,SKU_005,amazon,0,0,30,0,0,0
2023-05-09,SKU_005,amazon,0,0,20,0,0,0
2023-05-10,SKU_005,amazon,0,0,31,0,0,0
2023-05-11,SKU_005,amazon,0,0,22,0,1,0
2023-05-12,SKU_005,amazon,102,0,18,102,0,0
2023-05-13,SKU_005,amazon,71,31,0,0,0,0
2023-05-14,SKU_005,amazon,52,19,0,0,0,0
2023-05-15,SKU_005,amazon,6,46,0,0,0,0
2023-05-16,SKU_005,amazon,0,6,27,0,0,0
2023-05-17,SKU_005,amazon,0,0,30,0,0,0
2023-05-18,SKU_005,amazon,0,0,16,0,0,0
2023-05-19,SKU_005,amazon,0,0,16,0,0,0
2023-05-20,SKU_005,amazon,0,0,34,0,0,0
2023-05-21,SKU_005,amazon,0,0,45,0,0,0
2023-05-22,SKU_005,amazon,0,0,23,0,0,0
2023-05-23,SKU_005,amazon,0,0,23,0,0,0
2023-05-24,SKU_005,amazon,0,0,36,0,0,0
2023-05-25,SKU_005,amazon,0,0,40,0,0,0
2023-05-26,SKU_005,amazon,0,0,30,0,0,0
2023-05-27,SKU_005,amazon,0,0,44,0,0,0
2023-05-28,SKU_005,amazon,0,0,15,0,0,0
2023-05-29,SKU_005,amazon,0,0,37,0,0,0
2023-05-30,SKU_005,amazon,0,0,26,0,0,0
2023-05-31,SKU_005,amazon,0,0,39,0,0,0
2023-06-01,SKU_005,amazon,0,0,19,0,0,0
2023-06-02,SKU_005,amazon,0,0,25,0,0,0
2023-06-03,SKU_005,amazon,240,0,33,240,0,0
2023-06-04,SKU_005,amazon,230,10,0,0,0,0
2023-06-05,SKU_005,amazon,211,19,0,0,0,0
2023-06-06,SKU_005,amazon,192,19,0,0,0,0
2023-06-07,SKU_005,amazon,157,35,0,0,0,0
2023-06-08,SKU_005,amazon,142,15,0,0,0,0
2023-06-09,SKU_005,amazon,125,17,0,0,0,0
2023-06-10,SKU_005,amazon,98,27,0,0,1,0
2023-06-11,SKU_005,amazon,79,19,0,0,0,0
2023-06-12,SKU_005,amazon,56,23,0,0,0,0
2023-06-13,SKU_005,amazon,19,37,0,0,0,0
2023-06-14,SKU_005,amazon,0,19,21,0,0,0
2023-06-15,SKU_005,amazon,0,0,32,0,0,0
2023-06-16,SKU_005,amazon,0,0,12,0,0,0
2023-06-17,SKU_005,amazon,0,0,33,0,0,0
2023-06-18,SKU_005,amazon,0,0,26,0,0,0
2023-06-19,SKU_005,amazon,0,0,14,0,0,0
2023-06-20,SKU_005,amazon,108,0,15,108,0,0
2023-06-21,SKU_005,amazon,87,21,0,0,0,0
2023-06-22,SKU_005,amazon,67,20,0,0,0,0
2023-06-23,SKU_005,amazon,45,22,0,0,0,0
2023-06-24,SKU_005,amazon,25,20,0,0,0,0
2023-06-25,SKU_005,amazon,5,20,0,0,0,0
2023-06-26,SKU_005,amazon,0,5,25,0,0,0
2023-06-27,SKU_005,amazon,292,0,39,292,0,0
2023-06-28,SKU_005,amazon,256,36,0,0,0,0
2023-06-29,SKU_005,amazon,220,36,0,0,0,0
2023-06-30,SKU_005,amazon,187,33,0,0,0,0
2023-07-01,SKU_005,amazon,458,11,0,282,0,0
2023-07-02,SKU_005,amazon,438,20,0,0,0,0
2023-07-03,SKU_005,amazon,421,17,0,0,1,0
2023-07-04,SKU_005,amazon,386,35,0,0,0,1
2023-07-05,SKU_005,amazon,355,31,0,0,0,0
2023-07-06,SKU_005,amazon,326,29,0,0,0,0
2023-07-07,SKU_005,amazon,311,15,0,0,0,0
2023-07-08,SKU_005,amazon,286,25,0,0,0,0
2023-07-09,SKU_005,amazon,256,30,0,0,0,0
2023-07-10,SKU_005,amazon,222,34,0,0,0,0
2023-07-11,SKU_005,amazon,188,34,0,0,0,0
2023-07-12,SKU_005,amazon,156,32,0,0,0,0
2023-07-13,SKU_005,amazon,128,28,0,0,0,0
2023-07-14,SKU_005,amazon,95,33,0,0,0,0
2023-07-15,SKU_005,amazon,85,10,0,0,0,0
2023-07-16,SKU_005,amazon,71,14,0,0,0,0
2023-07-17,SKU_005,amazon,61,10,0,0,1,0
2023-07-18,SKU_005,amazon,39,22,0,0,0,0
2023-07-19,SKU_005,amazon,4,35,0,0,0,0
2023-07-20,SKU_005,amazon,0,4,39,0,0,0
2023-07-21,SKU_005,amazon,0,0,29,0,0,0
2023-07-22,SKU_005,amazon,0,0,23,0,0,0
2023-07-23,SKU_005,amazon,0,0,27,0,0,0
2023-07-24,SKU_005,amazon,0,0,32,0,0,0
2023-07-25,SKU_005,amazon,0,0,21,0,0,0
2023-07-26,SKU_005,amazon,0,0,12,0,0,0
2023-07-27,SKU_005,amazon,0,0,25,0,0,0
2023-07-28,SKU_005,amazon,0,0,35,0,0,0
2023-07-29,SKU_005,amazon,0,0,39,0,0,0
2023-07-30,SKU_005,amazon,0,0,25,0,0,0
2023-07-31,SKU_005,amazon,0,0,17,0,0,0
2023-08-01,SKU_005,amazon,0,0,30,0,0,0
2023-08-02,SKU_005,amazon,0,0,28,0,0,0
2023-08-03,SKU_005,amazon,0,0,26,0,0,0
2023-08-04,SKU_005,amazon,0,0,32,0,0,0
2023-08-05,SKU_005,amazon,0,0,32,0,0,0
2023-08-06,SKU_005,amazon,0,0,27,0,0,0
2023-08-07,SKU_005,amazon,0,0,29,0,0,0
2023-08-08,SKU_005,amazon,0,0,17,0,0,0
2023-08-09,SKU_005,amazon,0,0,25,0,0,0
2023-08-10,SKU_005,amazon,0,0,28,0,0,0
2023-08-11,SKU_005,amazon,0,0,20,0,0,0
2023-08-12,SKU_005,amazon,0,0,21,0,0,0
2023-08-13,SKU_005,amazon,0,0,17,0,1,0
2023-08-14,SKU_005,amazon,0,0,36,0,0,0
2023-08-15,SKU_005,amazon,0,0,41,0,0,0
2023-08-16,SKU_005,amazon,0,0,17,0,0,0
2023-08-17,SKU_005,amazon,0,0,26,0,0,0
2023-08-18,SKU_005,amazon,0,0,19,0,0,0
2023-08-19,SKU_005,amazon,0,0,20,0,0,0
2023-08-20,SKU_005,amazon,0,0,38,0,0,0
2023-08-21,SKU_005,amazon,0,0,27,0,0,0
2023-08-22,SKU_005,amazon,0,0,11,0,0,0
2023-08-23,SKU_005,amazon,0,0,27,0,0,0
2023-08-24,SKU_005,amazon,0,0,23,0,0,0
2023-08-25,SKU_005,amazon,0,0,17,0,0,0
2023-08-26,SKU_005,amazon,0,0,19,0,0,0
2023-08-27,SKU_005,amazon,0,0,20,0,0,0
2023-08-28,SKU_005,amazon,0,0,21,0,0,0
2023-08-29,SKU_005,amazon,0,0,28,0,0,0
2023-08-30,SKU_005,amazon,0,0,21,0,0,0
2023-08-31,SKU_005,amazon,0,0,26,0,0,0
2023-09-01,SKU_005,amazon,0,0,32,0,1,0
2023-09-02,SKU_005,amazon,0,0,20,0,0,0
2023-09-03,SKU_005,amazon,0,0,23,0,0,0
2023-09-04,SKU_005,amazon,0,0,32,0,0,0
2023-09-05,SKU_005,amazon,0,0,12,0,0,0
2023-09-06,SKU_005,amazon,0,0,29,0,0,0
2023-09-07,SKU_005,amazon,0,0,17,0,0,0
2023-09-08,SKU_005,amazon,0,0,23,0,1,0
2023-09-09,SKU_005,amazon,0,0,38,0,0,0
2023-09-10,SKU_005,amazon,0,0,19,0,1,0
2023-09-11,SKU_005,amazon,0,0,16,0,0,0
2023-09-12,SKU_005,amazon,0,0,25,0,0,0
2023-09-13,SKU_005,amazon,164,0,21,164,0,0
2023-09-14,SKU_005,amazon,152,12,0,0,0,0
2023-09-15,SKU_005,amazon,138,14,0,0,1,0
2023-09-16,SKU_005,amazon,227,29,0,118,0,0
2023-09-17,SKU_005,amazon,208,19,0,0,0,0
2023-09-18,SKU_005,amazon,190,18,0,0,0,0
2023-09-19,SKU_005,amazon,171,19,0,0,0,0
2023-09-20,SKU_005,amazon,146,25,0,0,0,0
2023-09-21,SKU_005,amazon,129,17,0,0,0,0
2023-09-22,SKU_005,amazon,105,24,0,0,0,0
2023-09-23,SKU_005,amazon,80,25,0,0,1,0
2023-09-24,SKU_005,amazon,64,16,0,0,1,0
2023-09-25,SKU_005,amazon,41,23,0,0,1,0
2023-09-26,SKU_005,amazon,0,41,5,0,0,0
2023-09-27,SKU_005,amazon,0,0,31,0,0,0
2023-09-28,SKU_005,amazon,0,0,20,0,0,0
2023-09-29,SKU_005,amazon,0,0,26,0,0,0
2023-09-30,SKU_005,amazon,0,0,22,0,0,0
2023-10-01,SKU_005,amazon,0,0,35,0,0,0
2023-10-02,SKU_005,amazon,0,0,30,0,0,0
2023-10-03,SKU_005,amazon,0,0,29,0,0,0
2023-10-04,SKU_005,amazon,0,0,27,0,0,0
2023-10-05,SKU_005,amazon,0,0,21,0,0,0
2023-10-06,SKU_005,amazon,0,0,26,0,0,0
2023-10-07,SKU_005,amazon,0,0,22,0,0,0
2023-10-08,SKU_005,amazon,0,0,37,0,0,0
2023-10-09,SKU_005,amazon,0,0,35,0,0,0
2023-10-10,SKU_005,amazon,0,0,33,0,0,0
2023-10-11,SKU_005,amazon,0,0,19,0,0,0
2023-10-12,SKU_005,amazon,0,0,26,0,0,0
2023-10-13,SKU_005,amazon,0,0,12,0,0,0
2023-10-14,SKU_005,amazon,0,0,34,0,0,0
2023-10-15,SKU_005,amazon,0,0,14,0,0,0
2023-10-16,SKU_005,amazon,0,0,32,0,0,0
2023-10-17,SKU_005,amazon,0,0,15,0,0,0
2023-10-18,SKU_005,amazon,0,0,22,0,0,0
2023-10-19,SKU_005,amazon,0,0,52,0,0,0
2023-10-20,SKU_005,amazon,0,0,34,0,0,0
2023-10-21,SKU_005,amazon,0,0,41,0,1,0
2023-10-22,SKU_005,amazon,0,0,20,0,0,0
2023-10-23,SKU_005,amazon,0,0,18,0,1,0
2023-10-24,SKU_005,amazon,0,0,12,0,0,0
2023-10-25,SKU_005,amazon,0,0,23,0,0,0
2023-10-26,SKU_005,amazon,0,0,26,0,0,0
2023-10-27,SKU_005,amazon,0,0,40,0,1,0
2023-10-28,SKU_005,amazon,0,0,22,0,0,0
2023-10-29,SKU_005,amazon,0,0,20,0,0,0
2023-10-30,SKU_005,amazon,0,0,22,0,0,0
2023-10-31,SKU_005,amazon,0,0,35,0,1,0
2023-11-01,SKU_005,amazon,0,0,30,0,0,0
2023-11-02,SKU_005,amazon,0,0,31,0,0,0
2023-11-03,SKU_005,amazon,0,0,24,0,0,0
2023-11-04,SKU_005,amazon,0,0,15,0,0,0
2023-11-05,SKU_005,amazon,0,0,23,0,0,0
2023-11-06,SKU_005,amazon,0,0,41,0,0,0
2023-11-07,SKU_005,amazon,0,0,33,0,0,0
2023-11-08,SKU_005,amazon,0,0,19,0,0,0
2023-11-09,SKU_005,amazon,0,0,34,0,0,0
2023-11-10,SKU_005,amazon,0,0,28,0,0,0
2023-11-11,SKU_005,amazon,0,0,38,0,0,0
2023-11-12,SKU_005,amazon,0,0,20,0,0,0
2023-11-13,SKU_005,amazon,0,0,19,0,0,0
2023-11-14,SKU_005,amazon,0,0,23,0,0,0
2023-11-15,SKU_005,amazon,0,0,34,0,0,0
2023-11-16,SKU_005,amazon,0,0,31,0,0,0
2023-11-17,SKU_005,amazon,0,0,39,0,0,0
2023-11-18,SKU_005,amazon,0,0,29,0,0,0
2023-11-19,SKU_005,amazon,259,0,19,259,0,0
2023-11-20,SKU_005,amazon,230,29,0,0,0,0
2023-11-21,SKU_005,amazon,207,23,0,0,0,0
2023-11-22,SKU_005,amazon,186,21,0,0,0,0
2023-11-23,SKU_005,amazon,160,26,0,0,0,1
2023-11-24,SKU_005,amazon,287,17,0,144,0,0
2023-11-25,SKU_005,amazon,255,32,0,0,1,0
2023-11-26,SKU_005,amazon,227,28,0,0,0,0
2023-11-27,SKU_005,amazon,195,32,0,0,1,0
2023-11-28,SKU_005,amazon,180,15,0,0,0,0
2023-11-29,SKU_005,amazon,159,21,0,0,0,0
2023-11-30,SKU_005,amazon,135,24,0,0,0,0
2023-12-01,SKU_005,amazon,102,33,0,0,0,0
2023-12-02,SKU_005,amazon,68,34,0,0,0,0
2023-12-03,SKU_005,amazon,28,40,0,0,0,0
2023-12-04,SKU_005,amazon,0,28,9,0,0,0
2023-12-05,SKU_005,amazon,0,0,17,0,0,0
2023-12-06,SKU_005,amazon,0,0,18,0,0,0
2023-12-07,SKU_005,amazon,0,0,35,0,0,0
2023-12-08,SKU_005,amazon,0,0,33,0,0,0
2023-12-09,SKU_005,amazon,0,0,28,0,0,0
2023-12-10,SKU_005,amazon,0,0,30,0,0,0
2023-12-11,SKU_005,amazon,0,0,37,0,0,0
2023-12-12,SKU_005,amazon,0,0,23,0,0,0
2023-12-13,SKU_005,amazon,0,0,37,0,0,0
2023-12-14,SKU_005,amazon,0,0,16,0,0,0
2023-12-15,SKU_005,amazon,0,0,38,0,0,0
2023-12-16,SKU_005,amazon,0,0,31,0,0,0
2023-12-17,SKU_005,amazon,0,0,13,0,0,0
2023-12-18,SKU_005,amazon,0,0,20,0,0,0
2023-12-19,SKU_005,amazon,0,0,36,0,1,0
2023-12-20,SKU_005,amazon,123,0,26,123,0,0
2023-12-21,SKU_005,amazon,92,31,0,0,0,0
2023-12-22,SKU_005,amazon,39,53,0,0,0,0
2023-12-23,SKU_005,amazon,2,37,0,0,0,0
2023-12-24,SKU_005,amazon,0,2,14,0,0,0
2023-12-25,SKU_005,amazon,0,0,18,0,0,1
2023-12-26,SKU_005,amazon,0,0,29,0,0,0
2023-12-27,SKU_005,amazon,0,0,26,0,0,0
2023-12-28,SKU_005,amazon,0,0,21,0,0,0
2023-12-29,SKU_005,amazon,0,0,37,0,0,0
2023-12-30,SKU_005,amazon,287,0,38,287,0,0
2023-12-31,SKU_005,amazon,270,17,0,0,1,0
2024-01-01,SKU_005,amazon,227,43,0,0,0,1
2024-01-02,SKU_005,amazon,400,20,0,193,0,0
2024-01-03,SKU_005,amazon,377,23,0,0,0,0
2024-01-04,SKU_005,amazon,342,35,0,0,0,0
2024-01-05,SKU_005,amazon,313,29,0,0,0,0
2024-01-06,SKU_005,amazon,286,27,0,0,0,0
2024-01-07,SKU_005,amazon,250,36,0,0,0,0
2024-01-08,SKU_005,amazon,232,18,0,0,0,0
2024-01-09,SKU_005,amazon,209,23,0,0,0,0
2024-01-10,SKU_005,amazon,174,35,0,0,0,0
2024-01-11,SKU_005,amazon,163,11,0,0,0,0
2024-01-12,SKU_005,amazon,137,26,0,0,0,0
2024-01-13,SKU_005,amazon,107,30,0,0,0,0
2024-01-14,SKU_005,amazon,82,25,0,0,0,0
2024-01-15,SKU_005,amazon,358,23,0,299,0,0
2024-01-16,SKU_005,amazon,327,31,0,0,0,0
2024-01-17,SKU_005,amazon,313,14,0,0,0,0
2024-01-18,SKU_005,amazon,300,13,0,0,0,0
2024-01-19,SKU_005,amazon,276,24,0,0,0,0
2024-01-20,SKU_005,amazon,248,28,0,0,0,0
2024-01-21,SKU_005,amazon,226,22,0,0,0,0
2024-01-22,SKU_005,amazon,189,37,0,0,0,0
2024-01-23,SKU_005,amazon,171,18,0,0,0,0
2024-01-24,SKU_005,amazon,150,21,0,0,0,0
2024-01-25,SKU_005,amazon,129,21,0,0,0,0
2024-01-26,SKU_005,amazon,104,25,0,0,0,0
2024-01-27,SKU_005,amazon,69,35,0,0,0,0
2024-01-28,SKU_005,amazon,45,24,0,0,0,0
2024-01-29,SKU_005,amazon,20,25,0,0,0,0
2024-01-30,SKU_005,amazon,0,20,13,0,0,0
2024-01-31,SKU_005,amazon,0,0,16,0,0,0
2024-02-01,SKU_005,amazon,0,0,30,0,0,0
2024-02-02,SKU_005,amazon,0,0,21,0,0,0
2024-02-03,SKU_005,amazon,0,0,40,0,0,0
2024-02-04,SKU_005,amazon,0,0,39,0,0,0
2024-02-05,SKU_005,amazon,0,0,30,0,0,0
2024-02-06,SKU_005,amazon,0,0,27,0,0,0
2024-02-07,SKU_005,amazon,0,0,44,0,0,0
2024-02-08,SKU_005,amazon,219,0,13,219,0,0
2024-02-09,SKU_005,amazon,199,20,0,0,0,0
2024-02-10,SKU_005,amazon,185,14,0,0,0,0
2024-02-11,SKU_005,amazon,170,15,0,0,0,0
2024-02-12,SKU_005,amazon,146,24,0,0,0,0
2024-02-13,SKU_005,amazon,120,26,0,0,0,0
2024-02-14,SKU_005,amazon,86,34,0,0,0,0
2024-02-15,SKU_005,amazon,54,32,0,0,0,0
2024-02-16,SKU_005,amazon,29,25,0,0,1,0
2024-02-17,SKU_005,amazon,10,19,0,0,0,0
2024-02-18,SKU_005,amazon,0,10,8,0,0,0
2024-02-19,SKU_005,amazon,0,0,23,0,0,0
2024-02-20,SKU_005,amazon,0,0,18,0,0,0
2024-02-21,SKU_005,amazon,0,0,15,0,0,0
2024-02-22,SKU_005,amazon,0,0,22,0,0,0
2024-02-23,SKU_005,amazon,0,0,37,0,0,0
2024-02-24,SKU_005,amazon,0,0,35,0,0,0
2024-02-25,SKU_005,amazon,0,0,16,0,0,0
2024-02-26,SKU_005,amazon,0,0,41,0,0,0
2024-02-27,SKU_005,amazon,0,0,26,0,0,0
2024-02-28,SKU_005,amazon,0,0,21,0,0,0
2024-02-29,SKU_005,amazon,0,0,40,0,0,0
2024-03-01,SKU_005,amazon,0,0,18,0,0,0
2024-03-02,SKU_005,amazon,0,0,31,0,0,0
2024-03-03,SKU_005,amazon,0,0,17,0,1,0
2024-03-04,SKU_005,amazon,0,0,26,0,0,0
2024-03-05,SKU_005,amazon,0,0,32,0,0,0
2024-03-06,SKU_005,amazon,0,0,39,0,0,0
2024-03-07,SKU_005,amazon,0,0,22,0,0,0
2024-03-08,SKU_005,amazon,0,0,11,0,1,0
2024-03-09,SKU_005,amazon,0,0,30,0,0,0
2024-03-10,SKU_005,amazon,0,0,24,0,0,0
2024-03-11,SKU_005,amazon,0,0,20,0,1,0
2024-03-12,SKU_005,amazon,0,0,36,0,0,0
2024-03-13,SKU_005,amazon,0,0,29,0,0,0
2024-03-14,SKU_005,amazon,0,0,31,0,0,0
2024-03-15,SKU_005,amazon,0,0,36,0,0,0
2024-03-16,SKU_005,amazon,0,0,16,0,1,0
2024-03-17,SKU_005,amazon,0,0,32,0,0,0
2024-03-18,SKU_005,amazon,0,0,17,0,0,0
2024-03-19,SKU_005,amazon,0,0,30,0,0,0
2024-03-20,SKU_005,amazon,0,0,18,0,0,0
2024-03-21,SKU_005,amazon,0,0,35,0,0,0
2024-03-22,SKU_005,amazon,0,0,14,0,0,0
2024-03-23,SKU_005,amazon,0,0,43,0,0,0
2024-03-24,SKU_005,amazon,0,0,18,0,0,0
2024-03-25,SKU_005,amazon,187,0,25,187,0,0
2024-03-26,SKU_005,amazon,161,26,0,0,0,0
2024-03-27,SKU_005,amazon,118,43,0,0,0,0
2024-03-28,SKU_005,amazon,78,40,0,0,0,0
2024-03-29,SKU_005,amazon,42,36,0,0,1,0
2024-03-30,SKU_005,amazon,22,20,0,0,0,0
2024-03-31,SKU_005,amazon,0,22,16,0,0,0
2024-04-01,SKU_005,amazon,0,0,35,0,0,0
2024-04-02,SKU_005,amazon,263,0,28,263,1,0
2024-04-03,SKU_005,amazon,240,23,0,0,0,0
2024-04-04,SKU_005,amazon,215,25,0,0,0,0
2024-04-05,SKU_005,amazon,181,34,0,0,0,0
2024-04-06,SKU_005,amazon,150,31,0,0,0,0
2024-04-07,SKU_005,amazon,128,22,0,0,0,0
2024-04-08,SKU_005,amazon,103,25,0,0,0,0
2024-04-09,SKU_005,amazon,61,42,0,0,0,0
2024-04-10,SKU_005,amazon,12,49,0,0,0,0
2024-04-11,SKU_005,amazon,256,12,19,256,0,0
2024-04-12,SKU_005,amazon,219,37,0,0,0,0
2024-04-13,SKU_005,amazon,189,30,0,0,0,0
2024-04-14,SKU_005,amazon,174,15,0,0,0,0
2024-04-15,SKU_005,amazon,136,38,0,0,1,0
2024-04-16,SKU_005,amazon,106,30,0,0,0,0
2024-04-17,SKU_005,amazon,78,28,0,0,0,0
2024-04-18,SKU_005,amazon,53,25,0,0,0,0
2024-04-19,SKU_005,amazon,12,41,0,0,0,0
2024-04-20,SKU_005,amazon,226,12,10,226,0,0
2024-04-21,SKU_005,amazon,206,20,0,0,0,0
2024-04-22,SKU_005,amazon,169,37,0,0,0,0
2024-04-23,SKU_005,amazon,156,13,0,0,0,0
2024-04-24,SKU_005,amazon,140,16,0,0,0,0
2024-04-25,SKU_005,amazon,107,33,0,0,0,0
2024-04-26,SKU_005,amazon,89,18,0,0,1,0
2024-04-27,SKU_005,amazon,50,39,0,0,0,0
2024-04-28,SKU_005,amazon,26,24,0,0,0,0
2024-04-29,SKU_005,amazon,0,26,10,0,1,0
2024-04-30,SKU_005,amazon,0,0,24,0,0,0
2024-05-01,SKU_005,amazon,0,0,35,0,0,0
2024-05-02,SKU_005,amazon,0,0,33,0,0,0
2024-05-03,SKU_005,amazon,0,0,29,0,0,0
2024-05-04,SKU_005,amazon,0,0,18,0,0,0
2024-05-05,SKU_005,amazon,0,0,16,0,0,0
2024-05-06,SKU_005,amazon,0,0,19,0,0,0
2024-05-07,SKU_005,amazon,0,0,41,0,0,0
2024-05-08,SKU_005,amazon,0,0,28,0,0,0
2024-05-09,SKU_005,amazon,0,0,30,0,0,0
2024-05-10,SKU_005,amazon,0,0,18,0,0,0
2024-05-11,SKU_005,amazon,0,0,42,0,0,0
2024-05-12,SKU_005,amazon,0,0,27,0,0,0
2024-05-13,SKU_005,amazon,0,0,30,0,0,0
2024-05-14,SKU_005,amazon,0,0,19,0,0,0
2024-05-15,SKU_005,amazon,188,0,32,188,0,0
2024-05-16,SKU_005,amazon,145,43,0,0,0,0
2024-05-17,SKU_005,amazon,117,28,0,0,0,0
2024-05-18,SKU_005,amazon,99,18,0,0,0,0
2024-05-19,SKU_005,amazon,78,21,0,0,0,0
2024-05-20,SKU_005,amazon,43,35,0,0,0,0
2024-05-21,SKU_005,amazon,32,11,0,0,0,0
2024-05-22,SKU_005,amazon,2,30,0,0,0,0
2024-05-23,SKU_005,amazon,0,2,10,0,0,0
2024-05-24,SKU_005,amazon,0,0,15,0,0,0
2024-05-25,SKU_005,amazon,0,0,35,0,0,0
2024-05-26,SKU_005,amazon,0,0,25,0,0,0
2024-05-27,SKU_005,amazon,0,0,28,0,0,0
2024-05-28,SKU_005,amazon,0,0,27,0,0,0
2024-05-29,SKU_005,amazon,0,0,23,0,0,0
2024-05-30,SKU_005,amazon,0,0,24,0,1,0
2024-05-31,SKU_005,amazon,0,0,22,0,0,0
2024-06-01,SKU_005,amazon,0,0,39,0,0,0
2024-06-02,SKU_005,amazon,0,0,20,0,0,0
2024-06-03,SKU_005,amazon,0,0,36,0,0,0
2024-06-04,SKU_005,amazon,0,0,13,0,0,0
2024-06-05,SKU_005,amazon,0,0,13,0,0,0
2024-06-06,SKU_005,amazon,0,0,21,0,0,0
2024-06-07,SKU_005,amazon,228,0,26,228,0,0
2024-06-08,SKU_005,amazon,202,26,0,0,0,0
2024-06-09,SKU_005,amazon,177,25,0,0,0,0
2024-06-10,SKU_005,amazon,157,20,0,0,1,0
2024-06-11,SKU_005,amazon,125,32,0,0,0,0
2024-06-12,SKU_005,amazon,104,21,0,0,0,0
2024-06-13,SKU_005,amazon,64,40,0,0,0,0
2024-06-14,SKU_005,amazon,48,16,0,0,0,0
2024-06-15,SKU_005,amazon,25,23,0,0,0,0
2024-06-16,SKU_005,amazon,122,24,0,121,0,0
2024-06-17,SKU_005,amazon,94,28,0,0,0,0
2024-06-18,SKU_005,amazon,69,25,0,0,0,0
2024-06-19,SKU_005,amazon,31,38,0,0,0,0
2024-06-20,SKU_005,amazon,3,28,0,0,0,0
2024-06-21,SKU_005,amazon,0,3,9,0,0,0
2024-06-22,SKU_005,amazon,0,0,34,0,0,0
2024-06-23,SKU_005,amazon,0,0,22,0,0,0
2024-06-24,SKU_005,amazon,0,0,30,0,0,0
2024-06-25,SKU_005,amazon,0,0,9,0,1,0
2024-06-26,SKU_005,amazon,0,0,36,0,0,0
2024-06-27,SKU_005,amazon,0,0,37,0,0,0
2024-06-28,SKU_005,amazon,0,0,18,0,0,0
2024-06-29,SKU_005,amazon,0,0,34,0,0,0
2024-06-30,SKU_005,amazon,0,0,23,0,0,0
2024-07-01,SKU_005,amazon,0,0,35,0,0,0
2024-07-02,SKU_005,amazon,0,0,32,0,0,0
2024-07-03,SKU_005,amazon,0,0,33,0,0,0
2024-07-04,SKU_005,amazon,0,0,36,0,0,1
2024-07-05,SKU_005,amazon,0,0,29,0,1,0
2024-07-06,SKU_005,amazon,0,0,32,0,0,0
2024-07-07,SKU_005,amazon,0,0,13,0,1,0
2024-07-08,SKU_005,amazon,154,0,36,154,0,0
2024-07-09,SKU_005,amazon,289,39,0,174,0,0
2024-07-10,SKU_005,amazon,261,28,0,0,0,0
2024-07-11,SKU_005,amazon,242,19,0,0,0,0
2024-07-12,SKU_005,amazon,220,22,0,0,0,0
2024-07-13,SKU_005,amazon,198,22,0,0,0,0
2024-07-14,SKU_005,amazon,161,37,0,0,0,0
2024-07-15,SKU_005,amazon,143,18,0,0,0,0
2024-07-16,SKU_005,amazon,124,19,0,0,0,0
2024-07-17,SKU_005,amazon,99,25,0,0,0,0
2024-07-18,SKU_005,amazon,85,14,0,0,0,0
2024-07-19,SKU_005,amazon,68,17,0,0,1,0
2024-07-20,SKU_005,amazon,42,26,0,0,0,0
2024-07-21,SKU_005,amazon,18,24,0,0,0,0
2024-07-22,SKU_005,amazon,0,18,8,0,1,0
2024-07-23,SKU_005,amazon,0,0,23,0,0,0
2024-07-24,SKU_005,amazon,0,0,40,0,0,0
2024-07-25,SKU_005,amazon,0,0,37,0,1,0
2024-07-26,SKU_005,amazon,0,0,25,0,0,0
2024-07-27,SKU_005,amazon,0,0,34,0,0,0
2024-07-28,SKU_005,amazon,245,0,15,245,0,0
2024-07-29,SKU_005,amazon,222,23,0,0,0,0
2024-07-30,SKU_005,amazon,205,17,0,0,0,0
2024-07-31,SKU_005,amazon,186,19,0,0,0,0
2024-08-01,SKU_005,amazon,158,28,0,0,0,0
2024-08-02,SKU_005,amazon,141,17,0,0,0,0
2024-08-03,SKU_005,amazon,95,46,0,0,0,0
2024-08-04,SKU_005,amazon,65,30,0,0,0,0
2024-08-05,SKU_005,amazon,36,29,0,0,0,0
2024-08-06,SKU_005,amazon,6,30,0,0,0,0
2024-08-07,SKU_005,amazon,0,6,37,0,0,0
2024-08-08,SKU_005,amazon,0,0,36,0,0,0
2024-08-09,SKU_005,amazon,0,0,17,0,0,0
2024-08-10,SKU_005,amazon,0,0,39,0,1,0
2024-08-11,SKU_005,amazon,0,0,35,0,0,0
2024-08-12,SKU_005,amazon,109,0,16,109,0,0
2024-08-13,SKU_005,amazon,91,18,0,0,0,0
2024-08-14,SKU_005,amazon,247,22,0,178,0,0
2024-08-15,SKU_005,amazon,216,31,0,0,1,0
2024-08-16,SKU_005,amazon,187,29,0,0,0,0
2024-08-17,SKU_005,amazon,145,42,0,0,0,0
2024-08-18,SKU_005,amazon,135,10,0,0,0,0
2024-08-19,SKU_005,amazon,112,23,0,0,0,0
2024-08-20,SKU_005,amazon,98,14,0,0,0,0
2024-08-21,SKU_005,amazon,83,15,0,0,0,0
2024-08-22,SKU_005,amazon,46,37,0,0,0,0
2024-08-23,SKU_005,amazon,33,13,0,0,0,0
2024-08-24,SKU_005,amazon,9,24,0,0,0,0
2024-08-25,SKU_005,amazon,0,9,11,0,0,0
2024-08-26,SKU_005,amazon,0,0,13,0,0,0
2024-08-27,SKU_005,amazon,0,0,31,0,0,0
2024-08-28,SKU_005,amazon,0,0,41,0,0,0
2024-08-29,SKU_005,amazon,0,0,27,0,0,0
2024-08-30,SKU_005,amazon,0,0,28,0,0,0
2024-08-31,SKU_005,amazon,0,0,43,0,0,0
2024-09-01,SKU_005,amazon,0,0,29,0,0,0
2024-09-02,SKU_005,amazon,0,0,20,0,0,0
2024-09-03,SKU_005,amazon,0,0,19,0,0,0
2024-09-04,SKU_005,amazon,0,0,17,0,0,0
2024-09-05,SKU_005,amazon,0,0,33,0,0,0
2024-09-06,SKU_005,amazon,0,0,41,0,0,0
2024-09-07,SKU_005,amazon,0,0,16,0,1,0
2024-09-08,SKU_005,amazon,0,0,28,0,0,0
2024-09-09,SKU_005,amazon,0,0,21,0,0,0
2024-09-10,SKU_005,amazon,0,0,23,0,0,0
2024-09-11,SKU_005,amazon,0,0,16,0,0,0
2024-09-12,SKU_005,amazon,0,0,43,0,0,0
2024-09-13,SKU_005,amazon,0,0,44,0,0,0
2024-09-14,SKU_005,amazon,0,0,13,0,0,0
2024-09-15,SKU_005,amazon,0,0,40,0,0,0
2024-09-16,SKU_005,amazon,0,0,36,0,0,0
2024-09-17,SKU_005,amazon,0,0,18,0,0,0
2024-09-18,SKU_005,amazon,0,0,20,0,0,0
2024-09-19,SKU_005,amazon,0,0,33,0,0,0
2024-09-20,SKU_005,amazon,0,0,39,0,0,0
2024-09-21,SKU_005,amazon,0,0,35,0,0,0
2024-09-22,SKU_005,amazon,0,0,29,0,1,0
2024-09-23,SKU_005,amazon,0,0,19,0,0,0
2024-09-24,SKU_005,amazon,0,0,20,0,1,0
2024-09-25,SKU_005,amazon,0,0,17,0,0,0
2024-09-26,SKU_005,amazon,0,0,45,0,0,0
2024-09-27,SKU_005,amazon,0,0,34,0,0,0
2024-09-28,SKU_005,amazon,0,0,41,0,1,0
2024-09-29,SKU_005,amazon,0,0,20,0,0,0
2024-09-30,SKU_005,amazon,0,0,23,0,0,0
2024-10-01,SKU_005,amazon,0,0,38,0,0,0
2024-10-02,SKU_005,amazon,0,0,15,0,0,0
2024-10-03,SKU_005,amazon,119,0,22,119,0,0
2024-10-04,SKU_005,amazon,100,19,0,0,0,0
2024-10-05,SKU_005,amazon,66,34,0,0,0,0
2024-10-06,SKU_005,amazon,22,44,0,0,0,0
2024-10-07,SKU_005,amazon,0,22,6,0,0,0
2024-10-08,SKU_005,amazon,0,0,17,0,0,0
2024-10-09,SKU_005,amazon,0,0,19,0,1,0
2024-10-10,SKU_005,amazon,0,0,25,0,0,0
2024-10-11,SKU_005,amazon,0,0,22,0,0,0
2024-10-12,SKU_005,amazon,0,0,22,0,0,0
2024-10-13,SKU_005,amazon,0,0,21,0,0,0
2024-10-14,SKU_005,amazon,0,0,20,0,1,0
2024-10-15,SKU_005,amazon,0,0,30,0,0,0
2024-10-16,SKU_005,amazon,0,0,26,0,0,0
2024-10-17,SKU_005,amazon,0,0,31,0,1,0
2024-10-18,SKU_005,amazon,0,0,8,0,0,0
2024-10-19,SKU_005,amazon,0,0,27,0,1,0
2024-10-20,SKU_005,amazon,0,0,14,0,0,0
2024-10-21,SKU_005,amazon,0,0,43,0,0,0
2024-10-22,SKU_005,amazon,0,0,21,0,0,0
2024-10-23,SKU_005,amazon,0,0,28,0,0,0
2024-10-24,SKU_005,amazon,0,0,22,0,1,0
2024-10-25,SKU_005,amazon,0,0,43,0,0,0
2024-10-26,SKU_005,amazon,0,0,29,0,0,0
2024-10-27,SKU_005,amazon,0,0,23,0,0,0
2024-10-28,SKU_005,amazon,0,0,33,0,0,0
2024-10-29,SKU_005,amazon,0,0,17,0,0,0
2024-10-30,SKU_005,amazon,0,0,21,0,0,0
2024-10-31,SKU_005,amazon,0,0,25,0,0,0
2024-11-01,SKU_005,amazon,111,0,18,111,0,0
2024-11-02,SKU_005,amazon,99,12,0,0,0,0
2024-11-03,SKU_005,amazon,78,21,0,0,0,0
2024-11-04,SKU_005,amazon,38,40,0,0,0,0
2024-11-05,SKU_005,amazon,200,23,0,185,0,0
2024-11-06,SKU_005,amazon,168,32,0,0,0,0
2024-11-07,SKU_005,amazon,141,27,0,0,1,0
2024-11-08,SKU_005,amazon,124,17,0,0,0,0
2024-11-09,SKU_005,amazon,77,47,0,0,0,0
2024-11-10,SKU_005,amazon,48,29,0,0,0,0
2024-11-11,SKU_005,amazon,30,18,0,0,0,0
2024-11-12,SKU_005,amazon,2,28,0,0,1,0
2024-11-13,SKU_005,amazon,0,2,17,0,0,0
2024-11-14,SKU_005,amazon,0,0,26,0,0,0
2024-11-15,SKU_005,amazon,0,0,19,0,0,0
2024-11-16,SKU_005,amazon,0,0,26,0,0,0
2024-11-17,SKU_005,amazon,0,0,20,0,0,0
2024-11-18,SKU_005,amazon,0,0,13,0,0,0
2024-11-19,SKU_005,amazon,0,0,16,0,0,0
2024-11-20,SKU_005,amazon,0,0,12,0,1,0
2024-11-21,SKU_005,amazon,0,0,34,0,0,0
2024-11-22,SKU_005,amazon,0,0,26,0,0,0
2024-11-23,SKU_005,amazon,0,0,29,0,0,0
2024-11-24,SKU_005,amazon,274,0,32,274,0,0
2024-11-25,SKU_005,amazon,379,37,0,142,0,0
2024-11-26,SKU_005,amazon,354,25,0,0,0,0
2024-11-27,SKU_005,amazon,324,30,0,0,0,0
2024-11-28,SKU_005,amazon,314,10,0,0,0,1
2024-11-29,SKU_005,amazon,299,15,0,0,0,0
2024-11-30,SKU_005,amazon,268,31,0,0,0,0
2024-12-01,SKU_005,amazon,232,36,0,0,0,0
2024-12-02,SKU_005,amazon,200,32,0,0,0,0
2024-12-03,SKU_005,amazon,164,36,0,0,0,0
2024-12-04,SKU_005,amazon,132,32,0,0,0,0
2024-12-05,SKU_005,amazon,98,34,0,0,1,0
2024-12-06,SKU_005,amazon,58,40,0,0,1,0
2024-12-07,SKU_005,amazon,23,35,0,0,0,0
2024-12-08,SKU_005,amazon,0,23,10,0,0,0
2024-12-09,SKU_005,amazon,0,0,28,0,0,0
2024-12-10,SKU_005,amazon,0,0,30,0,0,0
2024-12-11,SKU_005,amazon,0,0,38,0,0,0
2024-12-12,SKU_005,amazon,0,0,40,0,0,0
2024-12-13,SKU_005,amazon,0,0,15,0,1,0
2024-12-14,SKU_005,amazon,0,0,32,0,0,0
2024-12-15,SKU_005,amazon,0,0,33,0,0,0
2024-12-16,SKU_005,amazon,0,0,26,0,0,0
2024-12-17,SKU_005,amazon,0,0,34,0,0,0
2024-12-18,SKU_005,amazon,0,0,22,0,0,0
2024-12-19,SKU_005,amazon,0,0,29,0,0,0
2024-12-20,SKU_005,amazon,0,0,21,0,1,0
2024-12-21,SKU_005,amazon,0,0,24,0,0,0
2024-12-22,SKU_005,amazon,0,0,27,0,0,0
2024-12-23,SKU_005,amazon,0,0,18,0,0,0
2024-12-24,SKU_005,amazon,0,0,34,0,0,0
2024-12-25,SKU_005,amazon,0,0,30,0,0,1
2024-12-26,SKU_005,amazon,0,0,22,0,0,0
2024-12-27,SKU_005,amazon,0,0,17,0,0,0
2024-12-28,SKU_005,amazon,0,0,21,0,0,0
2024-12-29,SKU_005,amazon,0,0,32,0,0,0
2024-12-30,SKU_005,amazon,0,0,17,0,0,0
2024-12-31,SKU_005,amazon,0,0,22,0,0,0
